 8月 05 18:05:40 macbookair2015 com.discordapp.Discord.desktop[153128]: 18:05:40.599 › The resource https://discord.com/assets/189422196a4f8b53.woff2 was preloaded using link preload but not used within a few seconds from the window's load event. Please make sure it has an appropriate `as` value and it is preloaded intentionally.
 8月 05 18:05:40 macbookair2015 com.discordapp.Discord.desktop[153128]: 18:05:40.601 › The resource https://discord.com/assets/ce3b8055f5114434.woff2 was preloaded using link preload but not used within a few seconds from the window's load event. Please make sure it has an appropriate `as` value and it is preloaded intentionally.
 8月 05 18:05:40 macbookair2015 com.discordapp.Discord.desktop[153128]: 18:05:40.602 › The resource https://discord.com/assets/cb2006dbced0e246.woff2 was preloaded using link preload but not used within a few seconds from the window's load event. Please make sure it has an appropriate `as` value and it is preloaded intentionally.
 8月 05 18:05:40 macbookair2015 com.discordapp.Discord.desktop[153128]: 18:05:40.603 › The resource https://discord.com/assets/7a6a566c2e88a35d.woff2 was preloaded using link preload but not used within a few seconds from the window's load event. Please make sure it has an appropriate `as` value and it is preloaded intentionally.
 8月 05 18:05:40 macbookair2015 com.discordapp.Discord.desktop[153128]: 18:05:40.604 › The resource https://discord.com/assets/e52f0cba712e2fb4.woff2 was preloaded using link preload but not used within a few seconds from the window's load event. Please make sure it has an appropriate `as` value and it is preloaded intentionally.
 8月 05 18:05:40 macbookair2015 com.discordapp.Discord.desktop[153128]: 18:05:40.604 › The resource https://discord.com/assets/dd24010f3cf7def7.woff2 was preloaded using link preload but not used within a few seconds from the window's load event. Please make sure it has an appropriate `as` value and it is preloaded intentionally.
 8月 05 18:05:45 macbookair2015 com.discordapp.Discord.desktop[153128]: 18:05:45.347 › The resource https://discord.com/assets/189422196a4f8b53.woff2 was preloaded using link preload but not used within a few seconds from the window's load event. Please make sure it has an appropriate `as` value and it is preloaded intentionally.
 8月 05 18:05:45 macbookair2015 com.discordapp.Discord.desktop[153128]: 18:05:45.348 › The resource https://discord.com/assets/ce3b8055f5114434.woff2 was preloaded using link preload but not used within a few seconds from the window's load event. Please make sure it has an appropriate `as` value and it is preloaded intentionally.
 8月 05 18:05:45 macbookair2015 com.discordapp.Discord.desktop[153128]: 18:05:45.348 › The resource https://discord.com/assets/cb2006dbced0e246.woff2 was preloaded using link preload but not used within a few seconds from the window's load event. Please make sure it has an appropriate `as` value and it is preloaded intentionally.
 8月 05 18:05:45 macbookair2015 com.discordapp.Discord.desktop[153128]: 18:05:45.349 › The resource https://discord.com/assets/7a6a566c2e88a35d.woff2 was preloaded using link preload but not used within a few seconds from the window's load event. Please make sure it has an appropriate `as` value and it is preloaded intentionally.
 8月 05 18:05:45 macbookair2015 com.discordapp.Discord.desktop[153128]: 18:05:45.349 › The resource https://discord.com/assets/e52f0cba712e2fb4.woff2 was preloaded using link preload but not used within a few seconds from the window's load event. Please make sure it has an appropriate `as` value and it is preloaded intentionally.
 8月 05 18:05:45 macbookair2015 com.discordapp.Discord.desktop[153128]: 18:05:45.350 › The resource https://discord.com/assets/dd24010f3cf7def7.woff2 was preloaded using link preload but not used within a few seconds from the window's load event. Please make sure it has an appropriate `as` value and it is preloaded intentionally.
 8月 05 18:06:13 macbookair2015 kernel: usb 1-1: USB disconnect, device number 8
 8月 05 18:06:13 macbookair2015 kernel: pl2303 ttyUSB0: pl2303 converter now disconnected from ttyUSB0
 8月 05 18:06:13 macbookair2015 kernel: pl2303 1-1:1.0: device disconnected
 8月 05 18:06:13 macbookair2015 ModemManager[894]: <msg> [base-manager] port ttyUSB0 released by device '/sys/devices/pci0000:00/0000:00:14.0/usb1/1-1'
 8月 05 18:06:17 macbookair2015 systemd-logind[789]: Lid closed.
 8月 05 18:06:17 macbookair2015 systemd-logind[789]: Requested suspend-then-hibernate operation is not supported, using regular suspend instead.
 8月 05 18:06:17 macbookair2015 systemd-logind[789]: Suspending...
 8月 05 18:06:17 macbookair2015 ModemManager[894]: <msg> [sleep-monitor-systemd] system is about to suspend
 8月 05 18:06:17 macbookair2015 NetworkManager[844]: <info>  [1785920777.2939] manager: sleep: sleep requested (sleeping: no  enabled: yes)
 8月 05 18:06:17 macbookair2015 NetworkManager[844]: <info>  [1785920777.2950] device (CC:60:23:AF:2C:60): state change: disconnected -> unmanaged (reason 'unmanaged-sleeping', managed-type: 'full')
 8月 05 18:06:17 macbookair2015 systemd-logind[789]: Requested suspend-then-hibernate operation is not supported, using regular suspend instead.
 8月 05 18:06:17 macbookair2015 NetworkManager[844]: <info>  [1785920777.3036] device (34:42:62:16:03:F6): state change: disconnected -> unmanaged (reason 'unmanaged-sleeping', managed-type: 'full')
 8月 05 18:06:17 macbookair2015 systemd-logind[789]: Requested suspend-then-hibernate operation is not supported, using regular suspend instead.
 8月 05 18:06:17 macbookair2015 NetworkManager[844]: <info>  [1785920777.3101] manager: NetworkManager state is now ASLEEP
 8月 05 18:06:17 macbookair2015 NetworkManager[844]: <info>  [1785920777.3113] device (wlp3s0): state change: activated -> deactivating (reason 'sleeping', managed-type: 'full')
 8月 05 18:06:17 macbookair2015 dbus-daemon[763]: [system] Activating via systemd: service name='org.freedesktop.nm_dispatcher' unit='dbus-org.freedesktop.nm-dispatcher.service' requested by ':1.11' (uid=0 pid=844 comm="/usr/sbin/NetworkManager --no-daemon")
 8月 05 18:06:17 macbookair2015 systemd[1]: Starting NetworkManager-dispatcher.service - Network Manager Script Dispatcher Service...
 8月 05 18:06:17 macbookair2015 dbus-daemon[763]: [system] Successfully activated service 'org.freedesktop.nm_dispatcher'
 8月 05 18:06:17 macbookair2015 systemd[1]: Started NetworkManager-dispatcher.service - Network Manager Script Dispatcher Service.
 8月 05 18:06:17 macbookair2015 wpa_supplicant[846]: wlp3s0: CTRL-EVENT-DISCONNECTED bssid=30:de:4b:4a:0e:1d reason=3 locally_generated=1
 8月 05 18:06:17 macbookair2015 wpa_supplicant[846]: wlp3s0: CTRL-EVENT-DSCP-POLICY clear_all
 8月 05 18:06:17 macbookair2015 NetworkManager[844]: <info>  [1785920777.4151] device (wlp3s0): state change: deactivating -> disconnected (reason 'sleeping', managed-type: 'full')
 8月 05 18:06:17 macbookair2015 NetworkManager[844]: <info>  [1785920777.4170] dhcp4 (wlp3s0): canceled DHCP transaction
 8月 05 18:06:17 macbookair2015 NetworkManager[844]: <info>  [1785920777.4171] dhcp4 (wlp3s0): activation: beginning transaction (timeout in 45 seconds)
 8月 05 18:06:17 macbookair2015 avahi-daemon[740]: Withdrawing address record for fe80::2f85:d1b9:6507:946e on wlp3s0.
 8月 05 18:06:17 macbookair2015 NetworkManager[844]: <info>  [1785920777.4172] dhcp4 (wlp3s0): state changed no lease
 8月 05 18:06:17 macbookair2015 avahi-daemon[740]: Leaving mDNS multicast group on interface wlp3s0.IPv6 with address fe80::2f85:d1b9:6507:946e.
 8月 05 18:06:17 macbookair2015 avahi-daemon[740]: Interface wlp3s0.IPv6 no longer relevant for mDNS.
 8月 05 18:06:17 macbookair2015 avahi-daemon[740]: Withdrawing address record for 192.168.39.146 on wlp3s0.
 8月 05 18:06:17 macbookair2015 avahi-daemon[740]: Leaving mDNS multicast group on interface wlp3s0.IPv4 with address 192.168.39.146.
 8月 05 18:06:17 macbookair2015 com.discordapp.Discord.desktop[153128]: 18:06:17.427 › [GatewaySocket] Performing an expedited heartbeat reason: network detected offline.
 8月 05 18:06:17 macbookair2015 wpa_supplicant[846]: ioctl[SIOCSIWSCAN]: Device or resource busy
 8月 05 18:06:17 macbookair2015 wpa_supplicant[846]: wlp3s0: CTRL-EVENT-SCAN-FAILED ret=-1
 8月 05 18:06:17 macbookair2015 avahi-daemon[740]: Interface wlp3s0.IPv4 no longer relevant for mDNS.
 8月 05 18:06:17 macbookair2015 wpa_supplicant[846]: Ignore unexpected EVENT_ASSOC in disconnected state
 8月 05 18:06:17 macbookair2015 NetworkManager[844]: <info>  [1785920777.5211] device (wlp3s0): supplicant interface state: completed -> disconnected
 8月 05 18:06:17 macbookair2015 kernel: ------------[ cut here ]------------
 8月 05 18:06:17 macbookair2015 kernel: WARNING: CPU: 2 PID: 427364 at net/wireless/sme.c:848 __cfg80211_connect_result+0x8be/0x8d0 [cfg80211]
 8月 05 18:06:17 macbookair2015 kernel: Modules linked in: pl2303 usbserial wl(POE) cfg80211 authenc echainiv geniv crypto_null esp4 xfrm_interface xfrm6_tunnel tunnel6 tunnel4 twofish_generic twofish_avx_x86_64 twofish_x86_64_3way twofish_x86_64 twofish_common serpent_avx2 serpent_avx_x86_64 serpent_sse2_x86_64 serpent_generic blowfish_generic blowfish_x86_64 blowfish_common cast5_avx_x86_64 cast5_generic cast_common des3_ede_x86_64 des_generic libdes camellia_generic camellia_aesni_avx2 camellia_aesni_avx_x86_64 camellia_x86_64 xcbc md4 facetimehd(OE) videobuf2_dma_sg videobuf2_v4l2 xfrm_user xfrm_algo snd_seq_dummy snd_hrtimer snd_seq snd_seq_device qrtr rfcomm cmac intel_rapl_msr algif_hash intel_rapl_common algif_skcipher x86_pkg_temp_thermal af_alg bnep intel_powerclamp coretemp kvm_intel kvm irqbypass crct10dif_pclmul ghash_clmulni_intel sha512_ssse3 sha256_ssse3 sha1_ssse3 snd_hda_codec_cirrus aesni_intel snd_hda_codec_generic snd_hda_codec_hdmi gf128mul snd_hda_intel crypto_simd btusb cryptd snd_intel_dspcfg btrtl btintel
 8月 05 18:06:17 macbookair2015 kernel:  snd_intel_sdw_acpi rapl mei_pxp mei_hdcp binfmt_misc joydev snd_hda_codec intel_cstate applesmc videobuf2_memops btbcm nls_ascii snd_hda_core intel_uncore btmtk videodev pcspkr nls_cp437 bluetooth snd_hwdep vfat snd_pcm videobuf2_common fat intel_pch_thermal mei_me mc mei ecdh_generic bcm5974 snd_timer acpi_als rfkill industrialio_triggered_buffer snd kfifo_buf sbs soundcore industrialio sbshc ac sg apple_mfi_fastcharge evdev uinput msr parport_pc ppdev lp parport efi_pstore configfs nfnetlink efivarfs ip_tables x_tables autofs4 ext4 crc16 mbcache jbd2 crc32c_generic hid_apple hid_generic usbhid sd_mod hid i915 drm_buddy i2c_algo_bit drm_display_helper ahci libahci libata cec thunderbolt rc_core ttm iTCO_wdt intel_pmc_bxt drm_kms_helper iTCO_vendor_support xhci_pci scsi_mod watchdog xhci_hcd drm scsi_common lpc_ich i2c_i801 usbcore crc32_pclmul crc32c_intel i2c_smbus spi_pxa2xx_pci dw_dmac_pci spi_pxa2xx_platform usb_common dw_dmac dw_dmac_core video spi_pxa2xx_core wmi button [last unloaded: cfg80211]
 8月 05 18:06:17 macbookair2015 kernel: CPU: 2 UID: 0 PID: 427364 Comm: kworker/u16:2 Tainted: P        W  OE      6.12.95+deb13-amd64 #1  Debian 6.12.95-1
 8月 05 18:06:17 macbookair2015 kernel: Tainted: [P]=PROPRIETARY_MODULE, [W]=WARN, [O]=OOT_MODULE, [E]=UNSIGNED_MODULE
 8月 05 18:06:17 macbookair2015 kernel: Hardware name: Apple Inc. MacBookAir7,1/Mac-9F18E312C5C2BF0B, BIOS MBA71.88Z.0166.B13.1611031424 11/03/2016
 8月 05 18:06:17 macbookair2015 kernel: Workqueue: cfg80211 cfg80211_event_work [cfg80211]
 8月 05 18:06:17 macbookair2015 kernel: RIP: 0010:__cfg80211_connect_result+0x8be/0x8d0 [cfg80211]
 8月 05 18:06:17 macbookair2015 kernel: Code: ff e8 86 cd e7 c9 45 31 ed 0f b7 d0 e9 a2 f8 ff ff 0f b7 f0 e9 be fd ff ff 4c 89 e7 e8 0b e0 ff ff 83 3b 00 0f 85 44 fe ff ff <0f> 0b 48 89 de 4c 89 e7 e8 05 df ff ff e9 0a fb ff ff 90 90 90 90
 8月 05 18:06:17 macbookair2015 kernel: RSP: 0018:ffffd33c0d1fbda0 EFLAGS: 00010246
 8月 05 18:06:17 macbookair2015 kernel: RAX: 0000000000000000 RBX: ffff8f4a7642ac18 RCX: 0000000000000000
 8月 05 18:06:17 macbookair2015 kernel: RDX: 0000000000000000 RSI: 00000000fffffe00 RDI: ffff8f4a20ec8000
 8月 05 18:06:17 macbookair2015 kernel: RBP: ffffd33c0d1fbdf0 R08: 0000000000000000 R09: 0000000000000000
 8月 05 18:06:17 macbookair2015 kernel: R10: ffff8f4a3dad80c0 R11: 0000000000000000 R12: ffff8f4a20ec8000
 8月 05 18:06:17 macbookair2015 kernel: R13: 0000000000000000 R14: ffff8f4a7642afd5 R15: ffff8f4a7642ac18
 8月 05 18:06:17 macbookair2015 kernel: FS:  0000000000000000(0000) GS:ffff8f4b6ad00000(0000) knlGS:0000000000000000
 8月 05 18:06:17 macbookair2015 kernel: CS:  0010 DS: 0000 ES: 0000 CR0: 0000000080050033
 8月 05 18:06:17 macbookair2015 kernel: CR2: 00007fe27989d1b0 CR3: 0000000109792003 CR4: 00000000003726f0
 8月 05 18:06:17 macbookair2015 kernel: Call Trace:
 8月 05 18:06:17 macbookair2015 kernel:  <TASK>
 8月 05 18:06:17 macbookair2015 kernel:  ? cfg80211_process_wdev_events+0x89/0x1a0 [cfg80211]
 8月 05 18:06:17 macbookair2015 kernel:  cfg80211_process_wdev_events+0x89/0x1a0 [cfg80211]
 8月 05 18:06:17 macbookair2015 kernel:  cfg80211_process_rdev_events+0x2a/0x40 [cfg80211]
 8月 05 18:06:17 macbookair2015 kernel:  cfg80211_event_work+0x29/0x40 [cfg80211]
 8月 05 18:06:17 macbookair2015 kernel:  process_one_work+0x177/0x330
 8月 05 18:06:17 macbookair2015 kernel:  worker_thread+0x191/0x2f0
 8月 05 18:06:17 macbookair2015 kernel:  ? __pfx_worker_thread+0x10/0x10
 8月 05 18:06:17 macbookair2015 kernel:  kthread+0xd2/0x100
 8月 05 18:06:17 macbookair2015 kernel:  ? __pfx_kthread+0x10/0x10
 8月 05 18:06:17 macbookair2015 kernel:  ret_from_fork+0x34/0x50
 8月 05 18:06:17 macbookair2015 kernel:  ? __pfx_kthread+0x10/0x10
 8月 05 18:06:17 macbookair2015 kernel:  ret_from_fork_asm+0x1a/0x30
 8月 05 18:06:17 macbookair2015 kernel:  </TASK>
 8月 05 18:06:17 macbookair2015 kernel: ---[ end trace 0000000000000000 ]---
 8月 05 18:06:17 macbookair2015 NetworkManager[844]: <info>  [1785920777.5231] device (wlp3s0): state change: disconnected -> unmanaged (reason 'unmanaged-sleeping', managed-type: 'full')
 8月 05 18:06:17 macbookair2015 wpa_supplicant[846]: wlp3s0: CTRL-EVENT-DSCP-POLICY clear_all
 8月 05 18:06:17 macbookair2015 wpa_supplicant[846]: wlp3s0: CTRL-EVENT-DSCP-POLICY clear_all
 8月 05 18:06:18 macbookair2015 gnome-shell[99037]: Cursor update failed: drmModeAtomicCommit: 無効な引数です
 8月 05 18:06:18 macbookair2015 systemd[1]: Reached target sleep.target - Sleep.
 8月 05 18:06:18 macbookair2015 systemd[1]: Starting systemd-suspend.service - System Suspend...
 8月 05 18:06:18 macbookair2015 systemd[1]: session-1703.scope: Unit now frozen-by-parent.
 8月 05 18:06:18 macbookair2015 systemd[1]: user.slice: Unit now frozen.
 8月 05 18:06:18 macbookair2015 systemd[1]: user-1000.slice: Unit now frozen-by-parent.
 8月 05 18:06:18 macbookair2015 systemd-sleep[431941]: Successfully froze unit 'user.slice'.
 8月 05 18:06:18 macbookair2015 systemd[1]: user@1000.service: Unit now frozen-by-parent.
 8月 05 18:06:18 macbookair2015 kbd-backlight-sleep[431966]: pre/suspend: saved=0 set->0
 8月 05 18:06:18 macbookair2015 snapshot-only[431999]: [PRE] bnep_rx=0 bnep_tx=0
 8月 05 18:06:18 macbookair2015 NetworkManager[844]: <info>  [1785920778.9940] radio killswitch /sys/devices/pci0000:00/0000:00:1c.2/0000:03:00.0/ieee80211/phy0/rfkill40 disappeared
 8月 05 18:06:18 macbookair2015 systemd[1]: Starting systemd-rfkill.service - Load/Save RF Kill Switch Status...
 8月 05 18:06:19 macbookair2015 snapshot-only[432037]: [PRE] kbnepd_session=NOT FOUND
 8月 05 18:06:19 macbookair2015 snapshot-only[432044]: [PRE] bnep_netdev=MISSING
 8月 05 18:06:19 macbookair2015 snapshot-only[432055]: [PRE] xfrm_state=0 xfrm_policy=0
 8月 05 18:06:19 macbookair2015 systemd[1]: Started systemd-rfkill.service - Load/Save RF Kill Switch Status.
 8月 05 18:06:19 macbookair2015 snapshot-only[432065]: [PRE] ping_running=NO
 8月 05 18:06:19 macbookair2015 snapshot-only[432102]: [PRE] wl_loaded=NO cfg80211_loaded=YES wlp3s0_present=NO
 8月 05 18:06:19 macbookair2015 70-h4-probe[432237]: phase=pre target=suspend mode=beta file=/var/log/h4-probe/1785920778.pre
 8月 05 18:06:19 macbookair2015 systemd-sleep[431941]: Performing sleep operation 'suspend'...
 8月 05 18:06:19 macbookair2015 kernel: PM: suspend entry (deep)
 8月 05 18:06:19 macbookair2015 kernel: Filesystems sync: 0.010 seconds
 8月 05 18:09:31 macbookair2015 kernel: Freezing user space processes
 8月 05 18:09:31 macbookair2015 kernel: Freezing user space processes completed (elapsed 0.004 seconds)
 8月 05 18:09:31 macbookair2015 kernel: OOM killer disabled.
 8月 05 18:09:31 macbookair2015 kernel: Freezing remaining freezable tasks
 8月 05 18:09:31 macbookair2015 kernel: Freezing remaining freezable tasks completed (elapsed 0.001 seconds)
 8月 05 18:09:31 macbookair2015 kernel: input input15: PM: calling input_dev_suspend @ 431941, parent: none
 8月 05 18:09:31 macbookair2015 kernel: input input15: PM: input_dev_suspend returned 0 after 0 usecs
 8月 05 18:09:31 macbookair2015 kernel: intel_rapl_msr intel_rapl_msr.0: PM: calling platform_pm_suspend @ 431941, parent: platform
 8月 05 18:09:31 macbookair2015 kernel: intel_rapl_msr intel_rapl_msr.0: PM: platform_pm_suspend returned 0 after 0 usecs
 8月 05 18:09:31 macbookair2015 kernel: platform coretemp.0: PM: calling platform_pm_suspend @ 431941, parent: platform
 8月 05 18:09:31 macbookair2015 kernel: platform coretemp.0: PM: platform_pm_suspend returned 0 after 0 usecs
 8月 05 18:09:31 macbookair2015 kernel: input input14: PM: calling input_dev_suspend @ 431941, parent: card0
 8月 05 18:09:31 macbookair2015 kernel: input input14: PM: input_dev_suspend returned 0 after 0 usecs
 8月 05 18:09:31 macbookair2015 kernel: input input13: PM: calling input_dev_suspend @ 431941, parent: card0
 8月 05 18:09:31 macbookair2015 kernel: input input13: PM: input_dev_suspend returned 0 after 0 usecs
 8月 05 18:09:31 macbookair2015 kernel: input input11: PM: calling input_dev_suspend @ 431941, parent: card1
 8月 05 18:09:31 macbookair2015 kernel: input input11: PM: input_dev_suspend returned 0 after 0 usecs
 8月 05 18:09:31 macbookair2015 kernel: input input12: PM: calling input_dev_suspend @ 431941, parent: card0
 8月 05 18:09:31 macbookair2015 kernel: input input12: PM: input_dev_suspend returned 0 after 0 usecs
 8月 05 18:09:31 macbookair2015 kernel: sound pcmC0D8p: PM: calling do_pcm_suspend [snd_pcm] @ 431941, parent: card0
 8月 05 18:09:31 macbookair2015 kernel: sound pcmC0D8p: PM: do_pcm_suspend [snd_pcm] returned 0 after 1 usecs
 8月 05 18:09:31 macbookair2015 kernel: sound pcmC0D7p: PM: calling do_pcm_suspend [snd_pcm] @ 431941, parent: card0
 8月 05 18:09:31 macbookair2015 kernel: sound pcmC0D7p: PM: do_pcm_suspend [snd_pcm] returned 0 after 0 usecs
 8月 05 18:09:31 macbookair2015 kernel: sound pcmC0D3p: PM: calling do_pcm_suspend [snd_pcm] @ 431941, parent: card0
 8月 05 18:09:31 macbookair2015 kernel: sound pcmC0D3p: PM: do_pcm_suspend [snd_pcm] returned 0 after 0 usecs
 8月 05 18:09:31 macbookair2015 kernel: input input10: PM: calling input_dev_suspend @ 431941, parent: card1
 8月 05 18:09:31 macbookair2015 kernel: input input10: PM: input_dev_suspend returned 0 after 0 usecs
 8月 05 18:09:31 macbookair2015 kernel: sound pcmC1D0c: PM: calling do_pcm_suspend [snd_pcm] @ 431941, parent: card1
 8月 05 18:09:31 macbookair2015 kernel: sound pcmC1D0c: PM: do_pcm_suspend [snd_pcm] returned 0 after 0 usecs
 8月 05 18:09:31 macbookair2015 kernel: sound pcmC1D0p: PM: calling do_pcm_suspend [snd_pcm] @ 431941, parent: card1
 8月 05 18:09:31 macbookair2015 kernel: sound pcmC1D0p: PM: do_pcm_suspend [snd_pcm] returned 0 after 0 usecs
 8月 05 18:09:31 macbookair2015 kernel: leds smc::kbd_backlight: PM: calling led_suspend @ 431941, parent: applesmc.768
 8月 05 18:09:31 macbookair2015 kernel: leds smc::kbd_backlight: PM: led_suspend returned 0 after 0 usecs
 8月 05 18:09:31 macbookair2015 kernel: rfkill rfkill0: PM: calling rfkill_suspend [rfkill] @ 431941, parent: hci0
 8月 05 18:09:31 macbookair2015 kernel: snd_hda_intel 0000:00:03.0: PM: calling pci_pm_suspend @ 427364, parent: pci0000:00
 8月 05 18:09:31 macbookair2015 kernel: rfkill rfkill0: PM: rfkill_suspend [rfkill] returned 0 after 1 usecs
 8月 05 18:09:31 macbookair2015 kernel: applesmc applesmc.768: PM: calling platform_pm_suspend @ 431941, parent: platform
 8月 05 18:09:31 macbookair2015 kernel: applesmc applesmc.768: PM: platform_pm_suspend returned 0 after 0 usecs
 8月 05 18:09:31 macbookair2015 kernel: input input9: PM: calling input_dev_suspend @ 431941, parent: pcspkr
 8月 05 18:09:31 macbookair2015 kernel: input input9: PM: input_dev_suspend returned 0 after 0 usecs
 8月 05 18:09:31 macbookair2015 kernel: input input8: PM: calling input_dev_suspend @ 431941, parent: 1-5:1.2
 8月 05 18:09:31 macbookair2015 kernel: input input8: PM: input_dev_suspend returned 0 after 0 usecs
 8月 05 18:09:31 macbookair2015 kernel: leds input7::kana: PM: calling led_suspend @ 431941, parent: input7
 8月 05 18:09:31 macbookair2015 kernel: leds input7::kana: PM: led_suspend returned 0 after 0 usecs
 8月 05 18:09:31 macbookair2015 kernel: leds input7::compose: PM: calling led_suspend @ 431941, parent: input7
 8月 05 18:09:31 macbookair2015 kernel: leds input7::compose: PM: led_suspend returned 0 after 0 usecs
 8月 05 18:09:31 macbookair2015 kernel: leds input7::scrolllock: PM: calling led_suspend @ 431941, parent: input7
 8月 05 18:09:31 macbookair2015 kernel: leds input7::scrolllock: PM: led_suspend returned 0 after 0 usecs
 8月 05 18:09:31 macbookair2015 kernel: leds input7::capslock: PM: calling led_suspend @ 431941, parent: input7
 8月 05 18:09:31 macbookair2015 kernel: leds input7::capslock: PM: led_suspend returned 0 after 0 usecs
 8月 05 18:09:31 macbookair2015 kernel: leds input7::numlock: PM: calling led_suspend @ 431941, parent: input7
 8月 05 18:09:31 macbookair2015 kernel: leds input7::numlock: PM: led_suspend returned 0 after 0 usecs
 8月 05 18:09:31 macbookair2015 kernel: input input7: PM: calling input_dev_suspend @ 431941, parent: 0003:05AC:0290.0002
 8月 05 18:09:31 macbookair2015 kernel: input input7: PM: input_dev_suspend returned 0 after 0 usecs
 8月 05 18:09:31 macbookair2015 kernel: backlight acpi_video0: PM: calling backlight_suspend @ 431941, parent: 0000:00:02.0
 8月 05 18:09:31 macbookair2015 kernel: backlight acpi_video0: PM: backlight_suspend returned 0 after 0 usecs
 8月 05 18:09:31 macbookair2015 kernel: usb 1-3.3: PM: calling usb_dev_suspend [usbcore] @ 384670, parent: 1-3
 8月 05 18:09:31 macbookair2015 kernel: input input5: PM: calling input_dev_suspend @ 431941, parent: LNXVIDEO:00
 8月 05 18:09:31 macbookair2015 kernel: input input5: PM: input_dev_suspend returned 0 after 0 usecs
 8月 05 18:09:31 macbookair2015 kernel: usb 1-5: PM: calling usb_dev_suspend [usbcore] @ 420400, parent: usb1
 8月 05 18:09:31 macbookair2015 kernel: platform intel-spi: PM: calling platform_pm_suspend @ 431941, parent: 0000:00:1f.0
 8月 05 18:09:31 macbookair2015 kernel: sd 0:0:0:0: PM: calling scsi_bus_suspend [scsi_mod] @ 432001, parent: target0:0:0
 8月 05 18:09:31 macbookair2015 kernel: platform intel-spi: PM: platform_pm_suspend returned 0 after 0 usecs
 8月 05 18:09:31 macbookair2015 kernel: platform iTCO_wdt.1.auto: PM: calling platform_pm_suspend @ 431941, parent: 0000:00:1f.0
 8月 05 18:09:31 macbookair2015 kernel: platform iTCO_wdt.1.auto: PM: platform_pm_suspend returned 0 after 0 usecs
 8月 05 18:09:31 macbookair2015 kernel: input input3: PM: calling input_dev_suspend @ 431941, parent: LNXPWRBN:00
 8月 05 18:09:31 macbookair2015 kernel: input input3: PM: input_dev_suspend returned 0 after 0 usecs
 8月 05 18:09:31 macbookair2015 kernel: input input2: PM: calling input_dev_suspend @ 431941, parent: PNP0C0E:00
 8月 05 18:09:31 macbookair2015 kernel: input input2: PM: input_dev_suspend returned 0 after 0 usecs
 8月 05 18:09:31 macbookair2015 kernel: input input1: PM: calling input_dev_suspend @ 431941, parent: PNP0C0C:00
 8月 05 18:09:31 macbookair2015 kernel: input input1: PM: input_dev_suspend returned 0 after 0 usecs
 8月 05 18:09:31 macbookair2015 kernel: input input0: PM: calling input_dev_suspend @ 431941, parent: PNP0C0D:00
 8月 05 18:09:31 macbookair2015 kernel: input input0: PM: input_dev_suspend returned 0 after 0 usecs
 8月 05 18:09:31 macbookair2015 kernel: platform microcode: PM: calling platform_pm_suspend @ 431941, parent: platform
 8月 05 18:09:31 macbookair2015 kernel: platform microcode: PM: platform_pm_suspend returned 0 after 0 usecs
 8月 05 18:09:31 macbookair2015 kernel: alarmtimer alarmtimer.0.auto: PM: calling platform_pm_suspend @ 431941, parent: rtc0
 8月 05 18:09:31 macbookair2015 kernel: alarmtimer alarmtimer.0.auto: PM: platform_pm_suspend returned 0 after 0 usecs
 8月 05 18:09:31 macbookair2015 kernel: rtc rtc0: PM: calling rtc_suspend @ 431941, parent: 00:02
 8月 05 18:09:31 macbookair2015 kernel: rtc rtc0: PM: rtc_suspend returned 0 after 0 usecs
 8月 05 18:09:31 macbookair2015 kernel: port serial8250:0.3: PM: calling pm_runtime_force_suspend @ 431941, parent: serial8250:0
 8月 05 18:09:31 macbookair2015 kernel: port serial8250:0.3: PM: pm_runtime_force_suspend returned 0 after 0 usecs
 8月 05 18:09:31 macbookair2015 kernel: port serial8250:0.2: PM: calling pm_runtime_force_suspend @ 431941, parent: serial8250:0
 8月 05 18:09:31 macbookair2015 kernel: usb 1-3.3: PM: usb_dev_suspend [usbcore] returned 0 after 263 usecs
 8月 05 18:09:31 macbookair2015 kernel: port serial8250:0.2: PM: pm_runtime_force_suspend returned 0 after 0 usecs
 8月 05 18:09:31 macbookair2015 kernel: port serial8250:0.1: PM: calling pm_runtime_force_suspend @ 431941, parent: serial8250:0
 8月 05 18:09:31 macbookair2015 kernel: port serial8250:0.1: PM: pm_runtime_force_suspend returned 0 after 0 usecs
 8月 05 18:09:31 macbookair2015 kernel: port serial8250:0.0: PM: calling pm_runtime_force_suspend @ 431941, parent: serial8250:0
 8月 05 18:09:31 macbookair2015 kernel: port serial8250:0.0: PM: pm_runtime_force_suspend returned 0 after 0 usecs
 8月 05 18:09:31 macbookair2015 kernel: serial8250 serial8250: PM: calling platform_pm_suspend @ 431941, parent: platform
 8月 05 18:09:31 macbookair2015 kernel: serial8250 serial8250: PM: platform_pm_suspend returned 0 after 1 usecs
 8月 05 18:09:31 macbookair2015 kernel: pcieport 0000:06:06.0: PM: calling pci_pm_suspend @ 432248, parent: 0000:05:00.0
 8月 05 18:09:31 macbookair2015 kernel: usb 1-3: PM: calling usb_dev_suspend [usbcore] @ 432246, parent: usb1
 8月 05 18:09:31 macbookair2015 kernel: pcspkr pcspkr: PM: calling platform_pm_suspend @ 431941, parent: platform
 8月 05 18:09:31 macbookair2015 kernel: pcspkr pcspkr: PM: platform_pm_suspend returned 0 after 5 usecs
 8月 05 18:09:31 macbookair2015 kernel: pcieport 0000:06:05.0: PM: calling pci_pm_suspend @ 432249, parent: 0000:05:00.0
 8月 05 18:09:31 macbookair2015 kernel: system 00:04: PM: calling pnp_bus_suspend @ 431941, parent: pnp0
 8月 05 18:09:31 macbookair2015 kernel: system 00:04: PM: pnp_bus_suspend returned 0 after 0 usecs
 8月 05 18:09:31 macbookair2015 kernel: system 00:03: PM: calling pnp_bus_suspend @ 431941, parent: pnp0
 8月 05 18:09:31 macbookair2015 kernel: pcieport 0000:06:04.0: PM: calling pci_pm_suspend @ 432250, parent: 0000:05:00.0
 8月 05 18:09:31 macbookair2015 kernel: system 00:03: PM: pnp_bus_suspend returned 0 after 0 usecs
 8月 05 18:09:31 macbookair2015 kernel: rtc_cmos 00:02: PM: calling pnp_bus_suspend @ 431941, parent: pnp0
 8月 05 18:09:31 macbookair2015 kernel: usb 1-3: PM: usb_dev_suspend [usbcore] returned 0 after 90 usecs
 8月 05 18:09:31 macbookair2015 kernel: pcieport 0000:06:03.0: PM: calling pci_pm_suspend @ 432251, parent: 0000:05:00.0
 8月 05 18:09:31 macbookair2015 kernel: rtc_cmos 00:02: PM: pnp_bus_suspend returned 0 after 31 usecs
 8月 05 18:09:31 macbookair2015 kernel: system 00:01: PM: calling pnp_bus_suspend @ 431941, parent: pnp0
 8月 05 18:09:31 macbookair2015 kernel: system 00:01: PM: pnp_bus_suspend returned 0 after 0 usecs
 8月 05 18:09:31 macbookair2015 kernel: system 00:00: PM: calling pnp_bus_suspend @ 431941, parent: pnp0
 8月 05 18:09:31 macbookair2015 kernel: usb usb2: PM: calling usb_dev_suspend [usbcore] @ 432246, parent: 0000:00:14.0
 8月 05 18:09:31 macbookair2015 kernel: system 00:00: PM: pnp_bus_suspend returned 0 after 0 usecs
 8月 05 18:09:31 macbookair2015 kernel: platform efivars.0: PM: calling platform_pm_suspend @ 431941, parent: platform
 8月 05 18:09:31 macbookair2015 kernel: platform efivars.0: PM: platform_pm_suspend returned 0 after 0 usecs
 8月 05 18:09:31 macbookair2015 kernel: platform rtc-efi.0: PM: calling platform_pm_suspend @ 431941, parent: platform
 8月 05 18:09:31 macbookair2015 kernel: platform rtc-efi.0: PM: platform_pm_suspend returned 0 after 0 usecs
 8月 05 18:09:31 macbookair2015 kernel: button LNXPWRBN:00: PM: calling acpi_button_suspend [button] @ 431941, parent: LNXSYSTM:00
 8月 05 18:09:31 macbookair2015 kernel: button LNXPWRBN:00: PM: acpi_button_suspend [button] returned 0 after 0 usecs
 8月 05 18:09:31 macbookair2015 kernel: platform PNP0C0E:00: PM: calling platform_pm_suspend @ 431941, parent: platform
 8月 05 18:09:31 macbookair2015 kernel: platform PNP0C0E:00: PM: platform_pm_suspend returned 0 after 0 usecs
 8月 05 18:09:31 macbookair2015 kernel: platform APP0002:00: PM: calling platform_pm_suspend @ 431941, parent: platform
 8月 05 18:09:31 macbookair2015 kernel: platform APP0002:00: PM: platform_pm_suspend returned 0 after 0 usecs
 8月 05 18:09:31 macbookair2015 kernel: platform PNP0C0C:00: PM: calling platform_pm_suspend @ 431941, parent: platform
 8月 05 18:09:31 macbookair2015 kernel: platform PNP0C0C:00: PM: platform_pm_suspend returned 0 after 0 usecs
 8月 05 18:09:31 macbookair2015 kernel: platform PNP0C0D:00: PM: calling platform_pm_suspend @ 431941, parent: platform
 8月 05 18:09:31 macbookair2015 kernel: platform PNP0C0D:00: PM: platform_pm_suspend returned 0 after 0 usecs
 8月 05 18:09:31 macbookair2015 kernel: ac ACPI0003:00: PM: calling acpi_subsys_suspend @ 431941, parent: platform
 8月 05 18:09:31 macbookair2015 kernel: ac ACPI0003:00: PM: acpi_subsys_suspend returned 0 after 0 usecs
 8月 05 18:09:31 macbookair2015 kernel: platform ACPI0002:00: PM: calling platform_pm_suspend @ 431941, parent: ACPI0001:00
 8月 05 18:09:31 macbookair2015 kernel: platform ACPI0002:00: PM: platform_pm_suspend returned 0 after 0 usecs
 8月 05 18:09:31 macbookair2015 kernel: platform ACPI0001:00: PM: calling platform_pm_suspend @ 431941, parent: PNP0C09:00
 8月 05 18:09:31 macbookair2015 kernel: platform ACPI0001:00: PM: platform_pm_suspend returned 0 after 0 usecs
 8月 05 18:09:31 macbookair2015 kernel: platform PNP0C09:00: PM: calling platform_pm_suspend @ 431941, parent: 0000:00:1f.0
 8月 05 18:09:31 macbookair2015 kernel: platform PNP0C09:00: PM: platform_pm_suspend returned 0 after 0 usecs
 8月 05 18:09:31 macbookair2015 kernel: platform ACPI0008:00: PM: calling platform_pm_suspend @ 431941, parent: 0000:00:1f.0
 8月 05 18:09:31 macbookair2015 kernel: platform ACPI0008:00: PM: platform_pm_suspend returned 0 after 0 usecs
 8月 05 18:09:31 macbookair2015 kernel: platform APP0001:00: PM: calling platform_pm_suspend @ 431941, parent: 0000:00:1f.0
 8月 05 18:09:31 macbookair2015 kernel: platform APP0001:00: PM: platform_pm_suspend returned 0 after 0 usecs
 8月 05 18:09:31 macbookair2015 kernel: platform PNP0C04:00: PM: calling platform_pm_suspend @ 431941, parent: 0000:00:1f.0
 8月 05 18:09:31 macbookair2015 kernel: platform PNP0C04:00: PM: platform_pm_suspend returned 0 after 0 usecs
 8月 05 18:09:31 macbookair2015 kernel: platform INT0800:00: PM: calling platform_pm_suspend @ 431941, parent: 0000:00:1f.0
 8月 05 18:09:31 macbookair2015 kernel: platform INT0800:00: PM: platform_pm_suspend returned 0 after 0 usecs
 8月 05 18:09:31 macbookair2015 kernel: platform acpi-cpufreq: PM: calling platform_pm_suspend @ 431941, parent: platform
 8月 05 18:09:31 macbookair2015 kernel: platform acpi-cpufreq: PM: platform_pm_suspend returned 0 after 0 usecs
 8月 05 18:09:31 macbookair2015 kernel: button PNP0C0E:00: PM: calling acpi_button_suspend [button] @ 431941, parent: LNXSYBUS:00
 8月 05 18:09:31 macbookair2015 kernel: button PNP0C0E:00: PM: acpi_button_suspend [button] returned 0 after 0 usecs
 8月 05 18:09:31 macbookair2015 kernel: button PNP0C0C:00: PM: calling acpi_button_suspend [button] @ 431941, parent: LNXSYBUS:00
 8月 05 18:09:31 macbookair2015 kernel: button PNP0C0C:00: PM: acpi_button_suspend [button] returned 0 after 0 usecs
 8月 05 18:09:31 macbookair2015 kernel: button PNP0C0D:00: PM: calling acpi_button_suspend [button] @ 431941, parent: LNXSYBUS:00
 8月 05 18:09:31 macbookair2015 kernel: button PNP0C0D:00: PM: acpi_button_suspend [button] returned 0 after 0 usecs
 8月 05 18:09:31 macbookair2015 kernel: pci 0000:03:00.0: PM: calling pci_pm_suspend @ 432257, parent: 0000:00:1c.2
 8月 05 18:09:31 macbookair2015 kernel: pci 0000:03:00.0: PM: pci_pm_suspend returned 0 after 0 usecs
 8月 05 18:09:31 macbookair2015 kernel: facetimehd 0000:02:00.0: PM: calling pci_pm_suspend @ 432257, parent: 0000:00:1c.1
 8月 05 18:09:31 macbookair2015 kernel: intel_pch_thermal 0000:00:1f.6: PM: calling pci_pm_suspend @ 432258, parent: pci0000:00
 8月 05 18:09:31 macbookair2015 kernel: intel_pch_thermal 0000:00:1f.6: PM: pci_pm_suspend returned 0 after 0 usecs
 8月 05 18:09:31 macbookair2015 kernel: i801_smbus 0000:00:1f.3: PM: calling pci_pm_suspend @ 432258, parent: pci0000:00
 8月 05 18:09:31 macbookair2015 kernel: ec PNP0C09:00: PM: calling acpi_ec_suspend @ 431941, parent: device:0c
 8月 05 18:09:31 macbookair2015 kernel: ec PNP0C09:00: PM: acpi_ec_suspend returned 0 after 0 usecs
 8月 05 18:09:31 macbookair2015 kernel: i801_smbus 0000:00:1f.3: PM: pci_pm_suspend returned 0 after 33 usecs
 8月 05 18:09:31 macbookair2015 kernel: lpc_ich 0000:00:1f.0: PM: calling pci_pm_suspend @ 432258, parent: pci0000:00
 8月 05 18:09:31 macbookair2015 kernel: lpc_ich 0000:00:1f.0: PM: pci_pm_suspend returned 0 after 0 usecs
 8月 05 18:09:31 macbookair2015 kernel: regulator regulator.0: PM: calling regulator_suspend @ 431941, parent: reg-dummy
 8月 05 18:09:31 macbookair2015 kernel: regulator regulator.0: PM: regulator_suspend returned 0 after 0 usecs
 8月 05 18:09:31 macbookair2015 kernel: reg-dummy reg-dummy: PM: calling platform_pm_suspend @ 431941, parent: platform
 8月 05 18:09:31 macbookair2015 kernel: reg-dummy reg-dummy: PM: platform_pm_suspend returned 0 after 0 usecs
 8月 05 18:09:31 macbookair2015 kernel: pcieport 0000:00:1c.2: PM: calling pci_pm_suspend @ 432260, parent: pci0000:00
 8月 05 18:09:31 macbookair2015 kernel: pcieport 0000:00:1c.2: PM: pci_pm_suspend returned 0 after 0 usecs
 8月 05 18:09:31 macbookair2015 kernel: FWMSG: [ISP] CMD = 0x0001 [CISP_CMD_STOP]
 8月 05 18:09:31 macbookair2015 kernel: pcieport 0000:00:1c.0: PM: calling pci_pm_suspend @ 432261, parent: pci0000:00
 8月 05 18:09:31 macbookair2015 kernel: snd_hda_intel 0000:00:1b.0: PM: calling pci_pm_suspend @ 432262, parent: pci0000:00
 8月 05 18:09:31 macbookair2015 kernel: mei_me 0000:00:16.0: PM: calling pci_pm_suspend @ 432263, parent: pci0000:00
 8月 05 18:09:31 macbookair2015 kernel: pxa2xx_spi_pci 0000:00:15.4: PM: calling pci_pm_suspend @ 432264, parent: pci0000:00
 8月 05 18:09:31 macbookair2015 kernel: pxa2xx_spi_pci 0000:00:15.4: PM: pci_pm_suspend returned 0 after 3 usecs
 8月 05 18:09:31 macbookair2015 kernel: dw_dmac_pci 0000:00:15.0: PM: calling pci_pm_suspend @ 432264, parent: pci0000:00
 8月 05 18:09:31 macbookair2015 kernel: dw_dmac_pci 0000:00:15.0: PM: pci_pm_suspend returned 0 after 0 usecs
 8月 05 18:09:31 macbookair2015 kernel: bdw_uncore 0000:00:00.0: PM: calling pci_pm_suspend @ 432266, parent: pci0000:00
 8月 05 18:09:31 macbookair2015 kernel: bdw_uncore 0000:00:00.0: PM: pci_pm_suspend returned 0 after 0 usecs
 8月 05 18:09:31 macbookair2015 kernel: mei_me 0000:00:16.0: PM: pci_pm_suspend returned 0 after 290 usecs
 8月 05 18:09:31 macbookair2015 kernel: pcieport 0000:06:06.0: PM: pci_pm_suspend returned 0 after 10671 usecs
 8月 05 18:09:31 macbookair2015 kernel: pcieport 0000:06:04.0: PM: pci_pm_suspend returned 0 after 10655 usecs
 8月 05 18:09:31 macbookair2015 kernel: pcieport 0000:06:03.0: PM: pci_pm_suspend returned 0 after 10687 usecs
 8月 05 18:09:31 macbookair2015 kernel: pcieport 0000:06:05.0: PM: pci_pm_suspend returned 0 after 10899 usecs
 8月 05 18:09:31 macbookair2015 kernel: thunderbolt 0000:07:00.0: PM: calling pci_pm_suspend @ 432254, parent: 0000:06:00.0
 8月 05 18:09:31 macbookair2015 kernel: thunderbolt 0000:07:00.0: PM: pci_pm_suspend returned 0 after 1 usecs
 8月 05 18:09:31 macbookair2015 kernel: pcieport 0000:06:00.0: PM: calling pci_pm_suspend @ 432253, parent: 0000:05:00.0
 8月 05 18:09:31 macbookair2015 kernel: pcieport 0000:06:00.0: PM: pci_pm_suspend returned 0 after 0 usecs
 8月 05 18:09:31 macbookair2015 kernel: pcieport 0000:05:00.0: PM: calling pci_pm_suspend @ 432256, parent: 0000:00:1c.4
 8月 05 18:09:31 macbookair2015 kernel: pcieport 0000:05:00.0: PM: pci_pm_suspend returned 0 after 0 usecs
 8月 05 18:09:31 macbookair2015 kernel: pcieport 0000:00:1c.4: PM: calling pci_pm_suspend @ 432259, parent: pci0000:00
 8月 05 18:09:31 macbookair2015 kernel: pcieport 0000:00:1c.4: PM: pci_pm_suspend returned 0 after 0 usecs
 8月 05 18:09:31 macbookair2015 kernel: facetimehd 0000:02:00.0: fthd_hw_deinit
 8月 05 18:09:31 macbookair2015 kernel: facetimehd 0000:02:00.0: PM: pci_pm_suspend returned 0 after 11470 usecs
 8月 05 18:09:31 macbookair2015 kernel: pcieport 0000:00:1c.1: PM: calling pci_pm_suspend @ 432260, parent: pci0000:00
 8月 05 18:09:31 macbookair2015 kernel: pcieport 0000:00:1c.1: PM: pci_pm_suspend returned 0 after 0 usecs
 8月 05 18:09:31 macbookair2015 kernel: pcieport 0000:00:1c.0: Enabling MPC IRBNCE
 8月 05 18:09:31 macbookair2015 kernel: pcieport 0000:00:1c.0: Intel PCH root port ACS workaround enabled
 8月 05 18:09:31 macbookair2015 kernel: snd_hda_intel 0000:00:03.0: PM: pci_pm_suspend returned 0 after 13411 usecs
 8月 05 18:09:31 macbookair2015 kernel: pcieport 0000:00:1c.0: PM: pci_pm_suspend returned 0 after 12144 usecs
 8月 05 18:09:31 macbookair2015 kernel: i915 0000:00:02.0: PM: calling pci_pm_suspend @ 432265, parent: pci0000:00
 8月 05 18:09:31 macbookair2015 kernel: sd 0:0:0:0: [sda] Synchronizing SCSI cache
 8月 05 18:09:31 macbookair2015 kernel: sd 0:0:0:0: PM: scsi_bus_suspend [scsi_mod] returned 0 after 22531 usecs
 8月 05 18:09:31 macbookair2015 kernel: scsi target0:0:0: PM: calling scsi_bus_suspend [scsi_mod] @ 424635, parent: host0
 8月 05 18:09:31 macbookair2015 kernel: scsi target0:0:0: PM: scsi_bus_suspend [scsi_mod] returned 0 after 0 usecs
 8月 05 18:09:31 macbookair2015 kernel: scsi host0: PM: calling scsi_bus_suspend [scsi_mod] @ 432247, parent: ata1
 8月 05 18:09:31 macbookair2015 kernel: scsi host0: PM: scsi_bus_suspend [scsi_mod] returned 0 after 0 usecs
 8月 05 18:09:31 macbookair2015 kernel:  ata1: PM: calling ata_port_pm_suspend [libata] @ 384670, parent: 0000:04:00.0
 8月 05 18:09:31 macbookair2015 kernel: usb usb2: PM: usb_dev_suspend [usbcore] returned 0 after 22447 usecs
 8月 05 18:09:31 macbookair2015 kernel: usb 1-5: PM: usb_dev_suspend [usbcore] returned 0 after 30779 usecs
 8月 05 18:09:31 macbookair2015 kernel: usb usb1: PM: calling usb_dev_suspend [usbcore] @ 432252, parent: 0000:00:14.0
 8月 05 18:09:31 macbookair2015 kernel: snd_hda_intel 0000:00:1b.0: PM: pci_pm_suspend returned 0 after 34300 usecs
 8月 05 18:09:31 macbookair2015 kernel: usb usb1: PM: usb_dev_suspend [usbcore] returned 0 after 7803 usecs
 8月 05 18:09:31 macbookair2015 kernel: xhci_hcd 0000:00:14.0: PM: calling pci_pm_suspend @ 432264, parent: pci0000:00
 8月 05 18:09:31 macbookair2015 kernel: xhci_hcd 0000:00:14.0: PM: pci_pm_suspend returned 0 after 69 usecs
 8月 05 18:09:31 macbookair2015 kernel: ata1.00: Entering standby power mode
 8月 05 18:09:31 macbookair2015 kernel:  ata1: PM: ata_port_pm_suspend [libata] returned 0 after 88279 usecs
 8月 05 18:09:31 macbookair2015 kernel: ahci 0000:04:00.0: PM: calling pci_pm_suspend @ 432255, parent: 0000:00:1c.5
 8月 05 18:09:31 macbookair2015 kernel: ahci 0000:04:00.0: PM: pci_pm_suspend returned 0 after 7 usecs
 8月 05 18:09:31 macbookair2015 kernel: pcieport 0000:00:1c.5: PM: calling pci_pm_suspend @ 432258, parent: pci0000:00
 8月 05 18:09:31 macbookair2015 kernel: pcieport 0000:00:1c.5: PM: pci_pm_suspend returned 0 after 1 usecs
 8月 05 18:09:31 macbookair2015 kernel: i915 0000:00:02.0: PM: pci_pm_suspend returned 0 after 360464 usecs
 8月 05 18:09:31 macbookair2015 kernel: PM: suspend of devices complete after 374.732 msecs
 8月 05 18:09:31 macbookair2015 kernel: PM: start suspend of devices complete after 387.306 msecs
 8月 05 18:09:31 macbookair2015 kernel: snd_hda_intel 0000:00:03.0: PM: calling pci_pm_suspend_late @ 432266, parent: pci0000:00
 8月 05 18:09:31 macbookair2015 kernel: snd_hda_intel 0000:00:03.0: PM: pci_pm_suspend_late returned 0 after 1 usecs
 8月 05 18:09:31 macbookair2015 kernel: pcieport 0000:06:06.0: PM: calling pci_pm_suspend_late @ 432265, parent: 0000:05:00.0
 8月 05 18:09:31 macbookair2015 kernel: pcieport 0000:06:05.0: PM: calling pci_pm_suspend_late @ 432258, parent: 0000:05:00.0
 8月 05 18:09:31 macbookair2015 kernel: pcieport 0000:06:04.0: PM: calling pci_pm_suspend_late @ 384670, parent: 0000:05:00.0
 8月 05 18:09:31 macbookair2015 kernel: pcieport 0000:06:05.0: PM: pci_pm_suspend_late returned 0 after 0 usecs
 8月 05 18:09:31 macbookair2015 kernel: pcieport 0000:06:06.0: PM: pci_pm_suspend_late returned 0 after 0 usecs
 8月 05 18:09:31 macbookair2015 kernel: pcieport 0000:06:04.0: PM: pci_pm_suspend_late returned 0 after 0 usecs
 8月 05 18:09:31 macbookair2015 kernel: pcieport 0000:06:03.0: PM: calling pci_pm_suspend_late @ 432258, parent: 0000:05:00.0
 8月 05 18:09:31 macbookair2015 kernel: pcieport 0000:06:03.0: PM: pci_pm_suspend_late returned 0 after 0 usecs
 8月 05 18:09:31 macbookair2015 kernel: ac ACPI0003:00: PM: calling acpi_subsys_suspend_late @ 431941, parent: platform
 8月 05 18:09:31 macbookair2015 kernel: ac ACPI0003:00: PM: acpi_subsys_suspend_late returned 0 after 0 usecs
 8月 05 18:09:31 macbookair2015 kernel: ahci 0000:04:00.0: PM: calling pci_pm_suspend_late @ 432258, parent: 0000:00:1c.5
 8月 05 18:09:31 macbookair2015 kernel: ahci 0000:04:00.0: PM: pci_pm_suspend_late returned 0 after 0 usecs
 8月 05 18:09:31 macbookair2015 kernel: thunderbolt 0000:07:00.0: PM: calling pci_pm_suspend_late @ 432266, parent: 0000:06:00.0
 8月 05 18:09:31 macbookair2015 kernel: thunderbolt 0000:07:00.0: PM: pci_pm_suspend_late returned 0 after 0 usecs
 8月 05 18:09:31 macbookair2015 kernel: pci 0000:03:00.0: PM: calling pci_pm_suspend_late @ 432258, parent: 0000:00:1c.2
 8月 05 18:09:31 macbookair2015 kernel: pci 0000:03:00.0: PM: pci_pm_suspend_late returned 0 after 0 usecs
 8月 05 18:09:31 macbookair2015 kernel: pcieport 0000:06:00.0: PM: calling pci_pm_suspend_late @ 384670, parent: 0000:05:00.0
 8月 05 18:09:31 macbookair2015 kernel: facetimehd 0000:02:00.0: PM: calling pci_pm_suspend_late @ 432255, parent: 0000:00:1c.1
 8月 05 18:09:31 macbookair2015 kernel: pcieport 0000:06:00.0: PM: pci_pm_suspend_late returned 0 after 0 usecs
 8月 05 18:09:31 macbookair2015 kernel: intel_pch_thermal 0000:00:1f.6: PM: calling pci_pm_suspend_late @ 432258, parent: pci0000:00
 8月 05 18:09:31 macbookair2015 kernel: facetimehd 0000:02:00.0: PM: pci_pm_suspend_late returned 0 after 0 usecs
 8月 05 18:09:31 macbookair2015 kernel: intel_pch_thermal 0000:00:1f.6: PM: pci_pm_suspend_late returned 0 after 0 usecs
 8月 05 18:09:31 macbookair2015 kernel: i801_smbus 0000:00:1f.3: PM: calling pci_pm_suspend_late @ 384670, parent: pci0000:00
 8月 05 18:09:31 macbookair2015 kernel: lpc_ich 0000:00:1f.0: PM: calling pci_pm_suspend_late @ 432255, parent: pci0000:00
 8月 05 18:09:31 macbookair2015 kernel: i801_smbus 0000:00:1f.3: PM: pci_pm_suspend_late returned 0 after 0 usecs
 8月 05 18:09:31 macbookair2015 kernel: pcieport 0000:00:1c.5: PM: calling pci_pm_suspend_late @ 432258, parent: pci0000:00
 8月 05 18:09:31 macbookair2015 kernel: lpc_ich 0000:00:1f.0: PM: pci_pm_suspend_late returned 0 after 0 usecs
 8月 05 18:09:31 macbookair2015 kernel: pcieport 0000:00:1c.5: PM: pci_pm_suspend_late returned 0 after 0 usecs
 8月 05 18:09:31 macbookair2015 kernel: pcieport 0000:05:00.0: PM: calling pci_pm_suspend_late @ 432265, parent: 0000:00:1c.4
 8月 05 18:09:31 macbookair2015 kernel: pcieport 0000:00:1c.2: PM: calling pci_pm_suspend_late @ 432255, parent: pci0000:00
 8月 05 18:09:31 macbookair2015 kernel: pcieport 0000:05:00.0: PM: pci_pm_suspend_late returned 0 after 0 usecs
 8月 05 18:09:31 macbookair2015 kernel: pcieport 0000:00:1c.1: PM: calling pci_pm_suspend_late @ 432258, parent: pci0000:00
 8月 05 18:09:31 macbookair2015 kernel: pcieport 0000:00:1c.2: PM: pci_pm_suspend_late returned 0 after 0 usecs
 8月 05 18:09:31 macbookair2015 kernel: pcieport 0000:00:1c.1: PM: pci_pm_suspend_late returned 0 after 0 usecs
 8月 05 18:09:31 macbookair2015 kernel: pcieport 0000:00:1c.0: PM: calling pci_pm_suspend_late @ 432265, parent: pci0000:00
 8月 05 18:09:31 macbookair2015 kernel: snd_hda_intel 0000:00:1b.0: PM: calling pci_pm_suspend_late @ 432255, parent: pci0000:00
 8月 05 18:09:31 macbookair2015 kernel: mei_me 0000:00:16.0: PM: calling pci_pm_suspend_late @ 432258, parent: pci0000:00
 8月 05 18:09:31 macbookair2015 kernel: snd_hda_intel 0000:00:1b.0: PM: pci_pm_suspend_late returned 0 after 0 usecs
 8月 05 18:09:31 macbookair2015 kernel: pcieport 0000:00:1c.0: PM: pci_pm_suspend_late returned 0 after 0 usecs
 8月 05 18:09:31 macbookair2015 kernel: mei_me 0000:00:16.0: PM: pci_pm_suspend_late returned 0 after 0 usecs
 8月 05 18:09:31 macbookair2015 kernel: pxa2xx_spi_pci 0000:00:15.4: PM: calling pci_pm_suspend_late @ 432265, parent: pci0000:00
 8月 05 18:09:31 macbookair2015 kernel: dw_dmac_pci 0000:00:15.0: PM: calling pci_pm_suspend_late @ 432255, parent: pci0000:00
 8月 05 18:09:31 macbookair2015 kernel: xhci_hcd 0000:00:14.0: PM: calling pci_pm_suspend_late @ 432258, parent: pci0000:00
 8月 05 18:09:31 macbookair2015 kernel: pxa2xx_spi_pci 0000:00:15.4: PM: pci_pm_suspend_late returned 0 after 0 usecs
 8月 05 18:09:31 macbookair2015 kernel: dw_dmac_pci 0000:00:15.0: PM: pci_pm_suspend_late returned 0 after 3 usecs
 8月 05 18:09:31 macbookair2015 kernel: xhci_hcd 0000:00:14.0: PM: pci_pm_suspend_late returned 0 after 0 usecs
 8月 05 18:09:31 macbookair2015 kernel: i915 0000:00:02.0: PM: calling pci_pm_suspend_late @ 432265, parent: pci0000:00
 8月 05 18:09:31 macbookair2015 kernel: bdw_uncore 0000:00:00.0: PM: calling pci_pm_suspend_late @ 432258, parent: pci0000:00
 8月 05 18:09:31 macbookair2015 kernel: bdw_uncore 0000:00:00.0: PM: pci_pm_suspend_late returned 0 after 0 usecs
 8月 05 18:09:31 macbookair2015 kernel: pcieport 0000:00:1c.4: PM: calling pci_pm_suspend_late @ 384670, parent: pci0000:00
 8月 05 18:09:31 macbookair2015 kernel: pcieport 0000:00:1c.4: PM: pci_pm_suspend_late returned 0 after 0 usecs
 8月 05 18:09:31 macbookair2015 kernel: i915 0000:00:02.0: PM: pci_pm_suspend_late returned 0 after 12274 usecs
 8月 05 18:09:31 macbookair2015 kernel: PM: late suspend of devices complete after 12.868 msecs
 8月 05 18:09:31 macbookair2015 kernel: snd_hda_intel 0000:00:03.0: PM: calling pci_pm_suspend_noirq @ 432255, parent: pci0000:00
 8月 05 18:09:31 macbookair2015 kernel: pcieport 0000:06:06.0: PM: calling pci_pm_suspend_noirq @ 432264, parent: 0000:05:00.0
 8月 05 18:09:31 macbookair2015 kernel: pcieport 0000:06:05.0: PM: calling pci_pm_suspend_noirq @ 432258, parent: 0000:05:00.0
 8月 05 18:09:31 macbookair2015 kernel: ac ACPI0003:00: PM: calling acpi_subsys_suspend_noirq @ 431941, parent: platform
 8月 05 18:09:31 macbookair2015 kernel: ac ACPI0003:00: PM: acpi_subsys_suspend_noirq returned 0 after 0 usecs
 8月 05 18:09:31 macbookair2015 kernel: ec PNP0C09:00: PM: calling acpi_ec_suspend_noirq @ 431941, parent: device:0c
 8月 05 18:09:31 macbookair2015 kernel: ACPI: EC: interrupt blocked
 8月 05 18:09:31 macbookair2015 kernel: ec PNP0C09:00: PM: acpi_ec_suspend_noirq returned 0 after 1 usecs
 8月 05 18:09:31 macbookair2015 kernel: pcieport 0000:06:04.0: PM: calling pci_pm_suspend_noirq @ 432266, parent: 0000:05:00.0
 8月 05 18:09:31 macbookair2015 kernel: pcieport 0000:06:03.0: PM: calling pci_pm_suspend_noirq @ 432252, parent: 0000:05:00.0
 8月 05 18:09:31 macbookair2015 kernel: ahci 0000:04:00.0: PM: calling pci_pm_suspend_noirq @ 420400, parent: 0000:00:1c.5
 8月 05 18:09:31 macbookair2015 kernel: pci 0000:03:00.0: PM: calling pci_pm_suspend_noirq @ 432001, parent: 0000:00:1c.2
 8月 05 18:09:31 macbookair2015 kernel: facetimehd 0000:02:00.0: PM: calling pci_pm_suspend_noirq @ 432265, parent: 0000:00:1c.1
 8月 05 18:09:31 macbookair2015 kernel: pci 0000:03:00.0: PM: pci_pm_suspend_noirq returned 0 after 287 usecs
 8月 05 18:09:31 macbookair2015 kernel: intel_pch_thermal 0000:00:1f.6: PM: calling pci_pm_suspend_noirq @ 432001, parent: pci0000:00
 8月 05 18:09:31 macbookair2015 kernel: facetimehd 0000:02:00.0: PM: pci_pm_suspend_noirq returned 0 after 170 usecs
 8月 05 18:09:31 macbookair2015 kernel: i801_smbus 0000:00:1f.3: PM: calling pci_pm_suspend_noirq @ 432265, parent: pci0000:00
 8月 05 18:09:31 macbookair2015 kernel: lpc_ich 0000:00:1f.0: PM: calling pci_pm_suspend_noirq @ 432261, parent: pci0000:00
 8月 05 18:09:31 macbookair2015 kernel: i801_smbus 0000:00:1f.3: PM: pci_pm_suspend_noirq returned 0 after 29 usecs
 8月 05 18:09:31 macbookair2015 kernel: pcieport 0000:00:1c.2: PM: calling pci_pm_suspend_noirq @ 432265, parent: pci0000:00
 8月 05 18:09:31 macbookair2015 kernel: lpc_ich 0000:00:1f.0: PM: pci_pm_suspend_noirq returned 0 after 39 usecs
 8月 05 18:09:31 macbookair2015 kernel: pcieport 0000:00:1c.1: PM: calling pci_pm_suspend_noirq @ 432261, parent: pci0000:00
 8月 05 18:09:31 macbookair2015 kernel: pcieport 0000:00:1c.2: PM: pci_pm_suspend_noirq returned 0 after 49 usecs
 8月 05 18:09:31 macbookair2015 kernel: pcieport 0000:00:1c.0: PM: calling pci_pm_suspend_noirq @ 432265, parent: pci0000:00
 8月 05 18:09:31 macbookair2015 kernel: snd_hda_intel 0000:00:1b.0: PM: calling pci_pm_suspend_noirq @ 384670, parent: pci0000:00
 8月 05 18:09:31 macbookair2015 kernel: mei_me 0000:00:16.0: PM: calling pci_pm_suspend_noirq @ 432246, parent: pci0000:00
 8月 05 18:09:31 macbookair2015 kernel: pxa2xx_spi_pci 0000:00:15.4: PM: calling pci_pm_suspend_noirq @ 432257, parent: pci0000:00
 8月 05 18:09:31 macbookair2015 kernel: dw_dmac_pci 0000:00:15.0: PM: calling pci_pm_suspend_noirq @ 432259, parent: pci0000:00
 8月 05 18:09:31 macbookair2015 kernel: xhci_hcd 0000:00:14.0: PM: calling pci_pm_suspend_noirq @ 432256, parent: pci0000:00
 8月 05 18:09:31 macbookair2015 kernel: bdw_uncore 0000:00:00.0: PM: calling pci_pm_suspend_noirq @ 432254, parent: pci0000:00
 8月 05 18:09:31 macbookair2015 kernel: bdw_uncore 0000:00:00.0: PM: pci_pm_suspend_noirq returned 0 after 11 usecs
 8月 05 18:09:31 macbookair2015 kernel: intel_pch_thermal 0000:00:1f.6: PM: pci_pm_suspend_noirq returned 0 after 11339 usecs
 8月 05 18:09:31 macbookair2015 kernel: pcieport 0000:00:1c.1: PM: pci_pm_suspend_noirq returned 0 after 11225 usecs
 8月 05 18:09:31 macbookair2015 kernel: mei_me 0000:00:16.0: PM: pci_pm_suspend_noirq returned 0 after 11184 usecs
 8月 05 18:09:31 macbookair2015 kernel: pxa2xx_spi_pci 0000:00:15.4: PM: pci_pm_suspend_noirq returned 0 after 11180 usecs
 8月 05 18:09:31 macbookair2015 kernel: snd_hda_intel 0000:00:03.0: PM: pci_pm_suspend_noirq returned 0 after 12121 usecs
 8月 05 18:09:31 macbookair2015 kernel: pcieport 0000:06:05.0: PM: pci_pm_suspend_noirq returned 0 after 11966 usecs
 8月 05 18:09:31 macbookair2015 kernel: i915 0000:00:02.0: PM: calling pci_pm_suspend_noirq @ 432253, parent: pci0000:00
 8月 05 18:09:31 macbookair2015 kernel: pcieport 0000:06:06.0: PM: pci_pm_suspend_noirq returned 0 after 11981 usecs
 8月 05 18:09:31 macbookair2015 kernel: i915 0000:00:02.0: PM: pci_pm_suspend_noirq returned 0 after 0 usecs
 8月 05 18:09:31 macbookair2015 kernel: pcieport 0000:06:03.0: PM: pci_pm_suspend_noirq returned 0 after 11837 usecs
 8月 05 18:09:31 macbookair2015 kernel: pcieport 0000:06:04.0: PM: pci_pm_suspend_noirq returned 0 after 11852 usecs
 8月 05 18:09:31 macbookair2015 kernel: thunderbolt 0000:07:00.0: PM: calling pci_pm_suspend_noirq @ 432262, parent: 0000:06:00.0
 8月 05 18:09:31 macbookair2015 kernel: dw_dmac_pci 0000:00:15.0: PM: pci_pm_suspend_noirq returned 0 after 11249 usecs
 8月 05 18:09:31 macbookair2015 kernel: pcieport 0000:00:1c.0: PM: pci_pm_suspend_noirq returned 0 after 11318 usecs
 8月 05 18:09:31 macbookair2015 kernel: ahci 0000:04:00.0: PM: pci_pm_suspend_noirq returned 0 after 12394 usecs
 8月 05 18:09:31 macbookair2015 kernel: xhci_hcd 0000:00:14.0: PM: pci_pm_suspend_noirq returned 0 after 11776 usecs
 8月 05 18:09:31 macbookair2015 kernel: pcieport 0000:00:1c.5: PM: calling pci_pm_suspend_noirq @ 427364, parent: pci0000:00
 8月 05 18:09:31 macbookair2015 kernel: thunderbolt 0000:07:00.0: PM: pci_pm_suspend_noirq returned 0 after 11794 usecs
 8月 05 18:09:31 macbookair2015 kernel: pcieport 0000:06:00.0: PM: calling pci_pm_suspend_noirq @ 432247, parent: 0000:05:00.0
 8月 05 18:09:31 macbookair2015 kernel: pcieport 0000:06:00.0: PM: pci_pm_suspend_noirq returned 0 after 11968 usecs
 8月 05 18:09:31 macbookair2015 kernel: snd_hda_intel 0000:00:1b.0: PM: pci_pm_suspend_noirq returned 0 after 35090 usecs
 8月 05 18:09:31 macbookair2015 kernel: pcieport 0000:05:00.0: PM: calling pci_pm_suspend_noirq @ 424635, parent: 0000:00:1c.4
 8月 05 18:09:31 macbookair2015 kernel: pcieport 0000:05:00.0: PM: pci_pm_suspend_noirq returned 0 after 11967 usecs
 8月 05 18:09:31 macbookair2015 kernel: pcieport 0000:00:1c.4: PM: calling pci_pm_suspend_noirq @ 432260, parent: pci0000:00
 8月 05 18:09:31 macbookair2015 kernel: pcieport 0000:00:1c.4: PM: pci_pm_suspend_noirq returned 0 after 11921 usecs
 8月 05 18:09:31 macbookair2015 kernel: pcieport 0000:00:1c.5: PM: pci_pm_suspend_noirq returned 0 after 67166 usecs
 8月 05 18:09:31 macbookair2015 kernel: PM: noirq suspend of devices complete after 80.142 msecs
 8月 05 18:09:31 macbookair2015 kernel: ACPI: PM: Preparing to enter system sleep state S3
 8月 05 18:09:31 macbookair2015 kernel: ACPI: EC: event blocked
 8月 05 18:09:31 macbookair2015 kernel: ACPI: EC: EC stopped
 8月 05 18:09:31 macbookair2015 kernel: ACPI: PM: Saving platform NVS memory
 8月 05 18:09:31 macbookair2015 kernel: Disabling non-boot CPUs ...
 8月 05 18:09:31 macbookair2015 kernel: smpboot: CPU 3 is now offline
 8月 05 18:09:31 macbookair2015 kernel: smpboot: CPU 2 is now offline
 8月 05 18:09:31 macbookair2015 kernel: smpboot: CPU 1 is now offline
 8月 05 18:09:31 macbookair2015 kernel: Checking wakeup interrupts
 8月 05 18:09:31 macbookair2015 kernel: Calling kvm_suspend+0x0/0x30 [kvm]
 8月 05 18:09:31 macbookair2015 kernel: Calling intel_epb_save+0x0/0x30
 8月 05 18:09:31 macbookair2015 kernel: Calling mce_syscore_suspend+0x0/0x20
 8月 05 18:09:31 macbookair2015 kernel: Calling ledtrig_cpu_syscore_suspend+0x0/0x30
 8月 05 18:09:31 macbookair2015 kernel: Calling timekeeping_suspend+0x0/0x2f0
 8月 05 18:09:31 macbookair2015 kernel: Calling irq_gc_suspend+0x0/0x80
 8月 05 18:09:31 macbookair2015 kernel: Calling save_ioapic_entries+0x0/0xd0
 8月 05 18:09:31 macbookair2015 kernel: Calling i8259A_suspend+0x0/0x30
 8月 05 18:09:31 macbookair2015 kernel: Calling iommu_suspend+0x0/0x120
 8月 05 18:09:31 macbookair2015 kernel: Calling fw_suspend+0x0/0x20
 8月 05 18:09:31 macbookair2015 kernel: Calling acpi_save_bm_rld+0x0/0x30
 8月 05 18:09:31 macbookair2015 kernel: Calling lapic_suspend+0x0/0x1a0
 8月 05 18:09:31 macbookair2015 kernel: ACPI: PM: Low-level resume complete
 8月 05 18:09:31 macbookair2015 kernel: ACPI: EC: EC started
 8月 05 18:09:31 macbookair2015 kernel: ACPI: PM: Restoring platform NVS memory
 8月 05 18:09:31 macbookair2015 kernel: Calling init_counter_refs+0x0/0x40
 8月 05 18:09:31 macbookair2015 kernel: Calling lapic_resume+0x0/0x2b0
 8月 05 18:09:31 macbookair2015 kernel: Calling acpi_restore_bm_rld+0x0/0x70
 8月 05 18:09:31 macbookair2015 kernel: Calling irqrouter_resume+0x0/0x50
 8月 05 18:09:31 macbookair2015 kernel: Calling iommu_resume+0x0/0x160
 8月 05 18:09:31 macbookair2015 kernel: Calling i8259A_resume+0x0/0x40
 8月 05 18:09:31 macbookair2015 kernel: Calling i8237A_resume+0x0/0xb0
 8月 05 18:09:31 macbookair2015 kernel: Calling ioapic_resume+0x0/0xc0
 8月 05 18:09:31 macbookair2015 kernel: Calling irq_gc_resume+0x0/0x70
 8月 05 18:09:31 macbookair2015 kernel: Calling irq_pm_syscore_resume+0x0/0x20
 8月 05 18:09:31 macbookair2015 kernel: Calling timekeeping_resume+0x0/0x1a0
 8月 05 18:09:31 macbookair2015 kernel: Timekeeping suspended for 188.137 seconds
 8月 05 18:09:31 macbookair2015 kernel: Calling ledtrig_cpu_syscore_resume+0x0/0x20
 8月 05 18:09:31 macbookair2015 kernel: Calling mce_syscore_resume+0x0/0x30
 8月 05 18:09:31 macbookair2015 kernel: Calling intel_epb_restore+0x0/0x70
 8月 05 18:09:31 macbookair2015 kernel: Calling microcode_bsp_resume+0x0/0xd0
 8月 05 18:09:31 macbookair2015 kernel: Calling kvm_resume+0x0/0x40 [kvm]
 8月 05 18:09:31 macbookair2015 kernel: Enabling non-boot CPUs ...
 8月 05 18:09:31 macbookair2015 kernel: smpboot: Booting Node 0 Processor 1 APIC 0x2
 8月 05 18:09:31 macbookair2015 kernel: CPU1 is up
 8月 05 18:09:31 macbookair2015 kernel: smpboot: Booting Node 0 Processor 2 APIC 0x1
 8月 05 18:09:31 macbookair2015 kernel: CPU2 is up
 8月 05 18:09:31 macbookair2015 kernel: smpboot: Booting Node 0 Processor 3 APIC 0x3
 8月 05 18:09:31 macbookair2015 kernel: CPU3 is up
 8月 05 18:09:31 macbookair2015 kernel: ACPI: PM: Waking up from system sleep state S3
 8月 05 18:09:31 macbookair2015 kernel: i915 0000:00:02.0: PM: calling pci_pm_resume_noirq @ 432260, parent: pci0000:00
 8月 05 18:09:31 macbookair2015 kernel: bdw_uncore 0000:00:00.0: PM: calling pci_pm_resume_noirq @ 427364, parent: pci0000:00
 8月 05 18:09:31 macbookair2015 kernel: xhci_hcd 0000:00:14.0: PM: calling pci_pm_resume_noirq @ 432249, parent: pci0000:00
 8月 05 18:09:31 macbookair2015 kernel: ec PNP0C09:00: PM: calling acpi_ec_resume_noirq @ 431941, parent: device:0c
 8月 05 18:09:31 macbookair2015 kernel: dw_dmac_pci 0000:00:15.0: PM: calling pci_pm_resume_noirq @ 424635, parent: pci0000:00
 8月 05 18:09:31 macbookair2015 kernel: ACPI: EC: interrupt unblocked
 8月 05 18:09:31 macbookair2015 kernel: ec PNP0C09:00: PM: acpi_ec_resume_noirq returned 0 after 2 usecs
 8月 05 18:09:31 macbookair2015 kernel: bdw_uncore 0000:00:00.0: PM: pci_pm_resume_noirq returned 0 after 25 usecs
 8月 05 18:09:31 macbookair2015 kernel: pxa2xx_spi_pci 0000:00:15.4: PM: calling pci_pm_resume_noirq @ 384670, parent: pci0000:00
 8月 05 18:09:31 macbookair2015 kernel: mei_me 0000:00:16.0: PM: calling pci_pm_resume_noirq @ 427364, parent: pci0000:00
 8月 05 18:09:31 macbookair2015 kernel: snd_hda_intel 0000:00:1b.0: PM: calling pci_pm_resume_noirq @ 432247, parent: pci0000:00
 8月 05 18:09:31 macbookair2015 kernel: i915 0000:00:02.0: PM: pci_pm_resume_noirq returned 0 after 73 usecs
 8月 05 18:09:31 macbookair2015 kernel: mei_me 0000:00:16.0: PM: pci_pm_resume_noirq returned 0 after 37 usecs
 8月 05 18:09:31 macbookair2015 kernel: pcieport 0000:00:1c.0: PM: calling pci_pm_resume_noirq @ 432260, parent: pci0000:00
 8月 05 18:09:31 macbookair2015 kernel: pcieport 0000:00:1c.1: PM: calling pci_pm_resume_noirq @ 427364, parent: pci0000:00
 8月 05 18:09:31 macbookair2015 kernel: pcieport 0000:00:1c.2: PM: calling pci_pm_resume_noirq @ 432262, parent: pci0000:00
 8月 05 18:09:31 macbookair2015 kernel: dw_dmac_pci 0000:00:15.0: PM: pci_pm_resume_noirq returned 0 after 156 usecs
 8月 05 18:09:31 macbookair2015 kernel: pcieport 0000:00:1c.4: PM: calling pci_pm_resume_noirq @ 424635, parent: pci0000:00
 8月 05 18:09:31 macbookair2015 kernel: pxa2xx_spi_pci 0000:00:15.4: PM: pci_pm_resume_noirq returned 0 after 148 usecs
 8月 05 18:09:31 macbookair2015 kernel: pcieport 0000:00:1c.5: PM: calling pci_pm_resume_noirq @ 384670, parent: pci0000:00
 8月 05 18:09:31 macbookair2015 kernel: lpc_ich 0000:00:1f.0: PM: calling pci_pm_resume_noirq @ 432256, parent: pci0000:00
 8月 05 18:09:31 macbookair2015 kernel: i801_smbus 0000:00:1f.3: PM: calling pci_pm_resume_noirq @ 420400, parent: pci0000:00
 8月 05 18:09:31 macbookair2015 kernel: intel_pch_thermal 0000:00:1f.6: PM: calling pci_pm_resume_noirq @ 432266, parent: pci0000:00
 8月 05 18:09:31 macbookair2015 kernel: intel_pch_thermal 0000:00:1f.6: PM: pci_pm_resume_noirq returned 0 after 78 usecs
 8月 05 18:09:31 macbookair2015 kernel: pcieport 0000:00:1c.0: Enabling MPC IRBNCE
 8月 05 18:09:31 macbookair2015 kernel: pcieport 0000:00:1c.0: Intel PCH root port ACS workaround enabled
 8月 05 18:09:31 macbookair2015 kernel: pcieport 0000:00:1c.0: PM: pci_pm_resume_noirq returned 0 after 258 usecs
 8月 05 18:09:31 macbookair2015 kernel: pcieport 0000:00:1c.1: Enabling MPC IRBNCE
 8月 05 18:09:31 macbookair2015 kernel: pcieport 0000:00:1c.1: Intel PCH root port ACS workaround enabled
 8月 05 18:09:31 macbookair2015 kernel: pcieport 0000:00:1c.1: PM: pci_pm_resume_noirq returned 0 after 287 usecs
 8月 05 18:09:31 macbookair2015 kernel: facetimehd 0000:02:00.0: PM: calling pci_pm_resume_noirq @ 432265, parent: 0000:00:1c.1
 8月 05 18:09:31 macbookair2015 kernel: lpc_ich 0000:00:1f.0: PM: pci_pm_resume_noirq returned 0 after 284 usecs
 8月 05 18:09:31 macbookair2015 kernel: i801_smbus 0000:00:1f.3: PM: pci_pm_resume_noirq returned 0 after 282 usecs
 8月 05 18:09:31 macbookair2015 kernel: pcieport 0000:00:1c.4: Enabling MPC IRBNCE
 8月 05 18:09:31 macbookair2015 kernel: pcieport 0000:00:1c.4: Intel PCH root port ACS workaround enabled
 8月 05 18:09:31 macbookair2015 kernel: pcieport 0000:00:1c.4: PM: pci_pm_resume_noirq returned 0 after 353 usecs
 8月 05 18:09:31 macbookair2015 kernel: ac ACPI0003:00: PM: calling acpi_subsys_resume_noirq @ 431941, parent: platform
 8月 05 18:09:31 macbookair2015 kernel: pcieport 0000:05:00.0: PM: calling pci_pm_resume_noirq @ 432252, parent: 0000:00:1c.4
 8月 05 18:09:31 macbookair2015 kernel: ac ACPI0003:00: PM: acpi_subsys_resume_noirq returned 0 after 0 usecs
 8月 05 18:09:31 macbookair2015 kernel: pcieport 0000:00:1c.2: Enabling MPC IRBNCE
 8月 05 18:09:31 macbookair2015 kernel: pcieport 0000:00:1c.2: Intel PCH root port ACS workaround enabled
 8月 05 18:09:31 macbookair2015 kernel: pcieport 0000:00:1c.2: PM: pci_pm_resume_noirq returned 0 after 475 usecs
 8月 05 18:09:31 macbookair2015 kernel: facetimehd 0000:02:00.0: PM: pci_pm_resume_noirq returned 0 after 296 usecs
 8月 05 18:09:31 macbookair2015 kernel: pci 0000:03:00.0: PM: calling pci_pm_resume_noirq @ 432259, parent: 0000:00:1c.2
 8月 05 18:09:31 macbookair2015 kernel: pci 0000:03:00.0: PM: pci_pm_resume_noirq returned 0 after 346 usecs
 8月 05 18:09:31 macbookair2015 kernel: pcieport 0000:05:00.0: PM: pci_pm_resume_noirq returned 0 after 653 usecs
 8月 05 18:09:31 macbookair2015 kernel: pcieport 0000:06:00.0: PM: calling pci_pm_resume_noirq @ 432266, parent: 0000:05:00.0
 8月 05 18:09:31 macbookair2015 kernel: snd_hda_intel 0000:00:03.0: PM: calling pci_pm_resume_noirq @ 432286, parent: pci0000:00
 8月 05 18:09:31 macbookair2015 kernel: xhci_hcd 0000:00:14.0: PM: pci_pm_resume_noirq returned 0 after 1411 usecs
 8月 05 18:09:31 macbookair2015 kernel: snd_hda_intel 0000:00:03.0: PM: pci_pm_resume_noirq returned 0 after 76 usecs
 8月 05 18:09:31 macbookair2015 kernel: pcieport 0000:06:00.0: PM: pci_pm_resume_noirq returned 0 after 205 usecs
 8月 05 18:09:31 macbookair2015 kernel: thunderbolt 0000:07:00.0: PM: calling pci_pm_resume_noirq @ 432253, parent: 0000:06:00.0
 8月 05 18:09:31 macbookair2015 kernel: thunderbolt 0000:07:00.0: PM: pci_pm_resume_noirq returned 0 after 6505 usecs
 8月 05 18:09:31 macbookair2015 kernel: pcieport 0000:06:03.0: PM: calling pci_pm_resume_noirq @ 432270, parent: 0000:05:00.0
 8月 05 18:09:31 macbookair2015 kernel: pcieport 0000:06:06.0: PM: calling pci_pm_resume_noirq @ 432265, parent: 0000:05:00.0
 8月 05 18:09:31 macbookair2015 kernel: pcieport 0000:06:04.0: PM: calling pci_pm_resume_noirq @ 432271, parent: 0000:05:00.0
 8月 05 18:09:31 macbookair2015 kernel: pcieport 0000:06:05.0: PM: calling pci_pm_resume_noirq @ 432272, parent: 0000:05:00.0
 8月 05 18:09:31 macbookair2015 kernel: pcieport 0000:06:06.0: PM: pci_pm_resume_noirq returned 0 after 298 usecs
 8月 05 18:09:31 macbookair2015 kernel: pcieport 0000:06:05.0: PM: pci_pm_resume_noirq returned 0 after 426 usecs
 8月 05 18:09:31 macbookair2015 kernel: pcieport 0000:06:04.0: PM: pci_pm_resume_noirq returned 0 after 438 usecs
 8月 05 18:09:31 macbookair2015 kernel: pcieport 0000:06:03.0: PM: pci_pm_resume_noirq returned 0 after 449 usecs
 8月 05 18:09:31 macbookair2015 kernel: snd_hda_intel 0000:00:1b.0: PM: pci_pm_resume_noirq returned 0 after 20143 usecs
 8月 05 18:09:31 macbookair2015 kernel: pcieport 0000:00:1c.5: Enabling MPC IRBNCE
 8月 05 18:09:31 macbookair2015 kernel: pcieport 0000:00:1c.5: Intel PCH root port ACS workaround enabled
 8月 05 18:09:31 macbookair2015 kernel: pcieport 0000:00:1c.5: PM: pci_pm_resume_noirq returned 0 after 1092170 usecs
 8月 05 18:09:31 macbookair2015 kernel: ahci 0000:04:00.0: PM: calling pci_pm_resume_noirq @ 432264, parent: 0000:00:1c.5
 8月 05 18:09:31 macbookair2015 kernel: ahci 0000:04:00.0: PM: pci_pm_resume_noirq returned 0 after 174 usecs
 8月 05 18:09:31 macbookair2015 kernel: PM: noirq resume of devices complete after 1092.925 msecs
 8月 05 18:09:31 macbookair2015 kernel: i915 0000:00:02.0: PM: calling pci_pm_resume_early @ 432280, parent: pci0000:00
 8月 05 18:09:31 macbookair2015 kernel: bdw_uncore 0000:00:00.0: PM: calling pci_pm_resume_early @ 432259, parent: pci0000:00
 8月 05 18:09:31 macbookair2015 kernel: bdw_uncore 0000:00:00.0: PM: pci_pm_resume_early returned 0 after 0 usecs
 8月 05 18:09:31 macbookair2015 kernel: xhci_hcd 0000:00:14.0: PM: calling pci_pm_resume_early @ 432259, parent: pci0000:00
 8月 05 18:09:31 macbookair2015 kernel: xhci_hcd 0000:00:14.0: PM: pci_pm_resume_early returned 0 after 0 usecs
 8月 05 18:09:31 macbookair2015 kernel: dw_dmac_pci 0000:00:15.0: PM: calling pci_pm_resume_early @ 432259, parent: pci0000:00
 8月 05 18:09:31 macbookair2015 kernel: dw_dmac_pci 0000:00:15.0: PM: pci_pm_resume_early returned 0 after 1 usecs
 8月 05 18:09:31 macbookair2015 kernel: pxa2xx_spi_pci 0000:00:15.4: PM: calling pci_pm_resume_early @ 432259, parent: pci0000:00
 8月 05 18:09:31 macbookair2015 kernel: pxa2xx_spi_pci 0000:00:15.4: PM: pci_pm_resume_early returned 0 after 0 usecs
 8月 05 18:09:31 macbookair2015 kernel: mei_me 0000:00:16.0: PM: calling pci_pm_resume_early @ 432259, parent: pci0000:00
 8月 05 18:09:31 macbookair2015 kernel: mei_me 0000:00:16.0: PM: pci_pm_resume_early returned 0 after 0 usecs
 8月 05 18:09:31 macbookair2015 kernel: snd_hda_intel 0000:00:1b.0: PM: calling pci_pm_resume_early @ 432259, parent: pci0000:00
 8月 05 18:09:31 macbookair2015 kernel: snd_hda_intel 0000:00:1b.0: PM: pci_pm_resume_early returned 0 after 0 usecs
 8月 05 18:09:31 macbookair2015 kernel: pcieport 0000:00:1c.0: PM: calling pci_pm_resume_early @ 432259, parent: pci0000:00
 8月 05 18:09:31 macbookair2015 kernel: pcieport 0000:00:1c.0: PM: pci_pm_resume_early returned 0 after 0 usecs
 8月 05 18:09:31 macbookair2015 kernel: pcieport 0000:00:1c.1: PM: calling pci_pm_resume_early @ 432259, parent: pci0000:00
 8月 05 18:09:31 macbookair2015 kernel: pcieport 0000:00:1c.1: PM: pci_pm_resume_early returned 0 after 0 usecs
 8月 05 18:09:31 macbookair2015 kernel: pcieport 0000:00:1c.2: PM: calling pci_pm_resume_early @ 432259, parent: pci0000:00
 8月 05 18:09:31 macbookair2015 kernel: pcieport 0000:00:1c.2: PM: pci_pm_resume_early returned 0 after 0 usecs
 8月 05 18:09:31 macbookair2015 kernel: pcieport 0000:00:1c.4: PM: calling pci_pm_resume_early @ 432259, parent: pci0000:00
 8月 05 18:09:31 macbookair2015 kernel: pcieport 0000:00:1c.4: PM: pci_pm_resume_early returned 0 after 0 usecs
 8月 05 18:09:31 macbookair2015 kernel: pcieport 0000:00:1c.5: PM: calling pci_pm_resume_early @ 432259, parent: pci0000:00
 8月 05 18:09:31 macbookair2015 kernel: pcieport 0000:00:1c.5: PM: pci_pm_resume_early returned 0 after 0 usecs
 8月 05 18:09:31 macbookair2015 kernel: i915 0000:00:02.0: PM: pci_pm_resume_early returned 0 after 116 usecs
 8月 05 18:09:31 macbookair2015 kernel: i801_smbus 0000:00:1f.3: PM: calling pci_pm_resume_early @ 432259, parent: pci0000:00
 8月 05 18:09:31 macbookair2015 kernel: lpc_ich 0000:00:1f.0: PM: calling pci_pm_resume_early @ 432274, parent: pci0000:00
 8月 05 18:09:31 macbookair2015 kernel: i801_smbus 0000:00:1f.3: PM: pci_pm_resume_early returned 0 after 0 usecs
 8月 05 18:09:31 macbookair2015 kernel: intel_pch_thermal 0000:00:1f.6: PM: calling pci_pm_resume_early @ 432273, parent: pci0000:00
 8月 05 18:09:31 macbookair2015 kernel: facetimehd 0000:02:00.0: PM: calling pci_pm_resume_early @ 432280, parent: 0000:00:1c.1
 8月 05 18:09:31 macbookair2015 kernel: lpc_ich 0000:00:1f.0: PM: pci_pm_resume_early returned 0 after 0 usecs
 8月 05 18:09:31 macbookair2015 kernel: intel_pch_thermal 0000:00:1f.6: PM: pci_pm_resume_early returned 0 after 0 usecs
 8月 05 18:09:31 macbookair2015 kernel: pci 0000:03:00.0: PM: calling pci_pm_resume_early @ 432259, parent: 0000:00:1c.2
 8月 05 18:09:31 macbookair2015 kernel: facetimehd 0000:02:00.0: PM: pci_pm_resume_early returned 0 after 0 usecs
 8月 05 18:09:31 macbookair2015 kernel: pci 0000:03:00.0: PM: pci_pm_resume_early returned 0 after 0 usecs
 8月 05 18:09:31 macbookair2015 kernel: pcieport 0000:05:00.0: PM: calling pci_pm_resume_early @ 432273, parent: 0000:00:1c.4
 8月 05 18:09:31 macbookair2015 kernel: pcieport 0000:05:00.0: PM: pci_pm_resume_early returned 0 after 0 usecs
 8月 05 18:09:31 macbookair2015 kernel: ahci 0000:04:00.0: PM: calling pci_pm_resume_early @ 432259, parent: 0000:00:1c.5
 8月 05 18:09:31 macbookair2015 kernel: ahci 0000:04:00.0: PM: pci_pm_resume_early returned 0 after 0 usecs
 8月 05 18:09:31 macbookair2015 kernel: pcieport 0000:06:00.0: PM: calling pci_pm_resume_early @ 432274, parent: 0000:05:00.0
 8月 05 18:09:31 macbookair2015 kernel: pcieport 0000:06:00.0: PM: pci_pm_resume_early returned 0 after 0 usecs
 8月 05 18:09:31 macbookair2015 kernel: ac ACPI0003:00: PM: calling acpi_subsys_resume_early @ 431941, parent: platform
 8月 05 18:09:31 macbookair2015 kernel: ac ACPI0003:00: PM: acpi_subsys_resume_early returned 0 after 0 usecs
 8月 05 18:09:31 macbookair2015 kernel: thunderbolt 0000:07:00.0: PM: calling pci_pm_resume_early @ 432280, parent: 0000:06:00.0
 8月 05 18:09:31 macbookair2015 kernel: thunderbolt 0000:07:00.0: PM: pci_pm_resume_early returned 0 after 0 usecs
 8月 05 18:09:31 macbookair2015 kernel: pcieport 0000:06:05.0: PM: calling pci_pm_resume_early @ 432271, parent: 0000:05:00.0
 8月 05 18:09:31 macbookair2015 kernel: pcieport 0000:06:06.0: PM: calling pci_pm_resume_early @ 384670, parent: 0000:05:00.0
 8月 05 18:09:31 macbookair2015 kernel: pcieport 0000:06:05.0: PM: pci_pm_resume_early returned 0 after 0 usecs
 8月 05 18:09:31 macbookair2015 kernel: pcieport 0000:06:06.0: PM: pci_pm_resume_early returned 0 after 0 usecs
 8月 05 18:09:31 macbookair2015 kernel: snd_hda_intel 0000:00:03.0: PM: calling pci_pm_resume_early @ 432280, parent: pci0000:00
 8月 05 18:09:31 macbookair2015 kernel: pcieport 0000:06:04.0: PM: calling pci_pm_resume_early @ 432259, parent: 0000:05:00.0
 8月 05 18:09:31 macbookair2015 kernel: snd_hda_intel 0000:00:03.0: PM: pci_pm_resume_early returned 0 after 0 usecs
 8月 05 18:09:31 macbookair2015 kernel: pcieport 0000:06:04.0: PM: pci_pm_resume_early returned 0 after 0 usecs
 8月 05 18:09:31 macbookair2015 kernel: pcieport 0000:06:03.0: PM: calling pci_pm_resume_early @ 432270, parent: 0000:05:00.0
 8月 05 18:09:31 macbookair2015 kernel: pcieport 0000:06:03.0: PM: pci_pm_resume_early returned 0 after 0 usecs
 8月 05 18:09:31 macbookair2015 kernel: PM: early resume of devices complete after 0.554 msecs
 8月 05 18:09:31 macbookair2015 kernel: bdw_uncore 0000:00:00.0: PM: calling pci_pm_resume @ 432247, parent: pci0000:00
 8月 05 18:09:31 macbookair2015 kernel: i915 0000:00:02.0: PM: calling pci_pm_resume @ 432270, parent: pci0000:00
 8月 05 18:09:31 macbookair2015 kernel: xhci_hcd 0000:00:14.0: PM: calling pci_pm_resume @ 432279, parent: pci0000:00
 8月 05 18:09:31 macbookair2015 kernel: bdw_uncore 0000:00:00.0: PM: pci_pm_resume returned 0 after 1 usecs
 8月 05 18:09:31 macbookair2015 kernel: reg-dummy reg-dummy: PM: calling platform_pm_resume @ 431941, parent: platform
 8月 05 18:09:31 macbookair2015 kernel: dw_dmac_pci 0000:00:15.0: PM: calling pci_pm_resume @ 432247, parent: pci0000:00
 8月 05 18:09:31 macbookair2015 kernel: reg-dummy reg-dummy: PM: platform_pm_resume returned 0 after 0 usecs
 8月 05 18:09:31 macbookair2015 kernel: dw_dmac_pci 0000:00:15.0: PM: pci_pm_resume returned 0 after 0 usecs
 8月 05 18:09:31 macbookair2015 kernel: regulator regulator.0: PM: calling regulator_resume @ 431941, parent: reg-dummy
 8月 05 18:09:31 macbookair2015 kernel: pxa2xx_spi_pci 0000:00:15.4: PM: calling pci_pm_resume @ 432247, parent: pci0000:00
 8月 05 18:09:31 macbookair2015 kernel: regulator regulator.0: PM: regulator_resume returned 0 after 0 usecs
 8月 05 18:09:31 macbookair2015 kernel: pxa2xx_spi_pci 0000:00:15.4: PM: pci_pm_resume returned 0 after 7 usecs
 8月 05 18:09:31 macbookair2015 kernel: mei_me 0000:00:16.0: PM: calling pci_pm_resume @ 432247, parent: pci0000:00
 8月 05 18:09:31 macbookair2015 kernel: ec PNP0C09:00: PM: calling acpi_ec_resume @ 431941, parent: device:0c
 8月 05 18:09:31 macbookair2015 kernel: ACPI: EC: event unblocked
 8月 05 18:09:31 macbookair2015 kernel: ec PNP0C09:00: PM: acpi_ec_resume returned 0 after 4 usecs
 8月 05 18:09:31 macbookair2015 kernel: sbs ACPI0002:00: PM: calling acpi_sbs_resume [sbs] @ 431941, parent: ACPI0001:00
 8月 05 18:09:31 macbookair2015 kernel: sbs ACPI0002:00: PM: acpi_sbs_resume [sbs] returned 0 after 0 usecs
 8月 05 18:09:31 macbookair2015 kernel: xhci_hcd 0000:00:14.0: PM: pci_pm_resume returned 0 after 82 usecs
 8月 05 18:09:31 macbookair2015 kernel: snd_hda_intel 0000:00:1b.0: PM: calling pci_pm_resume @ 432279, parent: pci0000:00
 8月 05 18:09:31 macbookair2015 kernel: button PNP0C0D:00: PM: calling acpi_button_resume [button] @ 431941, parent: LNXSYBUS:00
 8月 05 18:09:31 macbookair2015 kernel: pcieport 0000:00:1c.0: PM: calling pci_pm_resume @ 432273, parent: pci0000:00
 8月 05 18:09:31 macbookair2015 kernel: pcieport 0000:00:1c.0: PM: pci_pm_resume returned 0 after 3 usecs
 8月 05 18:09:31 macbookair2015 kernel: pcieport 0000:00:1c.1: PM: calling pci_pm_resume @ 432264, parent: pci0000:00
 8月 05 18:09:31 macbookair2015 kernel: pcieport 0000:00:1c.2: PM: calling pci_pm_resume @ 432273, parent: pci0000:00
 8月 05 18:09:31 macbookair2015 kernel: pcieport 0000:00:1c.2: PM: pci_pm_resume returned 0 after 2 usecs
 8月 05 18:09:31 macbookair2015 kernel: pcieport 0000:00:1c.1: PM: pci_pm_resume returned 0 after 13 usecs
 8月 05 18:09:31 macbookair2015 kernel: pcieport 0000:00:1c.4: PM: calling pci_pm_resume @ 432272, parent: pci0000:00
 8月 05 18:09:31 macbookair2015 kernel: pcieport 0000:00:1c.5: PM: calling pci_pm_resume @ 432273, parent: pci0000:00
 8月 05 18:09:31 macbookair2015 kernel: pcieport 0000:00:1c.4: PM: pci_pm_resume returned 0 after 2 usecs
 8月 05 18:09:31 macbookair2015 kernel: pcieport 0000:00:1c.5: PM: pci_pm_resume returned 0 after 1 usecs
 8月 05 18:09:31 macbookair2015 kernel: lpc_ich 0000:00:1f.0: PM: calling pci_pm_resume @ 432272, parent: pci0000:00
 8月 05 18:09:31 macbookair2015 kernel: i801_smbus 0000:00:1f.3: PM: calling pci_pm_resume @ 432273, parent: pci0000:00
 8月 05 18:09:31 macbookair2015 kernel: lpc_ich 0000:00:1f.0: PM: pci_pm_resume returned 0 after 0 usecs
 8月 05 18:09:31 macbookair2015 kernel: intel_pch_thermal 0000:00:1f.6: PM: calling pci_pm_resume @ 432272, parent: pci0000:00
 8月 05 18:09:31 macbookair2015 kernel: intel_pch_thermal 0000:00:1f.6: PM: pci_pm_resume returned 0 after 1 usecs
 8月 05 18:09:31 macbookair2015 kernel: i801_smbus 0000:00:1f.3: PM: pci_pm_resume returned 0 after 15 usecs
 8月 05 18:09:31 macbookair2015 kernel: facetimehd 0000:02:00.0: PM: calling pci_pm_resume @ 432272, parent: 0000:00:1c.1
 8月 05 18:09:31 macbookair2015 kernel: pci 0000:03:00.0: PM: calling pci_pm_resume @ 432273, parent: 0000:00:1c.2
 8月 05 18:09:31 macbookair2015 kernel: facetimehd 0000:02:00.0: Found FaceTime HD camera with device id: 1570
 8月 05 18:09:31 macbookair2015 kernel: pci 0000:03:00.0: PM: pci_pm_resume returned 0 after 0 usecs
 8月 05 18:09:31 macbookair2015 kernel: pcieport 0000:05:00.0: PM: calling pci_pm_resume @ 432273, parent: 0000:00:1c.4
 8月 05 18:09:31 macbookair2015 kernel: pcieport 0000:05:00.0: PM: pci_pm_resume returned 0 after 1 usecs
 8月 05 18:09:31 macbookair2015 kernel: pcieport 0000:06:00.0: PM: calling pci_pm_resume @ 432273, parent: 0000:05:00.0
 8月 05 18:09:31 macbookair2015 kernel: pcieport 0000:06:00.0: PM: pci_pm_resume returned 0 after 4 usecs
 8月 05 18:09:31 macbookair2015 kernel: thunderbolt 0000:07:00.0: PM: calling pci_pm_resume @ 432273, parent: 0000:06:00.0
 8月 05 18:09:31 macbookair2015 kernel: ahci 0000:04:00.0: PM: calling pci_pm_resume @ 432264, parent: 0000:00:1c.5
 8月 05 18:09:31 macbookair2015 kernel: thunderbolt 0000:07:00.0: PM: pci_pm_resume returned 0 after 20 usecs
 8月 05 18:09:31 macbookair2015 kernel: usb usb1: PM: calling usb_dev_resume [usbcore] @ 432259, parent: 0000:00:14.0
 8月 05 18:09:31 macbookair2015 kernel: facetimehd 0000:02:00.0: Setting 64bit DMA mask
 8月 05 18:09:31 macbookair2015 kernel: usb usb2: PM: calling usb_dev_resume [usbcore] @ 432252, parent: 0000:00:14.0
 8月 05 18:09:31 macbookair2015 kernel: pcieport 0000:06:03.0: PM: calling pci_pm_resume @ 432248, parent: 0000:05:00.0
 8月 05 18:09:31 macbookair2015 kernel: pcieport 0000:06:03.0: PM: pci_pm_resume returned 0 after 9 usecs
 8月 05 18:09:31 macbookair2015 kernel: pcieport 0000:06:04.0: PM: calling pci_pm_resume @ 432248, parent: 0000:05:00.0
 8月 05 18:09:31 macbookair2015 kernel: pcieport 0000:06:04.0: PM: pci_pm_resume returned 0 after 24 usecs
 8月 05 18:09:31 macbookair2015 kernel: pcieport 0000:06:05.0: PM: calling pci_pm_resume @ 432248, parent: 0000:05:00.0
 8月 05 18:09:31 macbookair2015 kernel: pcieport 0000:06:05.0: PM: pci_pm_resume returned 0 after 5 usecs
 8月 05 18:09:31 macbookair2015 kernel: pcieport 0000:06:06.0: PM: calling pci_pm_resume @ 432248, parent: 0000:05:00.0
 8月 05 18:09:31 macbookair2015 kernel: pcieport 0000:06:06.0: PM: pci_pm_resume returned 0 after 6 usecs
 8月 05 18:09:31 macbookair2015 kernel: button PNP0C0D:00: PM: acpi_button_resume [button] returned 0 after 2688 usecs
 8月 05 18:09:31 macbookair2015 kernel: button PNP0C0C:00: PM: calling acpi_button_resume [button] @ 431941, parent: LNXSYBUS:00
 8月 05 18:09:31 macbookair2015 kernel: button PNP0C0C:00: PM: acpi_button_resume [button] returned 0 after 14 usecs
 8月 05 18:09:31 macbookair2015 kernel: button PNP0C0E:00: PM: calling acpi_button_resume [button] @ 431941, parent: LNXSYBUS:00
 8月 05 18:09:31 macbookair2015 kernel: button PNP0C0E:00: PM: acpi_button_resume [button] returned 0 after 0 usecs
 8月 05 18:09:31 macbookair2015 kernel: platform acpi-cpufreq: PM: calling platform_pm_resume @ 431941, parent: platform
 8月 05 18:09:31 macbookair2015 kernel: platform acpi-cpufreq: PM: platform_pm_resume returned 0 after 0 usecs
 8月 05 18:09:31 macbookair2015 kernel: platform INT0800:00: PM: calling platform_pm_resume @ 431941, parent: 0000:00:1f.0
 8月 05 18:09:31 macbookair2015 kernel: platform INT0800:00: PM: platform_pm_resume returned 0 after 0 usecs
 8月 05 18:09:31 macbookair2015 kernel: platform PNP0C04:00: PM: calling platform_pm_resume @ 431941, parent: 0000:00:1f.0
 8月 05 18:09:31 macbookair2015 kernel: platform PNP0C04:00: PM: platform_pm_resume returned 0 after 0 usecs
 8月 05 18:09:31 macbookair2015 kernel: platform APP0001:00: PM: calling platform_pm_resume @ 431941, parent: 0000:00:1f.0
 8月 05 18:09:31 macbookair2015 kernel: platform APP0001:00: PM: platform_pm_resume returned 0 after 0 usecs
 8月 05 18:09:31 macbookair2015 kernel: platform ACPI0008:00: PM: calling platform_pm_resume @ 431941, parent: 0000:00:1f.0
 8月 05 18:09:31 macbookair2015 kernel: platform ACPI0008:00: PM: platform_pm_resume returned 0 after 0 usecs
 8月 05 18:09:31 macbookair2015 kernel: platform PNP0C09:00: PM: calling platform_pm_resume @ 431941, parent: 0000:00:1f.0
 8月 05 18:09:31 macbookair2015 kernel: platform PNP0C09:00: PM: platform_pm_resume returned 0 after 0 usecs
 8月 05 18:09:31 macbookair2015 kernel: platform ACPI0001:00: PM: calling platform_pm_resume @ 431941, parent: PNP0C09:00
 8月 05 18:09:31 macbookair2015 kernel: platform ACPI0001:00: PM: platform_pm_resume returned 0 after 0 usecs
 8月 05 18:09:31 macbookair2015 kernel: platform ACPI0002:00: PM: calling platform_pm_resume @ 431941, parent: ACPI0001:00
 8月 05 18:09:31 macbookair2015 kernel: platform ACPI0002:00: PM: platform_pm_resume returned 0 after 0 usecs
 8月 05 18:09:31 macbookair2015 kernel: ac ACPI0003:00: PM: calling acpi_subsys_resume @ 431941, parent: platform
 8月 05 18:09:31 macbookair2015 kernel: ac ACPI0003:00: PM: acpi_subsys_resume returned 0 after 19 usecs
 8月 05 18:09:31 macbookair2015 kernel: platform PNP0C0D:00: PM: calling platform_pm_resume @ 431941, parent: platform
 8月 05 18:09:31 macbookair2015 kernel: platform PNP0C0D:00: PM: platform_pm_resume returned 0 after 0 usecs
 8月 05 18:09:31 macbookair2015 kernel: platform PNP0C0C:00: PM: calling platform_pm_resume @ 431941, parent: platform
 8月 05 18:09:31 macbookair2015 kernel: platform PNP0C0C:00: PM: platform_pm_resume returned 0 after 0 usecs
 8月 05 18:09:31 macbookair2015 kernel: platform APP0002:00: PM: calling platform_pm_resume @ 431941, parent: platform
 8月 05 18:09:31 macbookair2015 kernel: platform APP0002:00: PM: platform_pm_resume returned 0 after 0 usecs
 8月 05 18:09:31 macbookair2015 kernel: platform PNP0C0E:00: PM: calling platform_pm_resume @ 431941, parent: platform
 8月 05 18:09:31 macbookair2015 kernel: platform PNP0C0E:00: PM: platform_pm_resume returned 0 after 0 usecs
 8月 05 18:09:31 macbookair2015 kernel: button LNXPWRBN:00: PM: calling acpi_button_resume [button] @ 431941, parent: LNXSYSTM:00
 8月 05 18:09:31 macbookair2015 kernel: button LNXPWRBN:00: PM: acpi_button_resume [button] returned 0 after 6 usecs
 8月 05 18:09:31 macbookair2015 kernel: platform rtc-efi.0: PM: calling platform_pm_resume @ 431941, parent: platform
 8月 05 18:09:31 macbookair2015 kernel: platform rtc-efi.0: PM: platform_pm_resume returned 0 after 0 usecs
 8月 05 18:09:31 macbookair2015 kernel: platform efivars.0: PM: calling platform_pm_resume @ 431941, parent: platform
 8月 05 18:09:31 macbookair2015 kernel: platform efivars.0: PM: platform_pm_resume returned 0 after 0 usecs
 8月 05 18:09:31 macbookair2015 kernel: system 00:00: PM: calling pnp_bus_resume @ 431941, parent: pnp0
 8月 05 18:09:31 macbookair2015 kernel: system 00:00: PM: pnp_bus_resume returned 0 after 0 usecs
 8月 05 18:09:31 macbookair2015 kernel: system 00:01: PM: calling pnp_bus_resume @ 431941, parent: pnp0
 8月 05 18:09:31 macbookair2015 kernel: system 00:01: PM: pnp_bus_resume returned 0 after 0 usecs
 8月 05 18:09:31 macbookair2015 kernel: rtc_cmos 00:02: PM: calling pnp_bus_resume @ 431941, parent: pnp0
 8月 05 18:09:31 macbookair2015 kernel: rtc_cmos 00:02: PM: pnp_bus_resume returned 0 after 0 usecs
 8月 05 18:09:31 macbookair2015 kernel: system 00:03: PM: calling pnp_bus_resume @ 431941, parent: pnp0
 8月 05 18:09:31 macbookair2015 kernel: system 00:03: PM: pnp_bus_resume returned 0 after 0 usecs
 8月 05 18:09:31 macbookair2015 kernel: system 00:04: PM: calling pnp_bus_resume @ 431941, parent: pnp0
 8月 05 18:09:31 macbookair2015 kernel: system 00:04: PM: pnp_bus_resume returned 0 after 0 usecs
 8月 05 18:09:31 macbookair2015 kernel: pcspkr pcspkr: PM: calling platform_pm_resume @ 431941, parent: platform
 8月 05 18:09:31 macbookair2015 kernel: pcspkr pcspkr: PM: platform_pm_resume returned 0 after 0 usecs
 8月 05 18:09:31 macbookair2015 kernel: serial8250 serial8250: PM: calling platform_pm_resume @ 431941, parent: platform
 8月 05 18:09:31 macbookair2015 kernel: serial8250 serial8250: PM: platform_pm_resume returned 0 after 1 usecs
 8月 05 18:09:31 macbookair2015 kernel: port serial8250:0.0: PM: calling pm_runtime_force_resume @ 431941, parent: serial8250:0
 8月 05 18:09:31 macbookair2015 kernel: port serial8250:0.0: PM: pm_runtime_force_resume returned 0 after 0 usecs
 8月 05 18:09:31 macbookair2015 kernel: port serial8250:0.1: PM: calling pm_runtime_force_resume @ 431941, parent: serial8250:0
 8月 05 18:09:31 macbookair2015 kernel: port serial8250:0.1: PM: pm_runtime_force_resume returned 0 after 0 usecs
 8月 05 18:09:31 macbookair2015 kernel: port serial8250:0.2: PM: calling pm_runtime_force_resume @ 431941, parent: serial8250:0
 8月 05 18:09:31 macbookair2015 kernel: port serial8250:0.2: PM: pm_runtime_force_resume returned 0 after 0 usecs
 8月 05 18:09:31 macbookair2015 kernel: port serial8250:0.3: PM: calling pm_runtime_force_resume @ 431941, parent: serial8250:0
 8月 05 18:09:31 macbookair2015 kernel: port serial8250:0.3: PM: pm_runtime_force_resume returned 0 after 0 usecs
 8月 05 18:09:31 macbookair2015 kernel: rtc rtc0: PM: calling rtc_resume @ 431941, parent: 00:02
 8月 05 18:09:31 macbookair2015 kernel: rtc rtc0: PM: rtc_resume returned 0 after 0 usecs
 8月 05 18:09:31 macbookair2015 kernel: alarmtimer alarmtimer.0.auto: PM: calling platform_pm_resume @ 431941, parent: rtc0
 8月 05 18:09:31 macbookair2015 kernel: alarmtimer alarmtimer.0.auto: PM: platform_pm_resume returned 0 after 0 usecs
 8月 05 18:09:31 macbookair2015 kernel: platform microcode: PM: calling platform_pm_resume @ 431941, parent: platform
 8月 05 18:09:31 macbookair2015 kernel: platform microcode: PM: platform_pm_resume returned 0 after 0 usecs
 8月 05 18:09:31 macbookair2015 kernel: input input0: PM: calling input_dev_resume @ 431941, parent: PNP0C0D:00
 8月 05 18:09:31 macbookair2015 kernel: input input0: PM: input_dev_resume returned 0 after 0 usecs
 8月 05 18:09:31 macbookair2015 kernel: input input1: PM: calling input_dev_resume @ 431941, parent: PNP0C0C:00
 8月 05 18:09:31 macbookair2015 kernel: input input1: PM: input_dev_resume returned 0 after 0 usecs
 8月 05 18:09:31 macbookair2015 kernel: input input2: PM: calling input_dev_resume @ 431941, parent: PNP0C0E:00
 8月 05 18:09:31 macbookair2015 kernel: input input2: PM: input_dev_resume returned 0 after 0 usecs
 8月 05 18:09:31 macbookair2015 kernel: input input3: PM: calling input_dev_resume @ 431941, parent: LNXPWRBN:00
 8月 05 18:09:31 macbookair2015 kernel: input input3: PM: input_dev_resume returned 0 after 0 usecs
 8月 05 18:09:31 macbookair2015 kernel: platform iTCO_wdt.1.auto: PM: calling platform_pm_resume @ 431941, parent: 0000:00:1f.0
 8月 05 18:09:31 macbookair2015 kernel: platform iTCO_wdt.1.auto: PM: platform_pm_resume returned 0 after 0 usecs
 8月 05 18:09:31 macbookair2015 kernel: platform intel-spi: PM: calling platform_pm_resume @ 431941, parent: 0000:00:1f.0
 8月 05 18:09:31 macbookair2015 kernel: platform intel-spi: PM: platform_pm_resume returned 0 after 0 usecs
 8月 05 18:09:31 macbookair2015 kernel: input input5: PM: calling input_dev_resume @ 431941, parent: LNXVIDEO:00
 8月 05 18:09:31 macbookair2015 kernel: input input5: PM: input_dev_resume returned 0 after 0 usecs
 8月 05 18:09:31 macbookair2015 kernel: mei_me 0000:00:16.0: PM: pci_pm_resume returned 0 after 3944 usecs
 8月 05 18:09:31 macbookair2015 kernel: snd_hda_intel 0000:00:1b.0: PM: pci_pm_resume returned 0 after 4720 usecs
 8月 05 18:09:31 macbookair2015 kernel: facetimehd 0000:02:00.0: S2 PCIe link init succeeded
 8月 05 18:09:31 macbookair2015 kernel: facetimehd 0000:02:00.0: Refclk: 25MHz (0xa)
 8月 05 18:09:31 macbookair2015 kernel: facetimehd 0000:02:00.0: PLL reset finished
 8月 05 18:09:31 macbookair2015 kernel: facetimehd 0000:02:00.0: Waiting for S2 PLL to lock at 450 MHz
 8月 05 18:09:31 macbookair2015 kernel: facetimehd 0000:02:00.0: S2 PLL is locked after 10 us
 8月 05 18:09:31 macbookair2015 kernel: ahci 0000:04:00.0: PM: pci_pm_resume returned 0 after 20146 usecs
 8月 05 18:09:31 macbookair2015 kernel:  ata1: PM: calling ata_port_pm_resume [libata] @ 432248, parent: 0000:04:00.0
 8月 05 18:09:31 macbookair2015 kernel:  ata1: PM: ata_port_pm_resume [libata] returned 0 after 5 usecs
 8月 05 18:09:31 macbookair2015 kernel: scsi host0: PM: calling scsi_bus_resume [scsi_mod] @ 432251, parent: ata1
 8月 05 18:09:31 macbookair2015 kernel: scsi host0: PM: scsi_bus_resume [scsi_mod] returned 0 after 0 usecs
 8月 05 18:09:31 macbookair2015 kernel: scsi target0:0:0: PM: calling scsi_bus_resume [scsi_mod] @ 432246, parent: host0
 8月 05 18:09:31 macbookair2015 kernel: scsi target0:0:0: PM: scsi_bus_resume [scsi_mod] returned 0 after 0 usecs
 8月 05 18:09:31 macbookair2015 kernel: sd 0:0:0:0: PM: calling scsi_bus_resume [scsi_mod] @ 432262, parent: target0:0:0
 8月 05 18:09:31 macbookair2015 kernel: sd 0:0:0:0: PM: scsi_bus_resume [scsi_mod] returned 0 after 2 usecs
 8月 05 18:09:31 macbookair2015 kernel: usb usb2: PM: usb_dev_resume [usbcore] returned 0 after 21327 usecs
 8月 05 18:09:31 macbookair2015 kernel: facetimehd 0000:02:00.0: S2 PLL is in bypass mode
 8月 05 18:09:31 macbookair2015 kernel: facetimehd 0000:02:00.0: DDR40 PHY PLL locked on safe settings
 8月 05 18:09:31 macbookair2015 kernel: facetimehd 0000:02:00.0: STRAP valid
 8月 05 18:09:31 macbookair2015 kernel: facetimehd 0000:02:00.0: Configuring DDR PLLs for 450 MHz
 8月 05 18:09:31 macbookair2015 kernel: facetimehd 0000:02:00.0: DDR40 PLL is locked after 0 us
 8月 05 18:09:31 macbookair2015 kernel: facetimehd 0000:02:00.0: First DDR40 VDL calibration completed after 2 us
 8月 05 18:09:31 macbookair2015 kernel: facetimehd 0000:02:00.0: Second DDR40 VDL calibration completed after 1 us
 8月 05 18:09:31 macbookair2015 kernel: facetimehd 0000:02:00.0: Using step size 145
 8月 05 18:09:31 macbookair2015 kernel: facetimehd 0000:02:00.0: VDL set to: coarse=0x10008, fine=0x10119
 8月 05 18:09:31 macbookair2015 kernel: facetimehd 0000:02:00.0: Virtual VTT enabled
 8月 05 18:09:31 macbookair2015 kernel: usb usb1: PM: usb_dev_resume [usbcore] returned 0 after 52570 usecs
 8月 05 18:09:31 macbookair2015 kernel: usb 1-3: PM: calling usb_dev_resume [usbcore] @ 432281, parent: usb1
 8月 05 18:09:31 macbookair2015 kernel: usb 1-5: PM: calling usb_dev_resume [usbcore] @ 424635, parent: usb1
 8月 05 18:09:31 macbookair2015 kernel: usb 1-3: PM: usb_dev_resume [usbcore] returned 0 after 13205 usecs
 8月 05 18:09:31 macbookair2015 kernel: usb 1-3.3: PM: calling usb_dev_resume [usbcore] @ 432267, parent: 1-3
 8月 05 18:09:31 macbookair2015 kernel: facetimehd 0000:02:00.0: S2 DRAM memory address: 0x22159559
 8月 05 18:09:31 macbookair2015 kernel: facetimehd 0000:02:00.0: Rewrite DDR mode registers succeeded
 8月 05 18:09:31 macbookair2015 kernel: facetimehd 0000:02:00.0: Full memory verification succeeded! (0)
 8月 05 18:09:31 macbookair2015 kernel: usb 1-3.3: PM: usb_dev_resume [usbcore] returned 0 after 15761 usecs
 8月 05 18:09:31 macbookair2015 kernel: usb 1-5: PM: usb_dev_resume [usbcore] returned 0 after 101093 usecs
 8月 05 18:09:31 macbookair2015 kernel: facetimehd 0000:02:00.0: Loaded firmware, size: 1392kb
 8月 05 18:09:31 macbookair2015 kernel: ata1: SATA link up 6.0 Gbps (SStatus 133 SControl 300)
 8月 05 18:09:31 macbookair2015 kernel: ata1.00: LPM support broken, forcing max_power
 8月 05 18:09:31 macbookair2015 kernel: ata1.00: unexpected _GTF length (8)
 8月 05 18:09:31 macbookair2015 kernel: sd 0:0:0:0: [sda] Starting disk
 8月 05 18:09:31 macbookair2015 kernel: ata1.00: LPM support broken, forcing max_power
 8月 05 18:09:31 macbookair2015 kernel: ata1.00: unexpected _GTF length (8)
 8月 05 18:09:31 macbookair2015 kernel: ata1.00: configured for UDMA/133
 8月 05 18:09:31 macbookair2015 kernel: facetimehd 0000:02:00.0: ISP woke up after 0ms
 8月 05 18:09:31 macbookair2015 kernel: facetimehd 0000:02:00.0: Number of IPC channels: 7, queue size: 44865
 8月 05 18:09:31 macbookair2015 kernel: facetimehd 0000:02:00.0: Firmware requested heap size: 3072kb
 8月 05 18:09:31 macbookair2015 kernel: facetimehd 0000:02:00.0: ISP second int after 0ms
 8月 05 18:09:31 macbookair2015 kernel: facetimehd 0000:02:00.0: Channel description table at 00800000
 8月 05 18:09:31 macbookair2015 kernel: facetimehd 0000:02:00.0: magic value: 00000000 after 0 ms
 8月 05 18:09:31 macbookair2015 kernel: facetimehd 0000:02:00.0: Enabling interrupts
 8月 05 18:09:31 macbookair2015 kernel: FWMSG: 
 8月 05 18:09:31 macbookair2015 kernel: FWMSG: - APOLLO-ISP-APPLE ------------------------------------------------------------
 8月 05 18:09:31 macbookair2015 kernel: FWMSG: 
 8月 05 18:09:31 macbookair2015 kernel: FWMSG:   Restart count : 0
 8月 05 18:09:31 macbookair2015 kernel: FWMSG:   Platform : mode = TARGET, ID = 0x00000000, HW = 00020018.00000000
 8月 05 18:09:31 macbookair2015 kernel: FWMSG:   System Clock : 200000000 Hz
 8月 05 18:09:31 macbookair2015 kernel: FWMSG:   Processor mode : SUPERVISOR
 8月 05 18:09:31 macbookair2015 kernel: FWMSG:   Cache architecture type : SEPARATE
 8月 05 18:09:31 macbookair2015 kernel: FWMSG:   Cache type : WRITEBACK
 8月 05 18:09:31 macbookair2015 kernel: FWMSG:   Data Cache Line : 32 [0x20]
 8月 05 18:09:31 macbookair2015 kernel: FWMSG:   Boot arguments entries : 2
 8月 05 18:09:31 macbookair2015 kernel: FWMSG:     0000: 0x00000000 0x00000000
 8月 05 18:09:31 macbookair2015 kernel: FWMSG:   Physical memory base : 0x00000000 [TLB base 0x00160000]
 8月 05 18:09:31 macbookair2015 kernel: FWMSG:   Main memory :   base : 0x00000000
 8月 05 18:09:31 macbookair2015 kernel: FWMSG:                   size : 8388608 [0x00800000] [8.0 MB]
 8月 05 18:09:31 macbookair2015 kernel: FWMSG:   Extra heap :    base : 0x2080b000 [phy = 0x0080b000]
 8月 05 18:09:31 macbookair2015 kernel: FWMSG:                   size : 3145728 [0x00300000] [3.0 MB]
 8月 05 18:09:31 macbookair2015 kernel: FWMSG:   Shared window : base : 0x00800000 [static wiring]
 8月 05 18:09:31 macbookair2015 kernel: FWMSG:                   size : 125829120 [0x07800000] [120.0 MB]
 8月 05 18:09:31 macbookair2015 kernel: FWMSG:   Shared memory : base : 0x00800000
 8月 05 18:09:31 macbookair2015 kernel: FWMSG:                   size : 260046848 [0x0f800000] [248.0 MB]
 8月 05 18:09:31 macbookair2015 kernel: FWMSG:   TEXT : 1421992 [0x15b2a8] - text 667256, cstring  38749, const 715528
 8月 05 18:09:31 macbookair2015 kernel: FWMSG:   DATA : 8076 [0x1f8c] - data 0, bss 460, common 1452, noinit 6144
 8月 05 18:09:31 macbookair2015 kernel: FWMSG:   Heap free space : 10002626 [0x0098a0c2]
 8月 05 18:09:31 macbookair2015 kernel: FWMSG:   Heap allocated space : 94656 [0x000171c0]
 8月 05 18:09:31 macbookair2015 kernel: FWMSG:   Disclaimer : Copyright (c) APPLE Inc. All Rights Reserved.
 8月 05 18:09:31 macbookair2015 kernel: FWMSG:   Application : adc [release]
 8月 05 18:09:31 macbookair2015 kernel: FWMSG:   Linked on : Jul 25 2015 - 08:48:55
 8月 05 18:09:31 macbookair2015 kernel: FWMSG:   Release : S2ISP-01.43.00
 8月 05 18:09:31 macbookair2015 kernel: FWMSG:   H4ISPAPPLE : 11536
 8月 05 18:09:31 macbookair2015 kernel: FWMSG:   H4ISPCD : 4081
 8月 05 18:09:31 macbookair2015 kernel: FWMSG:   ffw : 4143
 8月 05 18:09:31 macbookair2015 kernel: FWMSG:   Tool-chain : iPhone OS - 7.0.3 [clang/clang++]
 8月 05 18:09:31 macbookair2015 kernel: FWMSG: 
 8月 05 18:09:31 macbookair2015 kernel: FWMSG: -------------------------------------------------------------------------------
 8月 05 18:09:31 macbookair2015 kernel: FWMSG: 
 8月 05 18:09:31 macbookair2015 kernel: i915 0000:00:02.0: PM: pci_pm_resume returned 0 after 444160 usecs
 8月 05 18:09:31 macbookair2015 kernel: snd_hda_intel 0000:00:03.0: PM: calling pci_pm_resume @ 432256, parent: pci0000:00
 8月 05 18:09:31 macbookair2015 kernel: backlight acpi_video0: PM: calling backlight_resume @ 431941, parent: 0000:00:02.0
 8月 05 18:09:31 macbookair2015 kernel: backlight acpi_video0: PM: backlight_resume returned 0 after 0 usecs
 8月 05 18:09:31 macbookair2015 kernel: input input7: PM: calling input_dev_resume @ 431941, parent: 0003:05AC:0290.0002
 8月 05 18:09:31 macbookair2015 kernel: input input7: PM: input_dev_resume returned 0 after 21 usecs
 8月 05 18:09:31 macbookair2015 kernel: leds input7::numlock: PM: calling led_resume @ 431941, parent: input7
 8月 05 18:09:31 macbookair2015 kernel: leds input7::numlock: PM: led_resume returned 0 after 0 usecs
 8月 05 18:09:31 macbookair2015 kernel: leds input7::capslock: PM: calling led_resume @ 431941, parent: input7
 8月 05 18:09:31 macbookair2015 kernel: leds input7::capslock: PM: led_resume returned 0 after 0 usecs
 8月 05 18:09:31 macbookair2015 kernel: leds input7::scrolllock: PM: calling led_resume @ 431941, parent: input7
 8月 05 18:09:31 macbookair2015 kernel: leds input7::scrolllock: PM: led_resume returned 0 after 0 usecs
 8月 05 18:09:31 macbookair2015 kernel: leds input7::compose: PM: calling led_resume @ 431941, parent: input7
 8月 05 18:09:31 macbookair2015 kernel: leds input7::compose: PM: led_resume returned 0 after 0 usecs
 8月 05 18:09:31 macbookair2015 kernel: leds input7::kana: PM: calling led_resume @ 431941, parent: input7
 8月 05 18:09:31 macbookair2015 kernel: leds input7::kana: PM: led_resume returned 0 after 0 usecs
 8月 05 18:09:31 macbookair2015 kernel: input input8: PM: calling input_dev_resume @ 431941, parent: 1-5:1.2
 8月 05 18:09:31 macbookair2015 kernel: input input8: PM: input_dev_resume returned 0 after 0 usecs
 8月 05 18:09:31 macbookair2015 kernel: input input9: PM: calling input_dev_resume @ 431941, parent: pcspkr
 8月 05 18:09:31 macbookair2015 kernel: input input9: PM: input_dev_resume returned 0 after 10 usecs
 8月 05 18:09:31 macbookair2015 kernel: applesmc applesmc.768: PM: calling platform_pm_resume @ 431941, parent: platform
 8月 05 18:09:31 macbookair2015 kernel: applesmc applesmc.768: PM: platform_pm_resume returned 0 after 268 usecs
 8月 05 18:09:31 macbookair2015 kernel: rfkill rfkill0: PM: calling rfkill_resume [rfkill] @ 431941, parent: hci0
 8月 05 18:09:31 macbookair2015 kernel: rfkill rfkill0: PM: rfkill_resume [rfkill] returned 0 after 4 usecs
 8月 05 18:09:31 macbookair2015 kernel: leds smc::kbd_backlight: PM: calling led_resume @ 431941, parent: applesmc.768
 8月 05 18:09:31 macbookair2015 kernel: leds smc::kbd_backlight: PM: led_resume returned 0 after 0 usecs
 8月 05 18:09:31 macbookair2015 kernel: input input10: PM: calling input_dev_resume @ 431941, parent: card1
 8月 05 18:09:31 macbookair2015 kernel: input input10: PM: input_dev_resume returned 0 after 0 usecs
 8月 05 18:09:31 macbookair2015 kernel: snd_hda_intel 0000:00:03.0: PM: pci_pm_resume returned 0 after 2316 usecs
 8月 05 18:09:31 macbookair2015 kernel: input input12: PM: calling input_dev_resume @ 431941, parent: card0
 8月 05 18:09:31 macbookair2015 kernel: input input12: PM: input_dev_resume returned 0 after 0 usecs
 8月 05 18:09:31 macbookair2015 kernel: input input11: PM: calling input_dev_resume @ 431941, parent: card1
 8月 05 18:09:31 macbookair2015 kernel: input input11: PM: input_dev_resume returned 0 after 0 usecs
 8月 05 18:09:31 macbookair2015 kernel: input input13: PM: calling input_dev_resume @ 431941, parent: card0
 8月 05 18:09:31 macbookair2015 kernel: input input13: PM: input_dev_resume returned 0 after 0 usecs
 8月 05 18:09:31 macbookair2015 kernel: input input14: PM: calling input_dev_resume @ 431941, parent: card0
 8月 05 18:09:31 macbookair2015 kernel: input input14: PM: input_dev_resume returned 0 after 0 usecs
 8月 05 18:09:31 macbookair2015 kernel: platform coretemp.0: PM: calling platform_pm_resume @ 431941, parent: platform
 8月 05 18:09:31 macbookair2015 kernel: platform coretemp.0: PM: platform_pm_resume returned 0 after 0 usecs
 8月 05 18:09:31 macbookair2015 kernel: intel_rapl_msr intel_rapl_msr.0: PM: calling platform_pm_resume @ 431941, parent: platform
 8月 05 18:09:31 macbookair2015 kernel: intel_rapl_msr intel_rapl_msr.0: PM: platform_pm_resume returned 0 after 0 usecs
 8月 05 18:09:31 macbookair2015 kernel: input input15: PM: calling input_dev_resume @ 431941, parent: none
 8月 05 18:09:31 macbookair2015 kernel: input input15: PM: input_dev_resume returned 0 after 0 usecs
 8月 05 18:09:31 macbookair2015 kernel: FWMSG: [ISP] CMD = 0x0004 [CISP_CMD_PRINT_ENABLE]
 8月 05 18:09:31 macbookair2015 kernel: FWMSG: [ISP] CMD = 0x0003 [CISP_CMD_CONFIG_GET]
 8月 05 18:09:31 macbookair2015 kernel: FWMSG: [ISP] CH = 0 CMD = 0x010d [CISP_CMD_CH_INFO_GET]
 8月 05 18:09:31 macbookair2015 kernel: FWMSG: [ISP] CH = 0 CMD = 0x0106 [CISP_CMD_CH_CAMERA_CONFIG_GET]
 8月 05 18:09:31 macbookair2015 kernel: FWMSG: [DSC] CH = 0   Camera current config Get [0] 
 8月 05 18:09:31 macbookair2015 kernel: FWMSG: [ISP] CH = 0 CMD = 0x0106 [CISP_CMD_CH_CAMERA_CONFIG_GET]
 8月 05 18:09:31 macbookair2015 kernel: FWMSG: [DSC] CH = 0   Camera current config Get [1] 
 8月 05 18:09:31 macbookair2015 kernel: facetimehd 0000:02:00.0: firmware: failed to load facetimehd/1871_01XX.dat (-2)
 8月 05 18:09:31 macbookair2015 kernel: facetimehd 0000:02:00.0: firmware: failed to load facetimehd/1871_01XX.dat (-2)
 8月 05 18:09:31 macbookair2015 kernel: facetimehd 0000:02:00.0: firmware: failed to load facetimehd/1871_01XX.dat (-2)
 8月 05 18:09:31 macbookair2015 kernel: facetimehd 0000:02:00.0: Direct firmware load for facetimehd/1871_01XX.dat failed with error -2
 8月 05 18:09:31 macbookair2015 kernel: facetimehd 0000:02:00.0: PM: pci_pm_resume returned 0 after 514723 usecs
 8月 05 18:09:31 macbookair2015 kernel: PM: resume of devices complete after 515.917 msecs
 8月 05 18:09:31 macbookair2015 kernel: OOM killer enabled.
 8月 05 18:09:31 macbookair2015 kernel: Restarting tasks ... done.
 8月 05 18:09:31 macbookair2015 kernel: random: crng reseeded on system resumption
 8月 05 18:09:31 macbookair2015 kernel: video LNXVIDEO:00: Restoring backlight state
 8月 05 18:09:31 macbookair2015 kernel: PM: suspend exit
 8月 05 18:09:31 macbookair2015 kernel: cfg80211: Loading compiled-in X.509 certificates for regulatory database
 8月 05 18:09:31 macbookair2015 kernel: Loaded X.509 cert 'benh@debian.org: 577e021cb980e0e820821ba7b54b4961b8b4fadf'
 8月 05 18:09:31 macbookair2015 kernel: Loaded X.509 cert 'romain.perier@gmail.com: 3abbc6ec146e09d1b6016ab9d6cf71dd233f0328'
 8月 05 18:09:31 macbookair2015 kernel: Loaded X.509 cert 'sforshee: 00b28ddf47aef9cea7'
 8月 05 18:09:31 macbookair2015 kernel: Loaded X.509 cert 'wens: 61c038651aabdcf94bd0ac7ff06c7248db18c600'
 8月 05 18:09:31 macbookair2015 systemd-logind[789]: Lid opened.
 8月 05 18:09:31 macbookair2015 bluetoothd[761]: Controller resume with wake event 0x0
 8月 05 18:09:31 macbookair2015 systemd-sleep[432413]: lsmod: ERROR: could not open '/sys/module/cfg80211/holders': No such file or directory
 8月 05 18:09:31 macbookair2015 systemd-sleep[431941]: System returned from sleep operation 'suspend'.
 8月 05 18:09:31 macbookair2015 gdm3[937]: GLib: Source ID 343 was not found when attempting to remove it
 8月 05 18:09:31 macbookair2015 systemd-sleep[432422]: lsmod: ERROR: could not open '/sys/module/cfg80211/holders': No such file or directory
 8月 05 18:09:31 macbookair2015 kbd-backlight-sleep[432343]: post/suspend: restored=0
 8月 05 18:09:31 macbookair2015 snapshot-only[432364]: [POST] bnep_rx=0 bnep_tx=0
 8月 05 18:09:31 macbookair2015 snapshot-only[432379]: [POST] kbnepd_session=NOT FOUND
 8月 05 18:09:31 macbookair2015 snapshot-only[432389]: [POST] bnep_netdev=MISSING
 8月 05 18:09:31 macbookair2015 snapshot-only[432401]: [POST] xfrm_state=0 xfrm_policy=0
 8月 05 18:09:31 macbookair2015 snapshot-only[432412]: [POST] ping_running=NO
 8月 05 18:09:31 macbookair2015 snapshot-only[432449]: [POST] wl_loaded=NO cfg80211_loaded=YES wlp3s0_present=NO
 8月 05 18:09:31 macbookair2015 70-h4-probe[432598]: phase=post target=suspend mode=beta file=/var/log/h4-probe/1785920971.post
 8月 05 18:09:32 macbookair2015 kernel: wl: This driver includes a binary blob incompatible with IBT protection, available since Intel Core Tiger Lake (11th gen, 2020). If your CPU is older you can ignore the 'Unpatched return thunk in use' warnings caused by this driver. You can disable IBT by adding `ibt=off` to your kernel boot options.
 8月 05 18:09:32 macbookair2015 kernel: wlan0: Broadcom BCM43a0 802.11 Hybrid Wireless Controller 6.30.223.271 (r587334)
 8月 05 18:09:32 macbookair2015 kernel: 
 8月 05 18:09:32 macbookair2015 NetworkManager[844]: <info>  [1785920972.0391] manager: (wlan0): new 802.11 Wi-Fi device (/org/freedesktop/NetworkManager/Devices/75)
 8月 05 18:09:32 macbookair2015 NetworkManager[844]: <info>  [1785920972.0406] rfkill41: found Wi-Fi radio killswitch (at /sys/devices/pci0000:00/0000:00:1c.2/0000:03:00.0/ieee80211/phy0/rfkill41) (driver wl)
 8月 05 18:09:32 macbookair2015 NetworkManager[844]: <info>  [1785920972.0473] device (wlan0): interface index 84 renamed iface from 'wlan0' to 'wlp3s0'
 8月 05 18:09:32 macbookair2015 kernel: wl 0000:03:00.0 wlp3s0: renamed from wlan0
 8月 05 18:09:32 macbookair2015 ModemManager[894]: <wrn> [plugin-manager] task 51: port context already scheduled
 8月 05 18:09:32 macbookair2015 systemd[1]: user.slice: Unit now thawed.
 8月 05 18:09:32 macbookair2015 systemd-sleep[431941]: Successfully thawed unit 'user.slice'.
 8月 05 18:09:32 macbookair2015 systemd[1]: user-1000.slice: Unit now thawed.
 8月 05 18:09:32 macbookair2015 systemd[1]: user@1000.service: Unit now thawed.
 8月 05 18:09:32 macbookair2015 systemd[1]: session-1703.scope: Unit now thawed.
 8月 05 18:09:32 macbookair2015 systemd[1]: systemd-suspend.service: Deactivated successfully.
 8月 05 18:09:32 macbookair2015 systemd[1]: Finished systemd-suspend.service - System Suspend.
 8月 05 18:09:32 macbookair2015 systemd[1]: systemd-suspend.service: Consumed 1.715s CPU time, 137.5M memory peak.
 8月 05 18:09:32 macbookair2015 systemd[1]: Stopped target sleep.target - Sleep.
 8月 05 18:09:32 macbookair2015 systemd[1]: Reached target suspend.target - Suspend.
 8月 05 18:09:32 macbookair2015 systemd[1]: Starting grub-common.service - Record successful boot for GRUB...
 8月 05 18:09:32 macbookair2015 systemd[1]: Stopped target suspend.target - Suspend.
 8月 05 18:09:32 macbookair2015 systemd-logind[789]: Operation 'suspend' finished.
 8月 05 18:09:32 macbookair2015 ModemManager[894]: <msg> [sleep-monitor-systemd] system is resuming
 8月 05 18:09:32 macbookair2015 NetworkManager[844]: <info>  [1785920972.3051] manager: sleep: wake requested (sleeping: yes  enabled: yes)
 8月 05 18:09:32 macbookair2015 NetworkManager[844]: <info>  [1785920972.3053] device (CC:60:23:AF:2C:60): state change: unmanaged -> unavailable (reason 'managed', managed-type: 'external')
 8月 05 18:09:32 macbookair2015 NetworkManager[844]: <info>  [1785920972.3061] device (34:42:62:16:03:F6): state change: unmanaged -> unavailable (reason 'managed', managed-type: 'external')
 8月 05 18:09:32 macbookair2015 NetworkManager[844]: <info>  [1785920972.3068] device (wlp3s0): state change: unmanaged -> unavailable (reason 'managed', managed-type: 'external')
 8月 05 18:09:32 macbookair2015 NetworkManager[844]: <info>  [1785920972.3718] manager: NetworkManager state is now DISCONNECTED
 8月 05 18:09:32 macbookair2015 NetworkManager[844]: <info>  [1785920972.3722] device (CC:60:23:AF:2C:60): state change: unavailable -> disconnected (reason 'none', managed-type: 'full')
 8月 05 18:09:32 macbookair2015 NetworkManager[844]: <info>  [1785920972.3742] device (34:42:62:16:03:F6): state change: unavailable -> disconnected (reason 'none', managed-type: 'full')
 8月 05 18:09:32 macbookair2015 wpa_supplicant[846]: nl80211: deinit ifname=wlp3s0 disabled_11b_rates=0
 8月 05 18:09:32 macbookair2015 wpa_supplicant[846]: ioctl[SIOCSIWENCODEEXT]: Invalid argument
 8月 05 18:09:32 macbookair2015 wpa_supplicant[846]: ioctl[SIOCSIWENCODEEXT]: Invalid argument
 8月 05 18:09:32 macbookair2015 ModemManager[894]: <wrn> [plugin-manager] task 51: port context already scheduled
 8月 05 18:09:32 macbookair2015 wpa_supplicant[846]: dbus: fill_dict_with_properties dbus_interface=fi.w1.wpa_supplicant1.Interface.P2PDevice dbus_property=P2PDeviceConfig getter failed
 8月 05 18:09:32 macbookair2015 NetworkManager[844]: <info>  [1785920972.4732] device (wlp3s0): supplicant interface state: internal-starting -> disconnected
 8月 05 18:09:32 macbookair2015 NetworkManager[844]: <info>  [1785920972.4733] device (wlp3s0): state change: unavailable -> disconnected (reason 'supplicant-available', managed-type: 'full')
 8月 05 18:09:32 macbookair2015 systemd[1]: grub-common.service: Deactivated successfully.
 8月 05 18:09:32 macbookair2015 systemd[1]: Finished grub-common.service - Record successful boot for GRUB.
 8月 05 18:09:33 macbookair2015 gnome-shell[432658]: The XKEYBOARD keymap compiler (xkbcomp) reports:
 8月 05 18:09:33 macbookair2015 gnome-shell[432658]: > Warning:          Unsupported maximum keycode 708, clipping.
 8月 05 18:09:33 macbookair2015 gnome-shell[432658]: >                   X11 cannot support keycodes above 255.
 8月 05 18:09:33 macbookair2015 gnome-shell[432658]: > Warning:          Could not resolve keysym XF86KbdInputAssistPrevgrou
 8月 05 18:09:33 macbookair2015 gnome-shell[432658]: > Warning:          Could not resolve keysym XF86KbdInputAssistNextgrou
 8月 05 18:09:33 macbookair2015 gnome-shell[432658]: Errors from xkbcomp are not fatal to the X server
 8月 05 18:09:34 macbookair2015 gnome-shell[99037]: Gio.DBusError: GDBus.Error:org.freedesktop.DBus.Error.Failed: Set global engine failed: 操作がキャンセルされました
                                                     
                                                     (No stack trace)
 8月 05 18:09:34 macbookair2015 gnome-shell[99037]: Gio.DBusError: GDBus.Error:org.freedesktop.DBus.Error.Failed: Set global engine failed: 操作がキャンセルされました
                                                     
                                                     (No stack trace)
 8月 05 18:09:35 macbookair2015 gdm-password][432660]: gkr-pam: unlocked login keyring
 8月 05 18:09:35 macbookair2015 NetworkManager[844]: <info>  [1785920975.9642] agent-manager: agent[7a73626a011584fa,:1.16669/org.gnome.Shell.NetworkAgent/1000]: agent registered
 8月 05 18:09:36 macbookair2015 ModemManager[894]: <msg> [base-manager] couldn't check support for device '/sys/devices/pci0000:00/0000:00:1c.2/0000:03:00.0': not supported by any plugin
 8月 05 18:09:36 macbookair2015 NetworkManager[844]: <info>  [1785920976.6857] policy: auto-activating connection 'akadox' (ca77990e-8dc8-4fb0-89af-481bd5b2fbe1)
 8月 05 18:09:36 macbookair2015 NetworkManager[844]: <info>  [1785920976.6868] device (wlp3s0): Activation: starting connection 'akadox' (ca77990e-8dc8-4fb0-89af-481bd5b2fbe1)
 8月 05 18:09:36 macbookair2015 NetworkManager[844]: <info>  [1785920976.6872] device (wlp3s0): state change: disconnected -> prepare (reason 'none', managed-type: 'full')
 8月 05 18:09:36 macbookair2015 NetworkManager[844]: <info>  [1785920976.6875] manager: NetworkManager state is now CONNECTING
 8月 05 18:09:36 macbookair2015 NetworkManager[844]: <info>  [1785920976.6878] device (wlp3s0): state change: prepare -> config (reason 'none', managed-type: 'full')
 8月 05 18:09:36 macbookair2015 NetworkManager[844]: <info>  [1785920976.6881] device (wlp3s0): Activation: (wifi) access point 'akadox' has security, but secrets are required.
 8月 05 18:09:36 macbookair2015 NetworkManager[844]: <info>  [1785920976.6881] device (wlp3s0): state change: config -> need-auth (reason 'none', managed-type: 'full')
 8月 05 18:09:36 macbookair2015 NetworkManager[844]: <info>  [1785920976.6903] device (wlp3s0): state change: need-auth -> prepare (reason 'none', managed-type: 'full')
 8月 05 18:09:36 macbookair2015 NetworkManager[844]: <info>  [1785920976.6909] device (wlp3s0): state change: prepare -> config (reason 'none', managed-type: 'full')
 8月 05 18:09:36 macbookair2015 NetworkManager[844]: <info>  [1785920976.6915] device (wlp3s0): Activation: (wifi) connection 'akadox' has security, and secrets exist.  No new secrets needed.
 8月 05 18:09:36 macbookair2015 NetworkManager[844]: <info>  [1785920976.6915] Config: added 'ssid' value 'akadox'
 8月 05 18:09:36 macbookair2015 NetworkManager[844]: <info>  [1785920976.6915] Config: added 'scan_ssid' value '1'
 8月 05 18:09:36 macbookair2015 NetworkManager[844]: <info>  [1785920976.6915] Config: added 'bgscan' value 'simple:30:-70:86400'
 8月 05 18:09:36 macbookair2015 NetworkManager[844]: <info>  [1785920976.6916] Config: added 'key_mgmt' value 'WPA-PSK WPA-PSK-SHA256'
 8月 05 18:09:36 macbookair2015 NetworkManager[844]: <info>  [1785920976.6916] Config: added 'auth_alg' value 'OPEN'
 8月 05 18:09:36 macbookair2015 NetworkManager[844]: <info>  [1785920976.6916] Config: added 'psk' value '<hidden>'
 8月 05 18:09:36 macbookair2015 wpa_supplicant[846]: wlp3s0: Trying to associate with 30:de:4b:4a:0e:1d (SSID='akadox' freq=5180 MHz)
 8月 05 18:09:36 macbookair2015 NetworkManager[844]: <info>  [1785920976.7203] device (wlp3s0): supplicant interface state: disconnected -> associating
 8月 05 18:09:36 macbookair2015 wpa_supplicant[846]: wlp3s0: Associated with 30:de:4b:4a:0e:1d
 8月 05 18:09:36 macbookair2015 NetworkManager[844]: <info>  [1785920976.8354] device (wlp3s0): supplicant interface state: associating -> associated
 8月 05 18:09:36 macbookair2015 wpa_supplicant[846]: wlp3s0: WPA: Key negotiation completed with 30:de:4b:4a:0e:1d [PTK=CCMP GTK=CCMP]
 8月 05 18:09:36 macbookair2015 wpa_supplicant[846]: wlp3s0: CTRL-EVENT-CONNECTED - Connection to 30:de:4b:4a:0e:1d completed [id=0 id_str=]
 8月 05 18:09:36 macbookair2015 wpa_supplicant[846]: bgscan simple: Failed to enable signal strength monitoring
 8月 05 18:09:36 macbookair2015 wpa_supplicant[846]: wlp3s0: TRANSITION-DISABLE 01
 8月 05 18:09:36 macbookair2015 NetworkManager[844]: <info>  [1785920976.9511] device (wlp3s0): supplicant interface state: associated -> completed
 8月 05 18:09:36 macbookair2015 NetworkManager[844]: <info>  [1785920976.9512] device (wlp3s0): Activation: (wifi) Stage 2 of 5 (Device Configure) successful. Connected to wireless network "akadox"
 8月 05 18:09:36 macbookair2015 NetworkManager[844]: <info>  [1785920976.9517] device (wlp3s0): state change: config -> ip-config (reason 'none', managed-type: 'full')
 8月 05 18:09:36 macbookair2015 NetworkManager[844]: <info>  [1785920976.9539] dhcp4 (wlp3s0): activation: beginning transaction (timeout in 45 seconds)
 8月 05 18:09:36 macbookair2015 avahi-daemon[740]: Joining mDNS multicast group on interface wlp3s0.IPv6 with address fe80::2f85:d1b9:6507:946e.
 8月 05 18:09:36 macbookair2015 avahi-daemon[740]: New relevant interface wlp3s0.IPv6 for mDNS.
 8月 05 18:09:36 macbookair2015 avahi-daemon[740]: Registering new address record for fe80::2f85:d1b9:6507:946e on wlp3s0.*.
 8月 05 18:09:37 macbookair2015 NetworkManager[844]: <info>  [1785920977.0440] dhcp4 (wlp3s0): state changed new lease, address=192.168.39.146, acd pending
 8月 05 18:09:37 macbookair2015 systemd[1]: systemd-rfkill.service: Deactivated successfully.
 8月 05 18:09:37 macbookair2015 NetworkManager[844]: <info>  [1785920977.2007] dhcp4 (wlp3s0): state changed new lease, address=192.168.39.146
 8月 05 18:09:37 macbookair2015 avahi-daemon[740]: Joining mDNS multicast group on interface wlp3s0.IPv4 with address 192.168.39.146.
 8月 05 18:09:37 macbookair2015 avahi-daemon[740]: New relevant interface wlp3s0.IPv4 for mDNS.
 8月 05 18:09:37 macbookair2015 NetworkManager[844]: <info>  [1785920977.2049] policy: set 'akadox' (wlp3s0) as default for IPv4 routing and DNS
 8月 05 18:09:37 macbookair2015 avahi-daemon[740]: Registering new address record for 192.168.39.146 on wlp3s0.IPv4.
 8月 05 18:09:37 macbookair2015 com.discordapp.Discord.desktop[153128]: 18:09:37.209 › [GatewaySocket] Performing an expedited heartbeat reason: network detected online.
 8月 05 18:09:37 macbookair2015 com.discordapp.Discord.desktop[153128]: 18:09:37.229 › [GatewaySocket] Setting connection state to WILL_RECONNECT
 8月 05 18:09:37 macbookair2015 com.discordapp.Discord.desktop[153128]: 18:09:37.229 › [GatewaySocket] [WS CLOSED] (false, 1006, ) retrying in 2.36 seconds.
 8月 05 18:09:37 macbookair2015 NetworkManager[844]: <info>  [1785920977.2469] device (wlp3s0): state change: ip-config -> ip-check (reason 'none', managed-type: 'full')
 8月 05 18:09:37 macbookair2015 NetworkManager[844]: <info>  [1785920977.2521] device (wlp3s0): state change: ip-check -> secondaries (reason 'none', managed-type: 'full')
 8月 05 18:09:37 macbookair2015 NetworkManager[844]: <info>  [1785920977.2524] device (wlp3s0): state change: secondaries -> activated (reason 'none', managed-type: 'full')
 8月 05 18:09:37 macbookair2015 NetworkManager[844]: <info>  [1785920977.2529] manager: NetworkManager state is now CONNECTED_SITE
 8月 05 18:09:37 macbookair2015 NetworkManager[844]: <info>  [1785920977.2534] device (wlp3s0): Activation: successful, device activated.
 8月 05 18:09:37 macbookair2015 systemd[1]: NetworkManager-dispatcher.service: Deactivated successfully.
 8月 05 18:09:37 macbookair2015 NetworkManager[844]: <info>  [1785920977.2543] manager: NetworkManager state is now CONNECTED_GLOBAL
 8月 05 18:09:37 macbookair2015 dbus-daemon[763]: [system] Activating via systemd: service name='org.freedesktop.nm_dispatcher' unit='dbus-org.freedesktop.nm-dispatcher.service' requested by ':1.11' (uid=0 pid=844 comm="/usr/sbin/NetworkManager --no-daemon")
 8月 05 18:09:37 macbookair2015 systemd[1]: Starting NetworkManager-dispatcher.service - Network Manager Script Dispatcher Service...
 8月 05 18:09:37 macbookair2015 dbus-daemon[763]: [system] Successfully activated service 'org.freedesktop.nm_dispatcher'
 8月 05 18:09:37 macbookair2015 systemd[1]: Started NetworkManager-dispatcher.service - Network Manager Script Dispatcher Service.
 8月 05 18:09:39 macbookair2015 com.discordapp.Discord.desktop[153128]: 18:09:39.593 › [GatewaySocket] Setting connection state to CONNECTING
 8月 05 18:09:39 macbookair2015 com.discordapp.Discord.desktop[153128]: 18:09:39.594 › [GatewaySocket] [CONNECT] wss://gateway-us-east1-d.discord.gg, encoding: etf, version: 9, compression: zstd-stream
 8月 05 18:09:39 macbookair2015 systemd[1]: fwupd.service: Deactivated successfully.
 8月 05 18:09:39 macbookair2015 systemd[1]: fwupd.service: Consumed 1.006s CPU time, 38.1M memory peak.
 8月 05 18:09:39 macbookair2015 com.discordapp.Discord.desktop[153128]: 18:09:39.820 › [GatewaySocket] [CONNECTED] wss://gateway-us-east1-d.discord.gg/?encoding=etf&v=9&compress=zstd-stream in 226 ms
 8月 05 18:09:39 macbookair2015 com.discordapp.Discord.desktop[153128]: 18:09:39.821 › [ConnectionStore] handleIdentify called [object Object]
 8月 05 18:09:39 macbookair2015 com.discordapp.Discord.desktop[153128]: 18:09:39.821 › [GatewaySocket] Setting connection state to IDENTIFYING
 8月 05 18:09:39 macbookair2015 com.discordapp.Discord.desktop[153128]: 18:09:39.822 › [GatewaySocket] [IDENTIFY]
 8月 05 18:09:39 macbookair2015 com.discordapp.Discord.desktop[153128]: 18:09:39.834 › [GatewaySocket] [HELLO] via
 8月 05 18:09:39 macbookair2015 com.discordapp.Discord.desktop[153128]: gateway-prd-arm-us-east1-d-lcpq: 0, heartbeat interval: 41250, took 241 ms
 8月 05 18:09:42 macbookair2015 com.discordapp.Discord.desktop[153128]: 18:09:42.912 › [GatewaySocket] [READY] took 3318ms, as 77bf738661274e535c2995fd953286ad
 8月 05 18:09:42 macbookair2015 com.discordapp.Discord.desktop[153128]: 18:09:42.913 › [GatewaySocket]
 8月 05 18:09:42 macbookair2015 com.discordapp.Discord.desktop[153128]: gateway-prd-arm-us-east1-d-lcpq: 2337.866
 8月 05 18:09:42 macbookair2015 com.discordapp.Discord.desktop[153128]: |  id_created: 0.762
 8月 05 18:09:42 macbookair2015 com.discordapp.Discord.desktop[153128]: |  session_lookup_time: 3.484
 8月 05 18:09:42 macbookair2015 com.discordapp.Discord.desktop[153128]: |  session_lookup_finished: 0.014
 8月 05 18:09:42 macbookair2015 com.discordapp.Discord.desktop[153128]: |  sessions-prd-gcp-us-east1-d-80: 2323.41
 8月 05 18:09:42 macbookair2015 com.discordapp.Discord.desktop[153128]: |  |  start_session: 2267.35
 8月 05 18:09:42 macbookair2015 com.discordapp.Discord.desktop[153128]: |  |  |  prd-rpc-d44ff59f6-wvbdt: 2082.868
 8月 05 18:09:42 macbookair2015 com.discordapp.Discord.desktop[153128]: |  |  |  |  get_user: 69.141
 8月 05 18:09:42 macbookair2015 com.discordapp.Discord.desktop[153128]: |  |  |  |  get_guilds: 1895.424
 8月 05 18:09:42 macbookair2015 com.discordapp.Discord.desktop[153128]: |  |  |  |  user_settings_proto: 0.076
 8月 05 18:09:42 macbookair2015 com.discordapp.Discord.desktop[153128]: |  |  |  |  relationships: 59.22
 8月 05 18:09:42 macbookair2015 com.discordapp.Discord.desktop[153128]: |  |  |  |  game_relationships: 0.007
 8月 05 18:09:42 macbookair2015 com.discordapp.Discord.desktop[153128]: |  |  |  |  friend_suggestion: 0.055
 8月 05 18:09:42 macbookair2015 com.discordapp.Discord.desktop[153128]: |  |  |  |  connections: 0.02
 8月 05 18:09:42 macbookair2015 com.discordapp.Discord.desktop[153128]: |  |  |  |  serialized_read_states: 0.007
 8月 05 18:09:42 macbookair2015 com.discordapp.Discord.desktop[153128]: |  |  |  |  send_scheduled_deletion_message: 0.006
 8月 05 18:09:42 macbookair2015 com.discordapp.Discord.desktop[153128]: |  |  |  |  sanitize_premium_perks: 0.004
 8月 05 18:09:42 macbookair2015 com.discordapp.Discord.desktop[153128]: |  |  |  |  guild_join_requests: 0.004
 8月 05 18:09:42 macbookair2015 com.discordapp.Discord.desktop[153128]: |  |  |  |  user_guild_settings: 0.003
 8月 05 18:09:42 macbookair2015 com.discordapp.Discord.desktop[153128]: |  |  |  |  serialized_private_channels: 0.003
 8月 05 18:09:42 macbookair2015 com.discordapp.Discord.desktop[153128]: |  |  |  |  user_segments: 0.016
 8月 05 18:09:42 macbookair2015 com.discordapp.Discord.desktop[153128]: |  |  |  |  blocker_ids: 0.005
 8月 05 18:09:42 macbookair2015 com.discordapp.Discord.desktop[153128]: |  |  |  |  affine_user_ids: 22.276
 8月 05 18:09:42 macbookair2015 com.discordapp.Discord.desktop[153128]: |  |  |  |  experiments: 25.559
 8月 05 18:09:42 macbookair2015 com.discordapp.Discord.desktop[153128]: |  |  |  |  required_action: 0.01
 8月 05 18:09:42 macbookair2015 com.discordapp.Discord.desktop[153128]: |  |  |  |  authorized_ip_coro: 0.004
 8月 05 18:09:42 macbookair2015 com.discordapp.Discord.desktop[153128]: |  |  |  |  pending_payments: 4.468
 8月 05 18:09:42 macbookair2015 com.discordapp.Discord.desktop[153128]: |  |  |  |  apex_experiments: 105.478
 8月 05 18:09:42 macbookair2015 com.discordapp.Discord.desktop[153128]: |  |  |  |  sessions_experiments: 0.008
 8月 05 18:09:42 macbookair2015 com.discordapp.Discord.desktop[153128]: |  |  |  |  played_application_ids: 0.004
 8月 05 18:09:42 macbookair2015 com.discordapp.Discord.desktop[153128]: |  |  |  |  linked_users: 0.007
 8月 05 18:09:42 macbookair2015 com.discordapp.Discord.desktop[153128]: |  |  |  |  ad_personalization_toggles_disabled: 44.317
 8月 05 18:09:42 macbookair2015 com.discordapp.Discord.desktop[153128]: |  |  |  |  regional_feature_config: 0.008
 8月 05 18:09:42 macbookair2015 com.discordapp.Discord.desktop[153128]: |  |  starting_guild_connect: 0.078
 8月 05 18:09:42 macbookair2015 com.discordapp.Discord.desktop[153128]: |  |  lobbies_started: 0.001
 8月 05 18:09:42 macbookair2015 com.discordapp.Discord.desktop[153128]: |  |  presence_started: 0.387
 8月 05 18:09:42 macbookair2015 com.discordapp.Discord.desktop[153128]: |  |  guilds_started: 1.676
 8月 05 18:09:42 macbookair2015 com.discordapp.Discord.desktop[153128]: |  |  guilds_connect: 48.456
 8月 05 18:09:42 macbookair2015 com.discordapp.Discord.desktop[153128]: |  |  presence_connect: 1.154
 8月 05 18:09:42 macbookair2015 com.discordapp.Discord.desktop[153128]: |  |  connect_finished: 48.782
 8月 05 18:09:42 macbookair2015 com.discordapp.Discord.desktop[153128]: |  |  build_ready: 2.585
 8月 05 18:09:42 macbookair2015 com.discordapp.Discord.desktop[153128]: |  |  clean_ready: 0.002
 8月 05 18:09:42 macbookair2015 com.discordapp.Discord.desktop[153128]: |  |  optimize_ready: 1.924
 8月 05 18:09:42 macbookair2015 com.discordapp.Discord.desktop[153128]: |  |  split_ready: 0.623
 8月 05 18:09:42 macbookair2015 com.discordapp.Discord.desktop[153128]: 18:09:42.914 › [GatewaySocket] Setting connection state to SESSION_ESTABLISHED
 8月 05 18:09:42 macbookair2015 com.discordapp.Discord.desktop[153128]: 18:09:42.914 › [GatewaySocket] Updating resume url to wss://gateway-us-east1-d.discord.gg
 8月 05 18:09:42 macbookair2015 com.discordapp.Discord.desktop[153128]: 18:09:42.976 › [Flux] Dispatching CONNECTION_OPEN
 8月 05 18:09:42 macbookair2015 com.discordapp.Discord.desktop[153128]: 18:09:42.976 › [AuthenticationStore] handleConnectionOpen called [object Object]
 8月 05 18:09:42 macbookair2015 com.discordapp.Discord.desktop[153128]: 18:09:42.984 › [DatabaseManager] removing database (user: 503101760974487562, database: null)
 8月 05 18:09:42 macbookair2015 com.discordapp.Discord.desktop[153128]: 18:09:42.985 › [DatabaseManager] added database (503101760974487562 → null)
 8月 05 18:09:43 macbookair2015 com.discordapp.Discord.desktop[153128]: 18:09:43.001 › [NativeDispatchUtils] Tried getting Dispatch instance before instantiated
 8月 05 18:09:43 macbookair2015 com.discordapp.Discord.desktop[153128]: 18:09:43.061 › [MessageActionCreators] Fetching messages for 1445306105906331763 between undefined and undefined. jump={"jumpType":"ANIMATED"}
 8月 05 18:09:43 macbookair2015 com.discordapp.Discord.desktop[153128]: 18:09:43.766 › [MessageActionCreators] Fetched 10 messages for 1445306105906331763 isBefore:false isAfter:false
 8月 05 18:09:43 macbookair2015 com.discordapp.Discord.desktop[153128]: 18:09:43.767 › [ChannelMessages] loadComplete: resetting state for channelId=1445306105906331763, sending.length=0
 8月 05 18:09:43 macbookair2015 com.discordapp.Discord.desktop[153128]: 18:09:43.889 › [GatewaySocket] [READY_SUPPLEMENTAL] took 4295ms
 8月 05 18:09:43 macbookair2015 com.discordapp.Discord.desktop[153128]: 18:09:43.889 › [GatewaySocket] Setting connection state to SESSION_ESTABLISHED
 8月 05 18:09:45 macbookair2015 com.discordapp.Discord.desktop[153128]: mainScreen.UpdaterEvents: CHECK_FOR_UPDATES UPDATE_NOT_AVAILABLE
 8月 05 18:09:47 macbookair2015 systemd[1]: NetworkManager-dispatcher.service: Deactivated successfully.
 8月 05 18:09:47 macbookair2015 gnome-shell[99037]: libinput error: event8  - bcm5974: kernel bug: Touch jump detected and discarded.
 8月 05 18:09:47 macbookair2015 gnome-shell[99037]: See https://wayland.freedesktop.org/libinput/doc/1.28.1/touchpad-jumping-cursors.html for details
 8月 05 18:09:49 macbookair2015 com.discordapp.Discord.desktop[153128]: 18:09:49.213 › The resource https://discord.com/assets/189422196a4f8b53.woff2 was preloaded using link preload but not used within a few seconds from the window's load event. Please make sure it has an appropriate `as` value and it is preloaded intentionally.
 8月 05 18:09:49 macbookair2015 com.discordapp.Discord.desktop[153128]: 18:09:49.214 › The resource https://discord.com/assets/ce3b8055f5114434.woff2 was preloaded using link preload but not used within a few seconds from the window's load event. Please make sure it has an appropriate `as` value and it is preloaded intentionally.
 8月 05 18:09:49 macbookair2015 com.discordapp.Discord.desktop[153128]: 18:09:49.215 › The resource https://discord.com/assets/cb2006dbced0e246.woff2 was preloaded using link preload but not used within a few seconds from the window's load event. Please make sure it has an appropriate `as` value and it is preloaded intentionally.
 8月 05 18:09:49 macbookair2015 com.discordapp.Discord.desktop[153128]: 18:09:49.217 › The resource https://discord.com/assets/7a6a566c2e88a35d.woff2 was preloaded using link preload but not used within a few seconds from the window's load event. Please make sure it has an appropriate `as` value and it is preloaded intentionally.
 8月 05 18:09:49 macbookair2015 com.discordapp.Discord.desktop[153128]: 18:09:49.217 › The resource https://discord.com/assets/e52f0cba712e2fb4.woff2 was preloaded using link preload but not used within a few seconds from the window's load event. Please make sure it has an appropriate `as` value and it is preloaded intentionally.
 8月 05 18:09:49 macbookair2015 com.discordapp.Discord.desktop[153128]: 18:09:49.218 › The resource https://discord.com/assets/dd24010f3cf7def7.woff2 was preloaded using link preload but not used within a few seconds from the window's load event. Please make sure it has an appropriate `as` value and it is preloaded intentionally.
 8月 05 18:09:57 macbookair2015 com.discordapp.Discord.desktop[153128]: 18:09:57.986 › [RTCLatencyTestManager] RTC region latency test completed, ranked regions are:  japan,hongkong,singapore,seattle,india
 8月 05 18:10:00 macbookair2015 com.discordapp.Discord.desktop[153128]: 18:10:00.826 › The resource https://discord.com/assets/189422196a4f8b53.woff2 was preloaded using link preload but not used within a few seconds from the window's load event. Please make sure it has an appropriate `as` value and it is preloaded intentionally.
 8月 05 18:10:00 macbookair2015 com.discordapp.Discord.desktop[153128]: 18:10:00.827 › The resource https://discord.com/assets/ce3b8055f5114434.woff2 was preloaded using link preload but not used within a few seconds from the window's load event. Please make sure it has an appropriate `as` value and it is preloaded intentionally.
 8月 05 18:10:00 macbookair2015 com.discordapp.Discord.desktop[153128]: 18:10:00.828 › The resource https://discord.com/assets/cb2006dbced0e246.woff2 was preloaded using link preload but not used within a few seconds from the window's load event. Please make sure it has an appropriate `as` value and it is preloaded intentionally.
 8月 05 18:10:00 macbookair2015 com.discordapp.Discord.desktop[153128]: 18:10:00.830 › The resource https://discord.com/assets/7a6a566c2e88a35d.woff2 was preloaded using link preload but not used within a few seconds from the window's load event. Please make sure it has an appropriate `as` value and it is preloaded intentionally.
 8月 05 18:10:00 macbookair2015 com.discordapp.Discord.desktop[153128]: 18:10:00.831 › The resource https://discord.com/assets/e52f0cba712e2fb4.woff2 was preloaded using link preload but not used within a few seconds from the window's load event. Please make sure it has an appropriate `as` value and it is preloaded intentionally.
 8月 05 18:10:00 macbookair2015 com.discordapp.Discord.desktop[153128]: 18:10:00.832 › The resource https://discord.com/assets/dd24010f3cf7def7.woff2 was preloaded using link preload but not used within a few seconds from the window's load event. Please make sure it has an appropriate `as` value and it is preloaded intentionally.
 8月 05 18:10:14 macbookair2015 com.discordapp.Discord.desktop[153128]: 18:10:14.462 › The resource https://discord.com/assets/189422196a4f8b53.woff2 was preloaded using link preload but not used within a few seconds from the window's load event. Please make sure it has an appropriate `as` value and it is preloaded intentionally.
 8月 05 18:10:14 macbookair2015 com.discordapp.Discord.desktop[153128]: 18:10:14.463 › The resource https://discord.com/assets/ce3b8055f5114434.woff2 was preloaded using link preload but not used within a few seconds from the window's load event. Please make sure it has an appropriate `as` value and it is preloaded intentionally.
 8月 05 18:10:14 macbookair2015 com.discordapp.Discord.desktop[153128]: 18:10:14.464 › The resource https://discord.com/assets/cb2006dbced0e246.woff2 was preloaded using link preload but not used within a few seconds from the window's load event. Please make sure it has an appropriate `as` value and it is preloaded intentionally.
 8月 05 18:10:14 macbookair2015 com.discordapp.Discord.desktop[153128]: 18:10:14.465 › The resource https://discord.com/assets/7a6a566c2e88a35d.woff2 was preloaded using link preload but not used within a few seconds from the window's load event. Please make sure it has an appropriate `as` value and it is preloaded intentionally.
 8月 05 18:10:14 macbookair2015 com.discordapp.Discord.desktop[153128]: 18:10:14.465 › The resource https://discord.com/assets/e52f0cba712e2fb4.woff2 was preloaded using link preload but not used within a few seconds from the window's load event. Please make sure it has an appropriate `as` value and it is preloaded intentionally.
 8月 05 18:10:14 macbookair2015 com.discordapp.Discord.desktop[153128]: 18:10:14.466 › The resource https://discord.com/assets/dd24010f3cf7def7.woff2 was preloaded using link preload but not used within a few seconds from the window's load event. Please make sure it has an appropriate `as` value and it is preloaded intentionally.
 8月 05 18:10:18 macbookair2015 com.discordapp.Discord.desktop[153128]: 18:10:18.247 › The resource https://discord.com/assets/189422196a4f8b53.woff2 was preloaded using link preload but not used within a few seconds from the window's load event. Please make sure it has an appropriate `as` value and it is preloaded intentionally.
 8月 05 18:10:18 macbookair2015 com.discordapp.Discord.desktop[153128]: 18:10:18.248 › The resource https://discord.com/assets/ce3b8055f5114434.woff2 was preloaded using link preload but not used within a few seconds from the window's load event. Please make sure it has an appropriate `as` value and it is preloaded intentionally.
 8月 05 18:10:18 macbookair2015 com.discordapp.Discord.desktop[153128]: 18:10:18.249 › The resource https://discord.com/assets/cb2006dbced0e246.woff2 was preloaded using link preload but not used within a few seconds from the window's load event. Please make sure it has an appropriate `as` value and it is preloaded intentionally.
 8月 05 18:10:18 macbookair2015 com.discordapp.Discord.desktop[153128]: 18:10:18.251 › The resource https://discord.com/assets/7a6a566c2e88a35d.woff2 was preloaded using link preload but not used within a few seconds from the window's load event. Please make sure it has an appropriate `as` value and it is preloaded intentionally.
 8月 05 18:10:18 macbookair2015 com.discordapp.Discord.desktop[153128]: 18:10:18.252 › The resource https://discord.com/assets/e52f0cba712e2fb4.woff2 was preloaded using link preload but not used within a few seconds from the window's load event. Please make sure it has an appropriate `as` value and it is preloaded intentionally.
 8月 05 18:10:18 macbookair2015 com.discordapp.Discord.desktop[153128]: 18:10:18.252 › The resource https://discord.com/assets/dd24010f3cf7def7.woff2 was preloaded using link preload but not used within a few seconds from the window's load event. Please make sure it has an appropriate `as` value and it is preloaded intentionally.
 8月 05 18:11:06 macbookair2015 gnome-shell[99037]: libinput error: event8  - bcm5974: kernel bug: Touch jump detected and discarded.
 8月 05 18:11:06 macbookair2015 gnome-shell[99037]: See https://wayland.freedesktop.org/libinput/doc/1.28.1/touchpad-jumping-cursors.html for details
 8月 05 18:13:00 macbookair2015 gnome-shell[99037]: libinput error: event8  - bcm5974: kernel bug: Touch jump detected and discarded.
 8月 05 18:13:00 macbookair2015 gnome-shell[99037]: See https://wayland.freedesktop.org/libinput/doc/1.28.1/touchpad-jumping-cursors.html for details
 8月 05 18:14:19 macbookair2015 com.discordapp.Discord.desktop[153128]: 18:14:19.111 › The resource https://discord.com/assets/189422196a4f8b53.woff2 was preloaded using link preload but not used within a few seconds from the window's load event. Please make sure it has an appropriate `as` value and it is preloaded intentionally.
 8月 05 18:14:19 macbookair2015 com.discordapp.Discord.desktop[153128]: 18:14:19.112 › The resource https://discord.com/assets/ce3b8055f5114434.woff2 was preloaded using link preload but not used within a few seconds from the window's load event. Please make sure it has an appropriate `as` value and it is preloaded intentionally.
 8月 05 18:14:19 macbookair2015 com.discordapp.Discord.desktop[153128]: 18:14:19.112 › The resource https://discord.com/assets/cb2006dbced0e246.woff2 was preloaded using link preload but not used within a few seconds from the window's load event. Please make sure it has an appropriate `as` value and it is preloaded intentionally.
 8月 05 18:14:19 macbookair2015 com.discordapp.Discord.desktop[153128]: 18:14:19.113 › The resource https://discord.com/assets/7a6a566c2e88a35d.woff2 was preloaded using link preload but not used within a few seconds from the window's load event. Please make sure it has an appropriate `as` value and it is preloaded intentionally.
 8月 05 18:14:19 macbookair2015 com.discordapp.Discord.desktop[153128]: 18:14:19.113 › The resource https://discord.com/assets/e52f0cba712e2fb4.woff2 was preloaded using link preload but not used within a few seconds from the window's load event. Please make sure it has an appropriate `as` value and it is preloaded intentionally.
 8月 05 18:14:19 macbookair2015 com.discordapp.Discord.desktop[153128]: 18:14:19.113 › The resource https://discord.com/assets/dd24010f3cf7def7.woff2 was preloaded using link preload but not used within a few seconds from the window's load event. Please make sure it has an appropriate `as` value and it is preloaded intentionally.
 8月 05 18:14:49 macbookair2015 com.discordapp.Discord.desktop[153128]: 18:14:49.365 › The resource https://discord.com/assets/189422196a4f8b53.woff2 was preloaded using link preload but not used within a few seconds from the window's load event. Please make sure it has an appropriate `as` value and it is preloaded intentionally.
 8月 05 18:14:49 macbookair2015 com.discordapp.Discord.desktop[153128]: 18:14:49.366 › The resource https://discord.com/assets/ce3b8055f5114434.woff2 was preloaded using link preload but not used within a few seconds from the window's load event. Please make sure it has an appropriate `as` value and it is preloaded intentionally.
 8月 05 18:14:49 macbookair2015 com.discordapp.Discord.desktop[153128]: 18:14:49.367 › The resource https://discord.com/assets/cb2006dbced0e246.woff2 was preloaded using link preload but not used within a few seconds from the window's load event. Please make sure it has an appropriate `as` value and it is preloaded intentionally.
 8月 05 18:14:49 macbookair2015 com.discordapp.Discord.desktop[153128]: 18:14:49.370 › The resource https://discord.com/assets/7a6a566c2e88a35d.woff2 was preloaded using link preload but not used within a few seconds from the window's load event. Please make sure it has an appropriate `as` value and it is preloaded intentionally.
 8月 05 18:14:49 macbookair2015 com.discordapp.Discord.desktop[153128]: 18:14:49.371 › The resource https://discord.com/assets/e52f0cba712e2fb4.woff2 was preloaded using link preload but not used within a few seconds from the window's load event. Please make sure it has an appropriate `as` value and it is preloaded intentionally.
 8月 05 18:14:49 macbookair2015 com.discordapp.Discord.desktop[153128]: 18:14:49.371 › The resource https://discord.com/assets/dd24010f3cf7def7.woff2 was preloaded using link preload but not used within a few seconds from the window's load event. Please make sure it has an appropriate `as` value and it is preloaded intentionally.
 8月 05 18:17:01 macbookair2015 CRON[435354]: pam_unix(cron:session): session opened for user root(uid=0) by root(uid=0)
 8月 05 18:17:01 macbookair2015 CRON[435356]: (root) CMD (cd / && run-parts --report /etc/cron.hourly)
 8月 05 18:17:01 macbookair2015 CRON[435354]: pam_unix(cron:session): session closed for user root
 8月 05 18:17:32 macbookair2015 systemd[1]: Starting fwupd-refresh.service - Refresh fwupd metadata and update motd...
 8月 05 18:17:32 macbookair2015 dbus-daemon[763]: [system] Activating via systemd: service name='org.freedesktop.fwupd' unit='fwupd.service' requested by ':1.92303' (uid=988 pid=435539 comm="/usr/bin/fwupdmgr refresh")
 8月 05 18:17:32 macbookair2015 systemd[1]: Starting modprobe@sd_mod.service - Load Kernel Module sd_mod...
 8月 05 18:17:32 macbookair2015 systemd[1]: modprobe@sd_mod.service: Deactivated successfully.
 8月 05 18:17:32 macbookair2015 systemd[1]: Finished modprobe@sd_mod.service - Load Kernel Module sd_mod.
 8月 05 18:17:32 macbookair2015 systemd[1]: Starting fwupd.service - Firmware update daemon...
 8月 05 18:17:33 macbookair2015 fwupd[435548]: 09:17:33.276 FuBackend            failed to create device from /sys/devices/pci0000:00/0000:00:14.0/usb1/1-3/1-3.3: failed to probe: FuUsbHidDescriptorHdr requested 0x9 and got 0x7
 8月 05 18:17:33 macbookair2015 fwupd[435548]: 09:17:33.418 FuMain               fwupd 2.0.8 ready for requests (locale ja_JP.UTF-8)
 8月 05 18:17:33 macbookair2015 dbus-daemon[763]: [system] Successfully activated service 'org.freedesktop.fwupd'
 8月 05 18:17:33 macbookair2015 systemd[1]: Started fwupd.service - Firmware update daemon.
 8月 05 18:17:33 macbookair2015 systemd[1]: fwupd-refresh.service: Deactivated successfully.
 8月 05 18:17:33 macbookair2015 systemd[1]: Finished fwupd-refresh.service - Refresh fwupd metadata and update motd.
 8月 05 18:18:45 macbookair2015 com.discordapp.Discord.desktop[153128]: 18:18:45.907 › [MessageActionCreators] Fetching messages for 1510950471441973339 between undefined and undefined. jump={"jumpType":"ANIMATED"}
 8月 05 18:18:46 macbookair2015 com.discordapp.Discord.desktop[153128]: 18:18:46.031 › [Routing/Utils] transitionTo - Transitioning to /channels/406357894427312148/1510950471441973339
 8月 05 18:18:46 macbookair2015 com.discordapp.Discord.desktop[153128]: 18:18:46.745 › [MessageActionCreators] Fetched 10 messages for 1510950471441973339 isBefore:false isAfter:false
 8月 05 18:18:46 macbookair2015 com.discordapp.Discord.desktop[153128]: 18:18:46.747 › [ChannelMessages] loadComplete: resetting state for channelId=1510950471441973339, sending.length=0
 8月 05 18:18:46 macbookair2015 com.discordapp.Discord.desktop[153128]: 18:18:46.818 › [MessageActionCreators] Fetching messages for 1510950471441973339 between undefined and 1534172510260564059. jump=undefined
 8月 05 18:18:47 macbookair2015 com.discordapp.Discord.desktop[153128]: 18:18:47.149 › [MessageActionCreators] Fetched 20 messages for 1510950471441973339 isBefore:true isAfter:false
 8月 05 18:18:47 macbookair2015 com.discordapp.Discord.desktop[153128]: 18:18:47.883 › ResizeObserver loop completed with undelivered notifications.
 8月 05 18:18:48 macbookair2015 com.discordapp.Discord.desktop[153128]: 18:18:48.474 › ResizeObserver loop completed with undelivered notifications.
 8月 05 18:18:48 macbookair2015 com.discordapp.Discord.desktop[153128]: 18:18:48.993 › ResizeObserver loop completed with undelivered notifications.
 8月 05 18:18:49 macbookair2015 com.discordapp.Discord.desktop[153128]: 18:18:49.953 › [MessageActionCreators] Fetching messages for 406357894427312151 between undefined and undefined. jump={"jumpType":"ANIMATED"}
 8月 05 18:18:50 macbookair2015 com.discordapp.Discord.desktop[153128]: 18:18:50.046 › [Routing/Utils] transitionTo - Transitioning to /channels/406357894427312148/406357894427312151
 8月 05 18:18:50 macbookair2015 com.discordapp.Discord.desktop[153128]: 18:18:50.323 › [MessageActionCreators] Fetched 10 messages for 406357894427312151 isBefore:false isAfter:false
 8月 05 18:18:50 macbookair2015 com.discordapp.Discord.desktop[153128]: 18:18:50.326 › [ChannelMessages] loadComplete: resetting state for channelId=406357894427312151, sending.length=0
 8月 05 18:18:57 macbookair2015 com.discordapp.Discord.desktop[153128]: 18:18:57.457 › The resource https://discord.com/assets/189422196a4f8b53.woff2 was preloaded using link preload but not used within a few seconds from the window's load event. Please make sure it has an appropriate `as` value and it is preloaded intentionally.
 8月 05 18:18:57 macbookair2015 com.discordapp.Discord.desktop[153128]: 18:18:57.457 › The resource https://discord.com/assets/ce3b8055f5114434.woff2 was preloaded using link preload but not used within a few seconds from the window's load event. Please make sure it has an appropriate `as` value and it is preloaded intentionally.
 8月 05 18:18:57 macbookair2015 com.discordapp.Discord.desktop[153128]: 18:18:57.458 › The resource https://discord.com/assets/cb2006dbced0e246.woff2 was preloaded using link preload but not used within a few seconds from the window's load event. Please make sure it has an appropriate `as` value and it is preloaded intentionally.
 8月 05 18:18:57 macbookair2015 com.discordapp.Discord.desktop[153128]: 18:18:57.458 › The resource https://discord.com/assets/7a6a566c2e88a35d.woff2 was preloaded using link preload but not used within a few seconds from the window's load event. Please make sure it has an appropriate `as` value and it is preloaded intentionally.
 8月 05 18:18:57 macbookair2015 com.discordapp.Discord.desktop[153128]: 18:18:57.459 › The resource https://discord.com/assets/e52f0cba712e2fb4.woff2 was preloaded using link preload but not used within a few seconds from the window's load event. Please make sure it has an appropriate `as` value and it is preloaded intentionally.
 8月 05 18:18:57 macbookair2015 com.discordapp.Discord.desktop[153128]: 18:18:57.459 › The resource https://discord.com/assets/dd24010f3cf7def7.woff2 was preloaded using link preload but not used within a few seconds from the window's load event. Please make sure it has an appropriate `as` value and it is preloaded intentionally.
 8月 05 18:19:02 macbookair2015 com.discordapp.Discord.desktop[153128]: 18:19:02.427 › [Routing/Utils] transitionTo - Transitioning to /channels/1132903177101000777/1445306105906331763
 8月 05 18:19:02 macbookair2015 com.discordapp.Discord.desktop[153128]: 18:19:02.555 › [MessageActionCreators] Fetching messages for 1445306105906331763 between undefined and 1534470227696418886. jump=undefined
 8月 05 18:19:02 macbookair2015 com.discordapp.Discord.desktop[153128]: 18:19:02.946 › [MessageActionCreators] Fetched 20 messages for 1445306105906331763 isBefore:true isAfter:false
 8月 05 18:19:06 macbookair2015 com.discordapp.Discord.desktop[153128]: 18:19:06.213 › The resource https://discord.com/assets/189422196a4f8b53.woff2 was preloaded using link preload but not used within a few seconds from the window's load event. Please make sure it has an appropriate `as` value and it is preloaded intentionally.
 8月 05 18:19:06 macbookair2015 com.discordapp.Discord.desktop[153128]: 18:19:06.214 › The resource https://discord.com/assets/ce3b8055f5114434.woff2 was preloaded using link preload but not used within a few seconds from the window's load event. Please make sure it has an appropriate `as` value and it is preloaded intentionally.
 8月 05 18:19:06 macbookair2015 com.discordapp.Discord.desktop[153128]: 18:19:06.214 › The resource https://discord.com/assets/cb2006dbced0e246.woff2 was preloaded using link preload but not used within a few seconds from the window's load event. Please make sure it has an appropriate `as` value and it is preloaded intentionally.
 8月 05 18:19:06 macbookair2015 com.discordapp.Discord.desktop[153128]: 18:19:06.215 › The resource https://discord.com/assets/7a6a566c2e88a35d.woff2 was preloaded using link preload but not used within a few seconds from the window's load event. Please make sure it has an appropriate `as` value and it is preloaded intentionally.
 8月 05 18:19:06 macbookair2015 com.discordapp.Discord.desktop[153128]: 18:19:06.215 › The resource https://discord.com/assets/e52f0cba712e2fb4.woff2 was preloaded using link preload but not used within a few seconds from the window's load event. Please make sure it has an appropriate `as` value and it is preloaded intentionally.
 8月 05 18:19:06 macbookair2015 com.discordapp.Discord.desktop[153128]: 18:19:06.216 › The resource https://discord.com/assets/dd24010f3cf7def7.woff2 was preloaded using link preload but not used within a few seconds from the window's load event. Please make sure it has an appropriate `as` value and it is preloaded intentionally.
 8月 05 18:19:27 macbookair2015 rtkit-daemon[991]: Supervising 1 threads of 1 processes of 1 users.
 8月 05 18:19:27 macbookair2015 rtkit-daemon[991]: Supervising 1 threads of 1 processes of 1 users.
 8月 05 18:19:49 macbookair2015 com.discordapp.Discord.desktop[153128]: 18:19:49.696 › [discord_protos.discord_users.v1.FrecencyUserSettings] Loading proto
 8月 05 18:19:52 macbookair2015 com.discordapp.Discord.desktop[153128]: 18:19:52.969 › The resource https://discord.com/assets/189422196a4f8b53.woff2 was preloaded using link preload but not used within a few seconds from the window's load event. Please make sure it has an appropriate `as` value and it is preloaded intentionally.
 8月 05 18:19:52 macbookair2015 com.discordapp.Discord.desktop[153128]: 18:19:52.970 › The resource https://discord.com/assets/ce3b8055f5114434.woff2 was preloaded using link preload but not used within a few seconds from the window's load event. Please make sure it has an appropriate `as` value and it is preloaded intentionally.
 8月 05 18:19:52 macbookair2015 com.discordapp.Discord.desktop[153128]: 18:19:52.970 › The resource https://discord.com/assets/cb2006dbced0e246.woff2 was preloaded using link preload but not used within a few seconds from the window's load event. Please make sure it has an appropriate `as` value and it is preloaded intentionally.
 8月 05 18:19:52 macbookair2015 com.discordapp.Discord.desktop[153128]: 18:19:52.970 › The resource https://discord.com/assets/7a6a566c2e88a35d.woff2 was preloaded using link preload but not used within a few seconds from the window's load event. Please make sure it has an appropriate `as` value and it is preloaded intentionally.
 8月 05 18:19:52 macbookair2015 com.discordapp.Discord.desktop[153128]: 18:19:52.970 › The resource https://discord.com/assets/e52f0cba712e2fb4.woff2 was preloaded using link preload but not used within a few seconds from the window's load event. Please make sure it has an appropriate `as` value and it is preloaded intentionally.
 8月 05 18:19:52 macbookair2015 com.discordapp.Discord.desktop[153128]: 18:19:52.971 › The resource https://discord.com/assets/dd24010f3cf7def7.woff2 was preloaded using link preload but not used within a few seconds from the window's load event. Please make sure it has an appropriate `as` value and it is preloaded intentionally.
 8月 05 18:19:55 macbookair2015 com.discordapp.Discord.desktop[153128]: 18:19:55.634 › [MessageQueue] Queueing message to be sent LogId:3612
 8月 05 18:19:55 macbookair2015 com.discordapp.Discord.desktop[153128]: 18:19:55.635 › [MessageQueue] Draining message from queue LogId:3612 QueueLength: 0
 8月 05 18:19:55 macbookair2015 com.discordapp.Discord.desktop[153128]: 18:19:55.635 › [MessageQueue] Draining Message Queue with:  0
 8月 05 18:19:55 macbookair2015 com.discordapp.Discord.desktop[153128]: 18:19:55.922 › [MessageQueue] Finished draining message from queue LogId:3612 QueueLength: 0
 8月 05 18:19:58 macbookair2015 com.discordapp.Discord.desktop[153128]: 18:19:58.992 › The resource https://discord.com/assets/189422196a4f8b53.woff2 was preloaded using link preload but not used within a few seconds from the window's load event. Please make sure it has an appropriate `as` value and it is preloaded intentionally.
 8月 05 18:19:58 macbookair2015 com.discordapp.Discord.desktop[153128]: 18:19:58.993 › The resource https://discord.com/assets/ce3b8055f5114434.woff2 was preloaded using link preload but not used within a few seconds from the window's load event. Please make sure it has an appropriate `as` value and it is preloaded intentionally.
 8月 05 18:19:58 macbookair2015 com.discordapp.Discord.desktop[153128]: 18:19:58.993 › The resource https://discord.com/assets/cb2006dbced0e246.woff2 was preloaded using link preload but not used within a few seconds from the window's load event. Please make sure it has an appropriate `as` value and it is preloaded intentionally.
 8月 05 18:19:58 macbookair2015 com.discordapp.Discord.desktop[153128]: 18:19:58.993 › The resource https://discord.com/assets/7a6a566c2e88a35d.woff2 was preloaded using link preload but not used within a few seconds from the window's load event. Please make sure it has an appropriate `as` value and it is preloaded intentionally.
 8月 05 18:19:58 macbookair2015 com.discordapp.Discord.desktop[153128]: 18:19:58.994 › The resource https://discord.com/assets/e52f0cba712e2fb4.woff2 was preloaded using link preload but not used within a few seconds from the window's load event. Please make sure it has an appropriate `as` value and it is preloaded intentionally.
 8月 05 18:19:58 macbookair2015 com.discordapp.Discord.desktop[153128]: 18:19:58.994 › The resource https://discord.com/assets/dd24010f3cf7def7.woff2 was preloaded using link preload but not used within a few seconds from the window's load event. Please make sure it has an appropriate `as` value and it is preloaded intentionally.
 8月 05 18:20:07 macbookair2015 rtkit-daemon[991]: Supervising 1 threads of 1 processes of 1 users.
 8月 05 18:20:07 macbookair2015 rtkit-daemon[991]: Supervising 1 threads of 1 processes of 1 users.
 8月 05 18:20:35 macbookair2015 gnome-shell[99037]: Gio.DBusError: GDBus.Error:org.freedesktop.DBus.Error.Failed: Set global engine failed: 操作がキャンセルされました
                                                     
                                                     (No stack trace)
 8月 05 18:20:38 macbookair2015 com.discordapp.Discord.desktop[153128]: 18:20:38.553 › The resource https://discord.com/assets/189422196a4f8b53.woff2 was preloaded using link preload but not used within a few seconds from the window's load event. Please make sure it has an appropriate `as` value and it is preloaded intentionally.
 8月 05 18:20:38 macbookair2015 com.discordapp.Discord.desktop[153128]: 18:20:38.554 › The resource https://discord.com/assets/ce3b8055f5114434.woff2 was preloaded using link preload but not used within a few seconds from the window's load event. Please make sure it has an appropriate `as` value and it is preloaded intentionally.
 8月 05 18:20:38 macbookair2015 com.discordapp.Discord.desktop[153128]: 18:20:38.554 › The resource https://discord.com/assets/cb2006dbced0e246.woff2 was preloaded using link preload but not used within a few seconds from the window's load event. Please make sure it has an appropriate `as` value and it is preloaded intentionally.
 8月 05 18:20:38 macbookair2015 com.discordapp.Discord.desktop[153128]: 18:20:38.554 › The resource https://discord.com/assets/7a6a566c2e88a35d.woff2 was preloaded using link preload but not used within a few seconds from the window's load event. Please make sure it has an appropriate `as` value and it is preloaded intentionally.
 8月 05 18:20:38 macbookair2015 com.discordapp.Discord.desktop[153128]: 18:20:38.555 › The resource https://discord.com/assets/e52f0cba712e2fb4.woff2 was preloaded using link preload but not used within a few seconds from the window's load event. Please make sure it has an appropriate `as` value and it is preloaded intentionally.
 8月 05 18:20:38 macbookair2015 com.discordapp.Discord.desktop[153128]: 18:20:38.555 › The resource https://discord.com/assets/dd24010f3cf7def7.woff2 was preloaded using link preload but not used within a few seconds from the window's load event. Please make sure it has an appropriate `as` value and it is preloaded intentionally.
 8月 05 18:20:42 macbookair2015 systemd[1]: fwupd.service: Deactivated successfully.
 8月 05 18:20:50 macbookair2015 systemd-logind[789]: Lid closed.
 8月 05 18:20:50 macbookair2015 systemd-logind[789]: Suspending, then hibernating...
 8月 05 18:20:50 macbookair2015 NetworkManager[844]: <info>  [1785921650.9098] manager: sleep: sleep requested (sleeping: no  enabled: yes)
 8月 05 18:20:50 macbookair2015 NetworkManager[844]: <info>  [1785921650.9112] device (CC:60:23:AF:2C:60): state change: disconnected -> unmanaged (reason 'unmanaged-sleeping', managed-type: 'full')
 8月 05 18:20:50 macbookair2015 ModemManager[894]: <msg> [sleep-monitor-systemd] system is about to suspend
 8月 05 18:20:50 macbookair2015 NetworkManager[844]: <info>  [1785921650.9145] device (34:42:62:16:03:F6): state change: disconnected -> unmanaged (reason 'unmanaged-sleeping', managed-type: 'full')
 8月 05 18:20:50 macbookair2015 NetworkManager[844]: <info>  [1785921650.9163] manager: NetworkManager state is now ASLEEP
 8月 05 18:20:50 macbookair2015 NetworkManager[844]: <info>  [1785921650.9169] device (wlp3s0): state change: activated -> deactivating (reason 'sleeping', managed-type: 'full')
 8月 05 18:20:50 macbookair2015 dbus-daemon[763]: [system] Activating via systemd: service name='org.freedesktop.nm_dispatcher' unit='dbus-org.freedesktop.nm-dispatcher.service' requested by ':1.11' (uid=0 pid=844 comm="/usr/sbin/NetworkManager --no-daemon")
 8月 05 18:20:50 macbookair2015 systemd[1]: Starting NetworkManager-dispatcher.service - Network Manager Script Dispatcher Service...
 8月 05 18:20:50 macbookair2015 dbus-daemon[763]: [system] Successfully activated service 'org.freedesktop.nm_dispatcher'
 8月 05 18:20:50 macbookair2015 systemd[1]: Started NetworkManager-dispatcher.service - Network Manager Script Dispatcher Service.
 8月 05 18:20:51 macbookair2015 wpa_supplicant[846]: wlp3s0: CTRL-EVENT-DISCONNECTED bssid=30:de:4b:4a:0e:1d reason=3 locally_generated=1
 8月 05 18:20:51 macbookair2015 wpa_supplicant[846]: wlp3s0: CTRL-EVENT-DSCP-POLICY clear_all
 8月 05 18:20:51 macbookair2015 NetworkManager[844]: <info>  [1785921651.0159] device (wlp3s0): supplicant interface state: completed -> disconnected
 8月 05 18:20:51 macbookair2015 NetworkManager[844]: <info>  [1785921651.0164] device (wlp3s0): state change: deactivating -> disconnected (reason 'sleeping', managed-type: 'full')
 8月 05 18:20:51 macbookair2015 com.discordapp.Discord.desktop[153128]: 18:20:51.017 › [GatewaySocket] Performing an expedited heartbeat reason: network detected offline.
 8月 05 18:20:51 macbookair2015 avahi-daemon[740]: Withdrawing address record for fe80::2f85:d1b9:6507:946e on wlp3s0.
 8月 05 18:20:51 macbookair2015 NetworkManager[844]: <info>  [1785921651.0208] dhcp4 (wlp3s0): canceled DHCP transaction
 8月 05 18:20:51 macbookair2015 avahi-daemon[740]: Leaving mDNS multicast group on interface wlp3s0.IPv6 with address fe80::2f85:d1b9:6507:946e.
 8月 05 18:20:51 macbookair2015 NetworkManager[844]: <info>  [1785921651.0209] dhcp4 (wlp3s0): activation: beginning transaction (timeout in 45 seconds)
 8月 05 18:20:51 macbookair2015 avahi-daemon[740]: Interface wlp3s0.IPv6 no longer relevant for mDNS.
 8月 05 18:20:51 macbookair2015 NetworkManager[844]: <info>  [1785921651.0209] dhcp4 (wlp3s0): state changed no lease
 8月 05 18:20:51 macbookair2015 avahi-daemon[740]: Withdrawing address record for 192.168.39.146 on wlp3s0.
 8月 05 18:20:51 macbookair2015 wpa_supplicant[846]: ioctl[SIOCSIWSCAN]: Device or resource busy
 8月 05 18:20:51 macbookair2015 wpa_supplicant[846]: wlp3s0: CTRL-EVENT-SCAN-FAILED ret=-1
 8月 05 18:20:51 macbookair2015 avahi-daemon[740]: Leaving mDNS multicast group on interface wlp3s0.IPv4 with address 192.168.39.146.
 8月 05 18:20:51 macbookair2015 avahi-daemon[740]: Interface wlp3s0.IPv4 no longer relevant for mDNS.
 8月 05 18:20:51 macbookair2015 wpa_supplicant[846]: Ignore unexpected EVENT_ASSOC in disconnected state
 8月 05 18:20:51 macbookair2015 kernel: ------------[ cut here ]------------
 8月 05 18:20:51 macbookair2015 kernel: WARNING: CPU: 3 PID: 432256 at net/wireless/sme.c:848 __cfg80211_connect_result+0x8be/0x8d0 [cfg80211]
 8月 05 18:20:51 macbookair2015 kernel: Modules linked in: wl(POE) cfg80211 pl2303 usbserial authenc echainiv geniv crypto_null esp4 xfrm_interface xfrm6_tunnel tunnel6 tunnel4 twofish_generic twofish_avx_x86_64 twofish_x86_64_3way twofish_x86_64 twofish_common serpent_avx2 serpent_avx_x86_64 serpent_sse2_x86_64 serpent_generic blowfish_generic blowfish_x86_64 blowfish_common cast5_avx_x86_64 cast5_generic cast_common des3_ede_x86_64 des_generic libdes camellia_generic camellia_aesni_avx2 camellia_aesni_avx_x86_64 camellia_x86_64 xcbc md4 facetimehd(OE) videobuf2_dma_sg videobuf2_v4l2 xfrm_user xfrm_algo snd_seq_dummy snd_hrtimer snd_seq snd_seq_device qrtr rfcomm cmac intel_rapl_msr algif_hash intel_rapl_common algif_skcipher x86_pkg_temp_thermal af_alg bnep intel_powerclamp coretemp kvm_intel kvm irqbypass crct10dif_pclmul ghash_clmulni_intel sha512_ssse3 sha256_ssse3 sha1_ssse3 snd_hda_codec_cirrus aesni_intel snd_hda_codec_generic snd_hda_codec_hdmi gf128mul snd_hda_intel crypto_simd btusb cryptd snd_intel_dspcfg btrtl btintel
 8月 05 18:20:51 macbookair2015 kernel:  snd_intel_sdw_acpi rapl mei_pxp mei_hdcp binfmt_misc joydev snd_hda_codec intel_cstate applesmc videobuf2_memops btbcm nls_ascii snd_hda_core intel_uncore btmtk videodev pcspkr nls_cp437 bluetooth snd_hwdep vfat snd_pcm videobuf2_common fat intel_pch_thermal mei_me mc mei ecdh_generic bcm5974 snd_timer acpi_als rfkill industrialio_triggered_buffer snd kfifo_buf sbs soundcore industrialio sbshc ac sg apple_mfi_fastcharge evdev uinput msr parport_pc ppdev lp parport efi_pstore configfs nfnetlink efivarfs ip_tables x_tables autofs4 ext4 crc16 mbcache jbd2 crc32c_generic hid_apple hid_generic usbhid sd_mod hid i915 drm_buddy i2c_algo_bit drm_display_helper ahci libahci libata cec thunderbolt rc_core ttm iTCO_wdt intel_pmc_bxt drm_kms_helper iTCO_vendor_support xhci_pci scsi_mod watchdog xhci_hcd drm scsi_common lpc_ich i2c_i801 usbcore crc32_pclmul crc32c_intel i2c_smbus spi_pxa2xx_pci dw_dmac_pci spi_pxa2xx_platform usb_common dw_dmac dw_dmac_core video spi_pxa2xx_core wmi button [last unloaded: cfg80211]
 8月 05 18:20:51 macbookair2015 kernel: CPU: 3 UID: 0 PID: 432256 Comm: kworker/u16:14 Tainted: P        W  OE      6.12.95+deb13-amd64 #1  Debian 6.12.95-1
 8月 05 18:20:51 macbookair2015 kernel: Tainted: [P]=PROPRIETARY_MODULE, [W]=WARN, [O]=OOT_MODULE, [E]=UNSIGNED_MODULE
 8月 05 18:20:51 macbookair2015 kernel: Hardware name: Apple Inc. MacBookAir7,1/Mac-9F18E312C5C2BF0B, BIOS MBA71.88Z.0166.B13.1611031424 11/03/2016
 8月 05 18:20:51 macbookair2015 kernel: Workqueue: cfg80211 cfg80211_event_work [cfg80211]
 8月 05 18:20:51 macbookair2015 kernel: RIP: 0010:__cfg80211_connect_result+0x8be/0x8d0 [cfg80211]
 8月 05 18:20:51 macbookair2015 kernel: Code: ff e8 86 cd e7 c9 45 31 ed 0f b7 d0 e9 a2 f8 ff ff 0f b7 f0 e9 be fd ff ff 4c 89 e7 e8 0b e0 ff ff 83 3b 00 0f 85 44 fe ff ff <0f> 0b 48 89 de 4c 89 e7 e8 05 df ff ff e9 0a fb ff ff 90 90 90 90
 8月 05 18:20:51 macbookair2015 kernel: RSP: 0018:ffffd33c04627da0 EFLAGS: 00010246
 8月 05 18:20:51 macbookair2015 kernel: RAX: 0000000000000000 RBX: ffff8f4b087e3c18 RCX: 0000000000000000
 8月 05 18:20:51 macbookair2015 kernel: RDX: 0000000000000000 RSI: 00000000fffffe00 RDI: ffff8f4b09521000
 8月 05 18:20:51 macbookair2015 kernel: RBP: ffffd33c04627df0 R08: 0000000000000000 R09: 0000000000000000
 8月 05 18:20:51 macbookair2015 kernel: R10: ffff8f4a04ddc0c0 R11: 0000000000000000 R12: ffff8f4b09521000
 8月 05 18:20:51 macbookair2015 kernel: R13: 0000000000000000 R14: ffff8f4b087e3fd5 R15: ffff8f4b087e3c18
 8月 05 18:20:51 macbookair2015 kernel: FS:  0000000000000000(0000) GS:ffff8f4b6ad80000(0000) knlGS:0000000000000000
 8月 05 18:20:51 macbookair2015 kernel: CS:  0010 DS: 0000 ES: 0000 CR0: 0000000080050033
 8月 05 18:20:51 macbookair2015 kernel: CR2: 00007f5ae922f448 CR3: 000000015ce22006 CR4: 00000000003726f0
 8月 05 18:20:51 macbookair2015 kernel: Call Trace:
 8月 05 18:20:51 macbookair2015 kernel:  <TASK>
 8月 05 18:20:51 macbookair2015 kernel:  ? cfg80211_process_wdev_events+0x89/0x1a0 [cfg80211]
 8月 05 18:20:51 macbookair2015 kernel:  cfg80211_process_wdev_events+0x89/0x1a0 [cfg80211]
 8月 05 18:20:51 macbookair2015 kernel:  cfg80211_process_rdev_events+0x2a/0x40 [cfg80211]
 8月 05 18:20:51 macbookair2015 kernel:  cfg80211_event_work+0x29/0x40 [cfg80211]
 8月 05 18:20:51 macbookair2015 kernel:  process_one_work+0x177/0x330
 8月 05 18:20:51 macbookair2015 kernel:  worker_thread+0x191/0x2f0
 8月 05 18:20:51 macbookair2015 kernel:  ? __pfx_worker_thread+0x10/0x10
 8月 05 18:20:51 macbookair2015 kernel:  kthread+0xd2/0x100
 8月 05 18:20:51 macbookair2015 kernel:  ? __pfx_kthread+0x10/0x10
 8月 05 18:20:51 macbookair2015 kernel:  ret_from_fork+0x34/0x50
 8月 05 18:20:51 macbookair2015 kernel:  ? __pfx_kthread+0x10/0x10
 8月 05 18:20:51 macbookair2015 kernel:  ret_from_fork_asm+0x1a/0x30
 8月 05 18:20:51 macbookair2015 kernel:  </TASK>
 8月 05 18:20:51 macbookair2015 kernel: ---[ end trace 0000000000000000 ]---
 8月 05 18:20:51 macbookair2015 NetworkManager[844]: <info>  [1785921651.1221] device (wlp3s0): state change: disconnected -> unmanaged (reason 'unmanaged-sleeping', managed-type: 'full')
 8月 05 18:20:51 macbookair2015 wpa_supplicant[846]: wlp3s0: CTRL-EVENT-DSCP-POLICY clear_all
 8月 05 18:20:51 macbookair2015 wpa_supplicant[846]: wlp3s0: CTRL-EVENT-DSCP-POLICY clear_all
 8月 05 18:20:51 macbookair2015 gnome-shell[99037]: Cursor update failed: drmModeAtomicCommit: 無効な引数です
 8月 05 18:20:52 macbookair2015 systemd[1]: Reached target sleep.target - Sleep.
 8月 05 18:20:52 macbookair2015 systemd[1]: Starting systemd-suspend-then-hibernate.service - System Suspend then Hibernate...
 8月 05 18:20:52 macbookair2015 systemd[1]: session-1703.scope: Unit now frozen-by-parent.
 8月 05 18:20:52 macbookair2015 systemd[1]: user.slice: Unit now frozen.
 8月 05 18:20:52 macbookair2015 systemd[1]: user-1000.slice: Unit now frozen-by-parent.
 8月 05 18:20:52 macbookair2015 systemd-sleep[436881]: Successfully froze unit 'user.slice'.
 8月 05 18:20:52 macbookair2015 systemd[1]: user@1000.service: Unit now frozen-by-parent.
 8月 05 18:20:52 macbookair2015 systemd-sleep[436881]: BAT0: Found battery with capacity below threshold (3% <= 5%).
 8月 05 18:20:52 macbookair2015 kbd-backlight-sleep[436905]: pre/suspend-then-hibernate: saved=0 set->0
 8月 05 18:20:52 macbookair2015 systemd[1]: Starting systemd-rfkill.service - Load/Save RF Kill Switch Status...
 8月 05 18:20:52 macbookair2015 NetworkManager[844]: <info>  [1785921652.6246] radio killswitch /sys/devices/pci0000:00/0000:00:1c.2/0000:03:00.0/ieee80211/phy0/rfkill41 disappeared
 8月 05 18:20:52 macbookair2015 systemd[1]: Started systemd-rfkill.service - Load/Save RF Kill Switch Status.
 8月 05 18:20:53 macbookair2015 70-h4-probe[437143]: phase=pre target=suspend-then-hibernate mode=beta file=/var/log/h4-probe/1785921652.pre
 8月 05 18:20:53 macbookair2015 systemd-sleep[436881]: Performing sleep operation 'hibernate'...
 8月 05 18:20:53 macbookair2015 kernel: PM: hibernation: hibernation entry
 8月 05 18:20:59 macbookair2015 kernel: Filesystems sync: 0.010 seconds
 8月 05 18:20:59 macbookair2015 kernel: Freezing user space processes
 8月 05 18:20:59 macbookair2015 kernel: Freezing user space processes completed (elapsed 0.001 seconds)
 8月 05 18:20:59 macbookair2015 kernel: OOM killer disabled.
 8月 05 18:20:59 macbookair2015 kernel: PM: hibernation: Marking nosave pages: [mem 0x00000000-0x00000fff]
 8月 05 18:20:59 macbookair2015 kernel: PM: hibernation: Marking nosave pages: [mem 0x00058000-0x00058fff]
 8月 05 18:20:59 macbookair2015 kernel: PM: hibernation: Marking nosave pages: [mem 0x000a0000-0x000fffff]
 8月 05 18:20:59 macbookair2015 kernel: PM: hibernation: Marking nosave pages: [mem 0x8ad01000-0x8ad48fff]
 8月 05 18:20:59 macbookair2015 kernel: PM: hibernation: Marking nosave pages: [mem 0x8ad5d000-0x8ad8efff]
 8月 05 18:20:59 macbookair2015 kernel: PM: hibernation: Marking nosave pages: [mem 0x8ae38000-0x8ae8efff]
 8月 05 18:20:59 macbookair2015 kernel: PM: hibernation: Marking nosave pages: [mem 0x8aecc000-0x8aefefff]
 8月 05 18:20:59 macbookair2015 kernel: PM: hibernation: Marking nosave pages: [mem 0x8afaa000-0x8afdefff]
 8月 05 18:20:59 macbookair2015 kernel: PM: hibernation: Marking nosave pages: [mem 0x8b000000-0xffffffff]
 8月 05 18:20:59 macbookair2015 kernel: PM: hibernation: Basic memory bitmaps created
 8月 05 18:20:59 macbookair2015 kernel: PM: hibernation: Preallocating image memory
 8月 05 18:20:59 macbookair2015 kernel: PM: hibernation: Allocated 411081 pages for snapshot
 8月 05 18:20:59 macbookair2015 kernel: PM: hibernation: Allocated 1644324 kbytes in 3.87 seconds (424.88 MB/s)
 8月 05 18:20:59 macbookair2015 kernel: Freezing remaining freezable tasks
 8月 05 18:20:59 macbookair2015 kernel: Freezing remaining freezable tasks completed (elapsed 0.001 seconds)
 8月 05 18:20:59 macbookair2015 kernel: input input15: PM: calling input_dev_freeze @ 436881, parent: none
 8月 05 18:20:59 macbookair2015 kernel: input input15: PM: input_dev_freeze returned 0 after 0 usecs
 8月 05 18:20:59 macbookair2015 kernel: intel_rapl_msr intel_rapl_msr.0: PM: calling platform_pm_freeze @ 436881, parent: platform
 8月 05 18:20:59 macbookair2015 kernel: intel_rapl_msr intel_rapl_msr.0: PM: platform_pm_freeze returned 0 after 0 usecs
 8月 05 18:20:59 macbookair2015 kernel: platform coretemp.0: PM: calling platform_pm_freeze @ 436881, parent: platform
 8月 05 18:20:59 macbookair2015 kernel: platform coretemp.0: PM: platform_pm_freeze returned 0 after 0 usecs
 8月 05 18:20:59 macbookair2015 kernel: input input14: PM: calling input_dev_freeze @ 436881, parent: card0
 8月 05 18:20:59 macbookair2015 kernel: input input14: PM: input_dev_freeze returned 0 after 0 usecs
 8月 05 18:20:59 macbookair2015 kernel: input input13: PM: calling input_dev_freeze @ 436881, parent: card0
 8月 05 18:20:59 macbookair2015 kernel: input input13: PM: input_dev_freeze returned 0 after 0 usecs
 8月 05 18:20:59 macbookair2015 kernel: input input11: PM: calling input_dev_freeze @ 436881, parent: card1
 8月 05 18:20:59 macbookair2015 kernel: input input11: PM: input_dev_freeze returned 0 after 0 usecs
 8月 05 18:20:59 macbookair2015 kernel: input input12: PM: calling input_dev_freeze @ 436881, parent: card0
 8月 05 18:20:59 macbookair2015 kernel: input input12: PM: input_dev_freeze returned 0 after 0 usecs
 8月 05 18:20:59 macbookair2015 kernel: sound pcmC0D8p: PM: calling do_pcm_suspend [snd_pcm] @ 436881, parent: card0
 8月 05 18:20:59 macbookair2015 kernel: sound pcmC0D8p: PM: do_pcm_suspend [snd_pcm] returned 0 after 0 usecs
 8月 05 18:20:59 macbookair2015 kernel: sound pcmC0D7p: PM: calling do_pcm_suspend [snd_pcm] @ 436881, parent: card0
 8月 05 18:20:59 macbookair2015 kernel: sound pcmC0D7p: PM: do_pcm_suspend [snd_pcm] returned 0 after 0 usecs
 8月 05 18:20:59 macbookair2015 kernel: sound pcmC0D3p: PM: calling do_pcm_suspend [snd_pcm] @ 436881, parent: card0
 8月 05 18:20:59 macbookair2015 kernel: sound pcmC0D3p: PM: do_pcm_suspend [snd_pcm] returned 0 after 0 usecs
 8月 05 18:20:59 macbookair2015 kernel: input input10: PM: calling input_dev_freeze @ 436881, parent: card1
 8月 05 18:20:59 macbookair2015 kernel: input input10: PM: input_dev_freeze returned 0 after 0 usecs
 8月 05 18:20:59 macbookair2015 kernel: sound pcmC1D0c: PM: calling do_pcm_suspend [snd_pcm] @ 436881, parent: card1
 8月 05 18:20:59 macbookair2015 kernel: sound pcmC1D0c: PM: do_pcm_suspend [snd_pcm] returned 0 after 0 usecs
 8月 05 18:20:59 macbookair2015 kernel: sound pcmC1D0p: PM: calling do_pcm_suspend [snd_pcm] @ 436881, parent: card1
 8月 05 18:20:59 macbookair2015 kernel: sound pcmC1D0p: PM: do_pcm_suspend [snd_pcm] returned 0 after 0 usecs
 8月 05 18:20:59 macbookair2015 kernel: leds smc::kbd_backlight: PM: calling led_suspend @ 436881, parent: applesmc.768
 8月 05 18:20:59 macbookair2015 kernel: leds smc::kbd_backlight: PM: led_suspend returned 0 after 0 usecs
 8月 05 18:20:59 macbookair2015 kernel: rfkill rfkill0: PM: calling rfkill_suspend [rfkill] @ 436881, parent: hci0
 8月 05 18:20:59 macbookair2015 kernel: rfkill rfkill0: PM: rfkill_suspend [rfkill] returned 0 after 0 usecs
 8月 05 18:20:59 macbookair2015 kernel: applesmc applesmc.768: PM: calling platform_pm_freeze @ 436881, parent: platform
 8月 05 18:20:59 macbookair2015 kernel: applesmc applesmc.768: PM: platform_pm_freeze returned 0 after 0 usecs
 8月 05 18:20:59 macbookair2015 kernel: input input9: PM: calling input_dev_freeze @ 436881, parent: pcspkr
 8月 05 18:20:59 macbookair2015 kernel: input input9: PM: input_dev_freeze returned 0 after 0 usecs
 8月 05 18:20:59 macbookair2015 kernel: input input8: PM: calling input_dev_freeze @ 436881, parent: 1-5:1.2
 8月 05 18:20:59 macbookair2015 kernel: snd_hda_codec_cirrus hdaudioC1D0: PM: calling hda_codec_pm_freeze [snd_hda_codec] @ 436940, parent: 0000:00:1b.0
 8月 05 18:20:59 macbookair2015 kernel: snd_hda_codec_hdmi hdaudioC0D0: PM: calling hda_codec_pm_freeze [snd_hda_codec] @ 432270, parent: 0000:00:03.0
 8月 05 18:20:59 macbookair2015 kernel: input input8: PM: input_dev_freeze returned 0 after 0 usecs
 8月 05 18:20:59 macbookair2015 kernel: snd_hda_codec_hdmi hdaudioC0D0: PM: hda_codec_pm_freeze [snd_hda_codec] returned 0 after 1 usecs
 8月 05 18:20:59 macbookair2015 kernel: snd_hda_codec_cirrus hdaudioC1D0: PM: hda_codec_pm_freeze [snd_hda_codec] returned 0 after 0 usecs
 8月 05 18:20:59 macbookair2015 kernel: leds input7::kana: PM: calling led_suspend @ 436881, parent: input7
 8月 05 18:20:59 macbookair2015 kernel: leds input7::kana: PM: led_suspend returned 0 after 0 usecs
 8月 05 18:20:59 macbookair2015 kernel: leds input7::compose: PM: calling led_suspend @ 436881, parent: input7
 8月 05 18:20:59 macbookair2015 kernel: leds input7::compose: PM: led_suspend returned 0 after 0 usecs
 8月 05 18:20:59 macbookair2015 kernel: leds input7::scrolllock: PM: calling led_suspend @ 436881, parent: input7
 8月 05 18:20:59 macbookair2015 kernel: leds input7::scrolllock: PM: led_suspend returned 0 after 0 usecs
 8月 05 18:20:59 macbookair2015 kernel: leds input7::capslock: PM: calling led_suspend @ 436881, parent: input7
 8月 05 18:20:59 macbookair2015 kernel: leds input7::capslock: PM: led_suspend returned 0 after 0 usecs
 8月 05 18:20:59 macbookair2015 kernel: leds input7::numlock: PM: calling led_suspend @ 436881, parent: input7
 8月 05 18:20:59 macbookair2015 kernel: snd_hda_intel 0000:00:03.0: PM: calling pci_pm_freeze @ 432272, parent: pci0000:00
 8月 05 18:20:59 macbookair2015 kernel: leds input7::numlock: PM: led_suspend returned 0 after 0 usecs
 8月 05 18:20:59 macbookair2015 kernel: input input7: PM: calling input_dev_freeze @ 436881, parent: 0003:05AC:0290.0002
 8月 05 18:20:59 macbookair2015 kernel: input input7: PM: input_dev_freeze returned 0 after 0 usecs
 8月 05 18:20:59 macbookair2015 kernel: backlight acpi_video0: PM: calling backlight_suspend @ 436881, parent: 0000:00:02.0
 8月 05 18:20:59 macbookair2015 kernel: backlight acpi_video0: PM: backlight_suspend returned 0 after 0 usecs
 8月 05 18:20:59 macbookair2015 kernel: input input5: PM: calling input_dev_freeze @ 436881, parent: LNXVIDEO:00
 8月 05 18:20:59 macbookair2015 kernel: usb 1-3.3: PM: calling usb_dev_freeze [usbcore] @ 432270, parent: 1-3
 8月 05 18:20:59 macbookair2015 kernel: input input5: PM: input_dev_freeze returned 0 after 0 usecs
 8月 05 18:20:59 macbookair2015 kernel: sd 0:0:0:0: PM: calling scsi_bus_freeze [scsi_mod] @ 434590, parent: target0:0:0
 8月 05 18:20:59 macbookair2015 kernel: usb 1-5: PM: calling usb_dev_freeze [usbcore] @ 432256, parent: usb1
 8月 05 18:20:59 macbookair2015 kernel: platform intel-spi: PM: calling platform_pm_freeze @ 436881, parent: 0000:00:1f.0
 8月 05 18:20:59 macbookair2015 kernel: platform intel-spi: PM: platform_pm_freeze returned 0 after 0 usecs
 8月 05 18:20:59 macbookair2015 kernel: platform iTCO_wdt.1.auto: PM: calling platform_pm_freeze @ 436881, parent: 0000:00:1f.0
 8月 05 18:20:59 macbookair2015 kernel: platform iTCO_wdt.1.auto: PM: platform_pm_freeze returned 0 after 0 usecs
 8月 05 18:20:59 macbookair2015 kernel: input input3: PM: calling input_dev_freeze @ 436881, parent: LNXPWRBN:00
 8月 05 18:20:59 macbookair2015 kernel: input input3: PM: input_dev_freeze returned 0 after 0 usecs
 8月 05 18:20:59 macbookair2015 kernel: input input2: PM: calling input_dev_freeze @ 436881, parent: PNP0C0E:00
 8月 05 18:20:59 macbookair2015 kernel: input input2: PM: input_dev_freeze returned 0 after 0 usecs
 8月 05 18:20:59 macbookair2015 kernel: input input1: PM: calling input_dev_freeze @ 436881, parent: PNP0C0C:00
 8月 05 18:20:59 macbookair2015 kernel: input input1: PM: input_dev_freeze returned 0 after 0 usecs
 8月 05 18:20:59 macbookair2015 kernel: input input0: PM: calling input_dev_freeze @ 436881, parent: PNP0C0D:00
 8月 05 18:20:59 macbookair2015 kernel: input input0: PM: input_dev_freeze returned 0 after 0 usecs
 8月 05 18:20:59 macbookair2015 kernel: usb 1-5: PM: usb_dev_freeze [usbcore] returned 0 after 70 usecs
 8月 05 18:20:59 macbookair2015 kernel: platform microcode: PM: calling platform_pm_freeze @ 436881, parent: platform
 8月 05 18:20:59 macbookair2015 kernel: platform microcode: PM: platform_pm_freeze returned 0 after 0 usecs
 8月 05 18:20:59 macbookair2015 kernel: alarmtimer alarmtimer.0.auto: PM: calling platform_pm_freeze @ 436881, parent: rtc0
 8月 05 18:20:59 macbookair2015 kernel: alarmtimer alarmtimer.0.auto: PM: platform_pm_freeze returned 0 after 0 usecs
 8月 05 18:20:59 macbookair2015 kernel: rtc rtc0: PM: calling rtc_suspend @ 436881, parent: 00:02
 8月 05 18:20:59 macbookair2015 kernel: rtc rtc0: PM: rtc_suspend returned 0 after 0 usecs
 8月 05 18:20:59 macbookair2015 kernel: port serial8250:0.3: PM: calling pm_runtime_force_suspend @ 436881, parent: serial8250:0
 8月 05 18:20:59 macbookair2015 kernel: port serial8250:0.3: PM: pm_runtime_force_suspend returned 0 after 0 usecs
 8月 05 18:20:59 macbookair2015 kernel: port serial8250:0.2: PM: calling pm_runtime_force_suspend @ 436881, parent: serial8250:0
 8月 05 18:20:59 macbookair2015 kernel: port serial8250:0.2: PM: pm_runtime_force_suspend returned 0 after 0 usecs
 8月 05 18:20:59 macbookair2015 kernel: port serial8250:0.1: PM: calling pm_runtime_force_suspend @ 436881, parent: serial8250:0
 8月 05 18:20:59 macbookair2015 kernel: port serial8250:0.1: PM: pm_runtime_force_suspend returned 0 after 0 usecs
 8月 05 18:20:59 macbookair2015 kernel: port serial8250:0.0: PM: calling pm_runtime_force_suspend @ 436881, parent: serial8250:0
 8月 05 18:20:59 macbookair2015 kernel: pcieport 0000:06:06.0: PM: calling pci_pm_freeze @ 437154, parent: 0000:05:00.0
 8月 05 18:20:59 macbookair2015 kernel: port serial8250:0.0: PM: pm_runtime_force_suspend returned 0 after 0 usecs
 8月 05 18:20:59 macbookair2015 kernel: serial8250 serial8250: PM: calling platform_pm_freeze @ 436881, parent: platform
 8月 05 18:20:59 macbookair2015 kernel: serial8250 serial8250: PM: platform_pm_freeze returned 0 after 0 usecs
 8月 05 18:20:59 macbookair2015 kernel: pcieport 0000:06:05.0: PM: calling pci_pm_freeze @ 437155, parent: 0000:05:00.0
 8月 05 18:20:59 macbookair2015 kernel: pcspkr pcspkr: PM: calling platform_pm_freeze @ 436881, parent: platform
 8月 05 18:20:59 macbookair2015 kernel: pcspkr pcspkr: PM: platform_pm_freeze returned 0 after 0 usecs
 8月 05 18:20:59 macbookair2015 kernel: pcieport 0000:06:04.0: PM: calling pci_pm_freeze @ 437156, parent: 0000:05:00.0
 8月 05 18:20:59 macbookair2015 kernel: system 00:04: PM: calling pnp_bus_freeze @ 436881, parent: pnp0
 8月 05 18:20:59 macbookair2015 kernel: pcieport 0000:06:03.0: PM: calling pci_pm_freeze @ 437157, parent: 0000:05:00.0
 8月 05 18:20:59 macbookair2015 kernel: system 00:04: PM: pnp_bus_freeze returned 0 after 0 usecs
 8月 05 18:20:59 macbookair2015 kernel: system 00:03: PM: calling pnp_bus_freeze @ 436881, parent: pnp0
 8月 05 18:20:59 macbookair2015 kernel: system 00:03: PM: pnp_bus_freeze returned 0 after 0 usecs
 8月 05 18:20:59 macbookair2015 kernel: rtc_cmos 00:02: PM: calling pnp_bus_freeze @ 436881, parent: pnp0
 8月 05 18:20:59 macbookair2015 kernel: usb usb2: PM: calling usb_dev_freeze [usbcore] @ 437158, parent: 0000:00:14.0
 8月 05 18:20:59 macbookair2015 kernel: rtc_cmos 00:02: PM: pnp_bus_freeze returned 0 after 30 usecs
 8月 05 18:20:59 macbookair2015 kernel: system 00:01: PM: calling pnp_bus_freeze @ 436881, parent: pnp0
 8月 05 18:20:59 macbookair2015 kernel: system 00:01: PM: pnp_bus_freeze returned 0 after 0 usecs
 8月 05 18:20:59 macbookair2015 kernel: system 00:00: PM: calling pnp_bus_freeze @ 436881, parent: pnp0
 8月 05 18:20:59 macbookair2015 kernel: system 00:00: PM: pnp_bus_freeze returned 0 after 0 usecs
 8月 05 18:20:59 macbookair2015 kernel: platform efivars.0: PM: calling platform_pm_freeze @ 436881, parent: platform
 8月 05 18:20:59 macbookair2015 kernel: platform efivars.0: PM: platform_pm_freeze returned 0 after 0 usecs
 8月 05 18:20:59 macbookair2015 kernel: platform rtc-efi.0: PM: calling platform_pm_freeze @ 436881, parent: platform
 8月 05 18:20:59 macbookair2015 kernel: platform rtc-efi.0: PM: platform_pm_freeze returned 0 after 0 usecs
 8月 05 18:20:59 macbookair2015 kernel: button LNXPWRBN:00: PM: calling acpi_button_suspend [button] @ 436881, parent: LNXSYSTM:00
 8月 05 18:20:59 macbookair2015 kernel: button LNXPWRBN:00: PM: acpi_button_suspend [button] returned 0 after 0 usecs
 8月 05 18:20:59 macbookair2015 kernel: platform PNP0C0E:00: PM: calling platform_pm_freeze @ 436881, parent: platform
 8月 05 18:20:59 macbookair2015 kernel: platform PNP0C0E:00: PM: platform_pm_freeze returned 0 after 0 usecs
 8月 05 18:20:59 macbookair2015 kernel: platform APP0002:00: PM: calling platform_pm_freeze @ 436881, parent: platform
 8月 05 18:20:59 macbookair2015 kernel: platform APP0002:00: PM: platform_pm_freeze returned 0 after 0 usecs
 8月 05 18:20:59 macbookair2015 kernel: platform PNP0C0C:00: PM: calling platform_pm_freeze @ 436881, parent: platform
 8月 05 18:20:59 macbookair2015 kernel: platform PNP0C0C:00: PM: platform_pm_freeze returned 0 after 0 usecs
 8月 05 18:20:59 macbookair2015 kernel: platform PNP0C0D:00: PM: calling platform_pm_freeze @ 436881, parent: platform
 8月 05 18:20:59 macbookair2015 kernel: platform PNP0C0D:00: PM: platform_pm_freeze returned 0 after 0 usecs
 8月 05 18:20:59 macbookair2015 kernel: ac ACPI0003:00: PM: calling acpi_subsys_freeze @ 436881, parent: platform
 8月 05 18:20:59 macbookair2015 kernel: ac ACPI0003:00: PM: acpi_subsys_freeze returned 0 after 0 usecs
 8月 05 18:20:59 macbookair2015 kernel: platform ACPI0002:00: PM: calling platform_pm_freeze @ 436881, parent: ACPI0001:00
 8月 05 18:20:59 macbookair2015 kernel: platform ACPI0002:00: PM: platform_pm_freeze returned 0 after 0 usecs
 8月 05 18:20:59 macbookair2015 kernel: platform ACPI0001:00: PM: calling platform_pm_freeze @ 436881, parent: PNP0C09:00
 8月 05 18:20:59 macbookair2015 kernel: platform ACPI0001:00: PM: platform_pm_freeze returned 0 after 0 usecs
 8月 05 18:20:59 macbookair2015 kernel: platform PNP0C09:00: PM: calling platform_pm_freeze @ 436881, parent: 0000:00:1f.0
 8月 05 18:20:59 macbookair2015 kernel: platform PNP0C09:00: PM: platform_pm_freeze returned 0 after 0 usecs
 8月 05 18:20:59 macbookair2015 kernel: platform ACPI0008:00: PM: calling platform_pm_freeze @ 436881, parent: 0000:00:1f.0
 8月 05 18:20:59 macbookair2015 kernel: platform ACPI0008:00: PM: platform_pm_freeze returned 0 after 0 usecs
 8月 05 18:20:59 macbookair2015 kernel: platform APP0001:00: PM: calling platform_pm_freeze @ 436881, parent: 0000:00:1f.0
 8月 05 18:20:59 macbookair2015 kernel: platform APP0001:00: PM: platform_pm_freeze returned 0 after 0 usecs
 8月 05 18:20:59 macbookair2015 kernel: platform PNP0C04:00: PM: calling platform_pm_freeze @ 436881, parent: 0000:00:1f.0
 8月 05 18:20:59 macbookair2015 kernel: platform PNP0C04:00: PM: platform_pm_freeze returned 0 after 0 usecs
 8月 05 18:20:59 macbookair2015 kernel: platform INT0800:00: PM: calling platform_pm_freeze @ 436881, parent: 0000:00:1f.0
 8月 05 18:20:59 macbookair2015 kernel: platform INT0800:00: PM: platform_pm_freeze returned 0 after 0 usecs
 8月 05 18:20:59 macbookair2015 kernel: platform acpi-cpufreq: PM: calling platform_pm_freeze @ 436881, parent: platform
 8月 05 18:20:59 macbookair2015 kernel: platform acpi-cpufreq: PM: platform_pm_freeze returned 0 after 0 usecs
 8月 05 18:20:59 macbookair2015 kernel: button PNP0C0E:00: PM: calling acpi_button_suspend [button] @ 436881, parent: LNXSYBUS:00
 8月 05 18:20:59 macbookair2015 kernel: button PNP0C0E:00: PM: acpi_button_suspend [button] returned 0 after 0 usecs
 8月 05 18:20:59 macbookair2015 kernel: button PNP0C0C:00: PM: calling acpi_button_suspend [button] @ 436881, parent: LNXSYBUS:00
 8月 05 18:20:59 macbookair2015 kernel: button PNP0C0C:00: PM: acpi_button_suspend [button] returned 0 after 0 usecs
 8月 05 18:20:59 macbookair2015 kernel: button PNP0C0D:00: PM: calling acpi_button_suspend [button] @ 436881, parent: LNXSYBUS:00
 8月 05 18:20:59 macbookair2015 kernel: button PNP0C0D:00: PM: acpi_button_suspend [button] returned 0 after 0 usecs
 8月 05 18:20:59 macbookair2015 kernel: pci 0000:03:00.0: PM: calling pci_pm_freeze @ 437164, parent: 0000:00:1c.2
 8月 05 18:20:59 macbookair2015 kernel: pci 0000:03:00.0: PM: pci_pm_freeze returned 0 after 0 usecs
 8月 05 18:20:59 macbookair2015 kernel: facetimehd 0000:02:00.0: PM: calling pci_pm_freeze @ 437164, parent: 0000:00:1c.1
 8月 05 18:20:59 macbookair2015 kernel: intel_pch_thermal 0000:00:1f.6: PM: calling pci_pm_freeze @ 437165, parent: pci0000:00
 8月 05 18:20:59 macbookair2015 kernel: intel_pch_thermal 0000:00:1f.6: PM: pci_pm_freeze returned 0 after 0 usecs
 8月 05 18:20:59 macbookair2015 kernel: i801_smbus 0000:00:1f.3: PM: calling pci_pm_freeze @ 437165, parent: pci0000:00
 8月 05 18:20:59 macbookair2015 kernel: ec PNP0C09:00: PM: calling acpi_ec_suspend @ 436881, parent: device:0c
 8月 05 18:20:59 macbookair2015 kernel: ec PNP0C09:00: PM: acpi_ec_suspend returned 0 after 0 usecs
 8月 05 18:20:59 macbookair2015 kernel: i801_smbus 0000:00:1f.3: PM: pci_pm_freeze returned 0 after 29 usecs
 8月 05 18:20:59 macbookair2015 kernel: lpc_ich 0000:00:1f.0: PM: calling pci_pm_freeze @ 437166, parent: pci0000:00
 8月 05 18:20:59 macbookair2015 kernel: lpc_ich 0000:00:1f.0: PM: pci_pm_freeze returned 0 after 0 usecs
 8月 05 18:20:59 macbookair2015 kernel: pcieport 0000:00:1c.2: PM: calling pci_pm_freeze @ 437167, parent: pci0000:00
 8月 05 18:20:59 macbookair2015 kernel: pcieport 0000:00:1c.2: PM: pci_pm_freeze returned 0 after 0 usecs
 8月 05 18:20:59 macbookair2015 kernel: reg-dummy reg-dummy: PM: calling platform_pm_freeze @ 436881, parent: platform
 8月 05 18:20:59 macbookair2015 kernel: reg-dummy reg-dummy: PM: platform_pm_freeze returned 0 after 0 usecs
 8月 05 18:20:59 macbookair2015 kernel: pcieport 0000:00:1c.0: PM: calling pci_pm_freeze @ 437168, parent: pci0000:00
 8月 05 18:20:59 macbookair2015 kernel: snd_hda_intel 0000:00:1b.0: PM: calling pci_pm_freeze @ 437169, parent: pci0000:00
 8月 05 18:20:59 macbookair2015 kernel: mei_me 0000:00:16.0: PM: calling pci_pm_freeze @ 437170, parent: pci0000:00
 8月 05 18:20:59 macbookair2015 kernel: FWMSG: [ISP] CMD = 0x0001 [CISP_CMD_STOP]
 8月 05 18:20:59 macbookair2015 kernel: pxa2xx_spi_pci 0000:00:15.4: PM: calling pci_pm_freeze @ 437171, parent: pci0000:00
 8月 05 18:20:59 macbookair2015 kernel: pxa2xx_spi_pci 0000:00:15.4: PM: pci_pm_freeze returned 0 after 3 usecs
 8月 05 18:20:59 macbookair2015 kernel: dw_dmac_pci 0000:00:15.0: PM: calling pci_pm_freeze @ 437171, parent: pci0000:00
 8月 05 18:20:59 macbookair2015 kernel: dw_dmac_pci 0000:00:15.0: PM: pci_pm_freeze returned 0 after 0 usecs
 8月 05 18:20:59 macbookair2015 kernel: bdw_uncore 0000:00:00.0: PM: calling pci_pm_freeze @ 437173, parent: pci0000:00
 8月 05 18:20:59 macbookair2015 kernel: bdw_uncore 0000:00:00.0: PM: pci_pm_freeze returned 0 after 0 usecs
 8月 05 18:20:59 macbookair2015 kernel: mei_me 0000:00:16.0: PM: pci_pm_freeze returned 0 after 318 usecs
 8月 05 18:20:59 macbookair2015 kernel: facetimehd 0000:02:00.0: fthd_hw_deinit
 8月 05 18:20:59 macbookair2015 kernel: facetimehd 0000:02:00.0: PM: pci_pm_freeze returned 0 after 11365 usecs
 8月 05 18:20:59 macbookair2015 kernel: pcieport 0000:06:04.0: PM: pci_pm_freeze returned 0 after 11955 usecs
 8月 05 18:20:59 macbookair2015 kernel: pcieport 0000:06:06.0: PM: pci_pm_freeze returned 0 after 12036 usecs
 8月 05 18:20:59 macbookair2015 kernel: pcieport 0000:06:03.0: PM: pci_pm_freeze returned 0 after 11961 usecs
 8月 05 18:20:59 macbookair2015 kernel: pcieport 0000:00:1c.0: Enabling MPC IRBNCE
 8月 05 18:20:59 macbookair2015 kernel: pcieport 0000:00:1c.0: Intel PCH root port ACS workaround enabled
 8月 05 18:20:59 macbookair2015 kernel: pcieport 0000:06:05.0: PM: pci_pm_freeze returned 0 after 12160 usecs
 8月 05 18:20:59 macbookair2015 kernel: thunderbolt 0000:07:00.0: PM: calling pci_pm_freeze @ 437161, parent: 0000:06:00.0
 8月 05 18:20:59 macbookair2015 kernel: pcieport 0000:00:1c.0: PM: pci_pm_freeze returned 0 after 11598 usecs
 8月 05 18:20:59 macbookair2015 kernel: thunderbolt 0000:07:00.0: PM: pci_pm_freeze returned 0 after 0 usecs
 8月 05 18:20:59 macbookair2015 kernel: pcieport 0000:06:00.0: PM: calling pci_pm_freeze @ 437160, parent: 0000:05:00.0
 8月 05 18:20:59 macbookair2015 kernel: pcieport 0000:06:00.0: PM: pci_pm_freeze returned 0 after 1 usecs
 8月 05 18:20:59 macbookair2015 kernel: pcieport 0000:00:1c.1: PM: calling pci_pm_freeze @ 437167, parent: pci0000:00
 8月 05 18:20:59 macbookair2015 kernel: pcieport 0000:00:1c.1: PM: pci_pm_freeze returned 0 after 0 usecs
 8月 05 18:20:59 macbookair2015 kernel: pcieport 0000:05:00.0: PM: calling pci_pm_freeze @ 437163, parent: 0000:00:1c.4
 8月 05 18:20:59 macbookair2015 kernel: pcieport 0000:05:00.0: PM: pci_pm_freeze returned 0 after 0 usecs
 8月 05 18:20:59 macbookair2015 kernel: pcieport 0000:00:1c.4: PM: calling pci_pm_freeze @ 437166, parent: pci0000:00
 8月 05 18:20:59 macbookair2015 kernel: pcieport 0000:00:1c.4: PM: pci_pm_freeze returned 0 after 0 usecs
 8月 05 18:20:59 macbookair2015 kernel: snd_hda_intel 0000:00:03.0: PM: pci_pm_freeze returned 0 after 14337 usecs
 8月 05 18:20:59 macbookair2015 kernel: i915 0000:00:02.0: PM: calling pci_pm_freeze @ 437172, parent: pci0000:00
 8月 05 18:20:59 macbookair2015 kernel: sd 0:0:0:0: PM: scsi_bus_freeze [scsi_mod] returned 0 after 20088 usecs
 8月 05 18:20:59 macbookair2015 kernel: scsi target0:0:0: PM: calling scsi_bus_freeze [scsi_mod] @ 437152, parent: host0
 8月 05 18:20:59 macbookair2015 kernel: scsi target0:0:0: PM: scsi_bus_freeze [scsi_mod] returned 0 after 0 usecs
 8月 05 18:20:59 macbookair2015 kernel: scsi host0: PM: calling scsi_bus_freeze [scsi_mod] @ 437153, parent: ata1
 8月 05 18:20:59 macbookair2015 kernel: scsi host0: PM: scsi_bus_freeze [scsi_mod] returned 0 after 0 usecs
 8月 05 18:20:59 macbookair2015 kernel:  ata1: PM: calling ata_port_pm_freeze [libata] @ 432256, parent: 0000:04:00.0
 8月 05 18:20:59 macbookair2015 kernel: usb usb2: PM: usb_dev_freeze [usbcore] returned 0 after 23765 usecs
 8月 05 18:20:59 macbookair2015 kernel: snd_hda_intel 0000:00:1b.0: PM: pci_pm_freeze returned 0 after 39253 usecs
 8月 05 18:20:59 macbookair2015 kernel:  ata1: PM: ata_port_pm_freeze [libata] returned 0 after 45397 usecs
 8月 05 18:20:59 macbookair2015 kernel: ahci 0000:04:00.0: PM: calling pci_pm_freeze @ 437162, parent: 0000:00:1c.5
 8月 05 18:20:59 macbookair2015 kernel: ahci 0000:04:00.0: PM: pci_pm_freeze returned 0 after 7 usecs
 8月 05 18:20:59 macbookair2015 kernel: pcieport 0000:00:1c.5: PM: calling pci_pm_freeze @ 437165, parent: pci0000:00
 8月 05 18:20:59 macbookair2015 kernel: pcieport 0000:00:1c.5: PM: pci_pm_freeze returned 0 after 1 usecs
 8月 05 18:20:59 macbookair2015 kernel: usb 1-3.3: PM: usb_dev_freeze [usbcore] returned 0 after 160865 usecs
 8月 05 18:20:59 macbookair2015 kernel: usb 1-3: PM: calling usb_dev_freeze [usbcore] @ 436940, parent: usb1
 8月 05 18:20:59 macbookair2015 kernel: usb 1-3: PM: usb_dev_freeze [usbcore] returned 0 after 114 usecs
 8月 05 18:20:59 macbookair2015 kernel: usb usb1: PM: calling usb_dev_freeze [usbcore] @ 437159, parent: 0000:00:14.0
 8月 05 18:20:59 macbookair2015 kernel: usb usb1: PM: usb_dev_freeze [usbcore] returned 0 after 6905 usecs
 8月 05 18:20:59 macbookair2015 kernel: xhci_hcd 0000:00:14.0: PM: calling pci_pm_freeze @ 437171, parent: pci0000:00
 8月 05 18:20:59 macbookair2015 kernel: xhci_hcd 0000:00:14.0: PM: pci_pm_freeze returned 0 after 60 usecs
 8月 05 18:20:59 macbookair2015 kernel: i915 0000:00:02.0: PM: pci_pm_freeze returned 0 after 364718 usecs
 8月 05 18:20:59 macbookair2015 kernel: PM: freeze of devices complete after 379.747 msecs
 8月 05 18:20:59 macbookair2015 kernel: dw_dmac_pci 0000:00:15.0: PM: calling dw_pci_suspend_late [dw_dmac_pci] @ 437173, parent: pci0000:00
 8月 05 18:20:59 macbookair2015 kernel: dw_dmac_pci 0000:00:15.0: PM: dw_pci_suspend_late [dw_dmac_pci] returned 0 after 3 usecs
 8月 05 18:20:59 macbookair2015 kernel: i915 0000:00:02.0: PM: calling i915_pm_freeze_late [i915] @ 436940, parent: pci0000:00
 8月 05 18:20:59 macbookair2015 kernel: i915 0000:00:02.0: PM: i915_pm_freeze_late [i915] returned 0 after 13019 usecs
 8月 05 18:20:59 macbookair2015 kernel: PM: late freeze of devices complete after 13.896 msecs
 8月 05 18:20:59 macbookair2015 kernel: snd_hda_intel 0000:00:03.0: PM: calling pci_pm_freeze_noirq @ 437159, parent: pci0000:00
 8月 05 18:20:59 macbookair2015 kernel: snd_hda_intel 0000:00:03.0: PM: pci_pm_freeze_noirq returned 0 after 19 usecs
 8月 05 18:20:59 macbookair2015 kernel: pcieport 0000:06:06.0: PM: calling pci_pm_freeze_noirq @ 437159, parent: 0000:05:00.0
 8月 05 18:20:59 macbookair2015 kernel: pcieport 0000:06:06.0: PM: pci_pm_freeze_noirq returned 0 after 67 usecs
 8月 05 18:20:59 macbookair2015 kernel: pcieport 0000:06:05.0: PM: calling pci_pm_freeze_noirq @ 437159, parent: 0000:05:00.0
 8月 05 18:20:59 macbookair2015 kernel: pcieport 0000:06:05.0: PM: pci_pm_freeze_noirq returned 0 after 65 usecs
 8月 05 18:20:59 macbookair2015 kernel: pcieport 0000:06:04.0: PM: calling pci_pm_freeze_noirq @ 437159, parent: 0000:05:00.0
 8月 05 18:20:59 macbookair2015 kernel: ec PNP0C09:00: PM: calling acpi_ec_suspend_noirq @ 436881, parent: device:0c
 8月 05 18:20:59 macbookair2015 kernel: ACPI: EC: interrupt blocked
 8月 05 18:20:59 macbookair2015 kernel: ec PNP0C09:00: PM: acpi_ec_suspend_noirq returned 0 after 1 usecs
 8月 05 18:20:59 macbookair2015 kernel: pcieport 0000:06:04.0: PM: pci_pm_freeze_noirq returned 0 after 65 usecs
 8月 05 18:20:59 macbookair2015 kernel: pcieport 0000:06:03.0: PM: calling pci_pm_freeze_noirq @ 437159, parent: 0000:05:00.0
 8月 05 18:20:59 macbookair2015 kernel: pcieport 0000:06:03.0: PM: pci_pm_freeze_noirq returned 0 after 65 usecs
 8月 05 18:20:59 macbookair2015 kernel: ahci 0000:04:00.0: PM: calling pci_pm_freeze_noirq @ 437159, parent: 0000:00:1c.5
 8月 05 18:20:59 macbookair2015 kernel: ahci 0000:04:00.0: PM: pci_pm_freeze_noirq returned 0 after 93 usecs
 8月 05 18:20:59 macbookair2015 kernel: thunderbolt 0000:07:00.0: PM: calling pci_pm_freeze_noirq @ 437159, parent: 0000:06:00.0
 8月 05 18:20:59 macbookair2015 kernel: pci 0000:03:00.0: PM: calling pci_pm_freeze_noirq @ 437173, parent: 0000:00:1c.2
 8月 05 18:20:59 macbookair2015 kernel: facetimehd 0000:02:00.0: PM: calling pci_pm_freeze_noirq @ 437171, parent: 0000:00:1c.1
 8月 05 18:20:59 macbookair2015 kernel: intel_pch_thermal 0000:00:1f.6: PM: calling pci_pm_freeze_noirq @ 432270, parent: pci0000:00
 8月 05 18:20:59 macbookair2015 kernel: intel_pch_thermal 0000:00:1f.6: PM: pci_pm_freeze_noirq returned 0 after 227 usecs
 8月 05 18:20:59 macbookair2015 kernel: i801_smbus 0000:00:1f.3: PM: calling pci_pm_freeze_noirq @ 432270, parent: pci0000:00
 8月 05 18:20:59 macbookair2015 kernel: thunderbolt 0000:07:00.0: PM: pci_pm_freeze_noirq returned 0 after 350 usecs
 8月 05 18:20:59 macbookair2015 kernel: pcieport 0000:06:00.0: PM: calling pci_pm_freeze_noirq @ 437172, parent: 0000:05:00.0
 8月 05 18:20:59 macbookair2015 kernel: i801_smbus 0000:00:1f.3: PM: pci_pm_freeze_noirq returned 0 after 102 usecs
 8月 05 18:20:59 macbookair2015 kernel: lpc_ich 0000:00:1f.0: PM: calling pci_pm_freeze_noirq @ 432270, parent: pci0000:00
 8月 05 18:20:59 macbookair2015 kernel: pci 0000:03:00.0: PM: pci_pm_freeze_noirq returned 0 after 389 usecs
 8月 05 18:20:59 macbookair2015 kernel: facetimehd 0000:02:00.0: PM: pci_pm_freeze_noirq returned 0 after 384 usecs
 8月 05 18:20:59 macbookair2015 kernel: pcieport 0000:00:1c.5: PM: calling pci_pm_freeze_noirq @ 437173, parent: pci0000:00
 8月 05 18:20:59 macbookair2015 kernel: lpc_ich 0000:00:1f.0: PM: pci_pm_freeze_noirq returned 0 after 73 usecs
 8月 05 18:20:59 macbookair2015 kernel: pcieport 0000:00:1c.2: PM: calling pci_pm_freeze_noirq @ 432270, parent: pci0000:00
 8月 05 18:20:59 macbookair2015 kernel: pcieport 0000:06:00.0: PM: pci_pm_freeze_noirq returned 0 after 162 usecs
 8月 05 18:20:59 macbookair2015 kernel: pcieport 0000:00:1c.1: PM: calling pci_pm_freeze_noirq @ 437172, parent: pci0000:00
 8月 05 18:20:59 macbookair2015 kernel: pcieport 0000:00:1c.5: PM: pci_pm_freeze_noirq returned 0 after 87 usecs
 8月 05 18:20:59 macbookair2015 kernel: pcieport 0000:05:00.0: PM: calling pci_pm_freeze_noirq @ 436940, parent: 0000:00:1c.4
 8月 05 18:20:59 macbookair2015 kernel: pcieport 0000:00:1c.0: PM: calling pci_pm_freeze_noirq @ 437173, parent: pci0000:00
 8月 05 18:20:59 macbookair2015 kernel: pcieport 0000:00:1c.2: PM: pci_pm_freeze_noirq returned 0 after 66 usecs
 8月 05 18:20:59 macbookair2015 kernel: snd_hda_intel 0000:00:1b.0: PM: calling pci_pm_freeze_noirq @ 432270, parent: pci0000:00
 8月 05 18:20:59 macbookair2015 kernel: pcieport 0000:00:1c.1: PM: pci_pm_freeze_noirq returned 0 after 102 usecs
 8月 05 18:20:59 macbookair2015 kernel: mei_me 0000:00:16.0: PM: calling pci_pm_freeze_noirq @ 437172, parent: pci0000:00
 8月 05 18:20:59 macbookair2015 kernel: pcieport 0000:00:1c.0: PM: pci_pm_freeze_noirq returned 0 after 105 usecs
 8月 05 18:20:59 macbookair2015 kernel: snd_hda_intel 0000:00:1b.0: PM: pci_pm_freeze_noirq returned 0 after 69 usecs
 8月 05 18:20:59 macbookair2015 kernel: pxa2xx_spi_pci 0000:00:15.4: PM: calling pci_pm_freeze_noirq @ 437173, parent: pci0000:00
 8月 05 18:20:59 macbookair2015 kernel: dw_dmac_pci 0000:00:15.0: PM: calling pci_pm_freeze_noirq @ 432270, parent: pci0000:00
 8月 05 18:20:59 macbookair2015 kernel: pcieport 0000:05:00.0: PM: pci_pm_freeze_noirq returned 0 after 143 usecs
 8月 05 18:20:59 macbookair2015 kernel: xhci_hcd 0000:00:14.0: PM: calling pci_pm_freeze_noirq @ 436940, parent: pci0000:00
 8月 05 18:20:59 macbookair2015 kernel: mei_me 0000:00:16.0: PM: pci_pm_freeze_noirq returned 0 after 73 usecs
 8月 05 18:20:59 macbookair2015 kernel: i915 0000:00:02.0: PM: calling pci_pm_freeze_noirq @ 437172, parent: pci0000:00
 8月 05 18:20:59 macbookair2015 kernel: i915 0000:00:02.0: PM: pci_pm_freeze_noirq returned 0 after 0 usecs
 8月 05 18:20:59 macbookair2015 kernel: pxa2xx_spi_pci 0000:00:15.4: PM: pci_pm_freeze_noirq returned 0 after 82 usecs
 8月 05 18:20:59 macbookair2015 kernel: dw_dmac_pci 0000:00:15.0: PM: pci_pm_freeze_noirq returned 0 after 82 usecs
 8月 05 18:20:59 macbookair2015 kernel: bdw_uncore 0000:00:00.0: PM: calling pci_pm_freeze_noirq @ 437172, parent: pci0000:00
 8月 05 18:20:59 macbookair2015 kernel: xhci_hcd 0000:00:14.0: PM: pci_pm_freeze_noirq returned 0 after 58 usecs
 8月 05 18:20:59 macbookair2015 kernel: bdw_uncore 0000:00:00.0: PM: pci_pm_freeze_noirq returned 0 after 12 usecs
 8月 05 18:20:59 macbookair2015 kernel: pcieport 0000:00:1c.4: PM: calling pci_pm_freeze_noirq @ 437171, parent: pci0000:00
 8月 05 18:20:59 macbookair2015 kernel: pcieport 0000:00:1c.4: PM: pci_pm_freeze_noirq returned 0 after 28 usecs
 8月 05 18:20:59 macbookair2015 kernel: PM: noirq freeze of devices complete after 1.464 msecs
 8月 05 18:20:59 macbookair2015 kernel: PM: end freeze of devices complete after 15.455 msecs
 8月 05 18:20:59 macbookair2015 kernel: ACPI: PM: Preparing to enter system sleep state S4
 8月 05 18:20:59 macbookair2015 kernel: ACPI: EC: event blocked
 8月 05 18:20:59 macbookair2015 kernel: ACPI: EC: EC stopped
 8月 05 18:20:59 macbookair2015 kernel: ACPI: PM: Saving platform NVS memory
 8月 05 18:20:59 macbookair2015 kernel: Disabling non-boot CPUs ...
 8月 05 18:20:59 macbookair2015 kernel: smpboot: CPU 3 is now offline
 8月 05 18:20:59 macbookair2015 kernel: smpboot: CPU 2 is now offline
 8月 05 18:20:59 macbookair2015 kernel: smpboot: CPU 1 is now offline
 8月 05 18:20:59 macbookair2015 kernel: Checking wakeup interrupts
 8月 05 18:20:59 macbookair2015 kernel: Calling kvm_suspend+0x0/0x30 [kvm]
 8月 05 18:20:59 macbookair2015 kernel: Calling intel_epb_save+0x0/0x30
 8月 05 18:20:59 macbookair2015 kernel: Calling mce_syscore_suspend+0x0/0x20
 8月 05 18:20:59 macbookair2015 kernel: Calling ledtrig_cpu_syscore_suspend+0x0/0x30
 8月 05 18:20:59 macbookair2015 kernel: Calling timekeeping_suspend+0x0/0x2f0
 8月 05 18:20:59 macbookair2015 kernel: Calling irq_gc_suspend+0x0/0x80
 8月 05 18:20:59 macbookair2015 kernel: Calling save_ioapic_entries+0x0/0xd0
 8月 05 18:20:59 macbookair2015 kernel: Calling i8259A_suspend+0x0/0x30
 8月 05 18:20:59 macbookair2015 kernel: Calling iommu_suspend+0x0/0x120
 8月 05 18:20:59 macbookair2015 kernel: Calling fw_suspend+0x0/0x20
 8月 05 18:20:59 macbookair2015 kernel: Calling acpi_save_bm_rld+0x0/0x30
 8月 05 18:20:59 macbookair2015 kernel: Calling lapic_suspend+0x0/0x1a0
 8月 05 18:20:59 macbookair2015 kernel: PM: hibernation: Creating image:
 8月 05 18:20:59 macbookair2015 kernel: PM: hibernation: Need to copy 411014 pages
 8月 05 18:20:59 macbookair2015 kernel: PM: hibernation: Normal pages needed: 411014 + 1024, available pages: 612429
 8月 05 18:20:59 macbookair2015 kernel: PM: hibernation: Image created (321864 pages copied, 89150 zero pages)
 8月 05 18:20:59 macbookair2015 kernel: ACPI: PM: Restoring platform NVS memory
 8月 05 18:20:59 macbookair2015 kernel: ACPI: EC: EC started
 8月 05 18:20:59 macbookair2015 kernel: Calling init_counter_refs+0x0/0x40
 8月 05 18:20:59 macbookair2015 kernel: Calling lapic_resume+0x0/0x2b0
 8月 05 18:20:59 macbookair2015 kernel: Calling acpi_restore_bm_rld+0x0/0x70
 8月 05 18:20:59 macbookair2015 kernel: Calling irqrouter_resume+0x0/0x50
 8月 05 18:20:59 macbookair2015 kernel: Calling iommu_resume+0x0/0x160
 8月 05 18:20:59 macbookair2015 kernel: Calling i8259A_resume+0x0/0x40
 8月 05 18:20:59 macbookair2015 kernel: Calling i8237A_resume+0x0/0xb0
 8月 05 18:20:59 macbookair2015 kernel: Calling ioapic_resume+0x0/0xc0
 8月 05 18:20:59 macbookair2015 kernel: Calling irq_gc_resume+0x0/0x70
 8月 05 18:20:59 macbookair2015 kernel: Calling irq_pm_syscore_resume+0x0/0x20
 8月 05 18:20:59 macbookair2015 kernel: Calling timekeeping_resume+0x0/0x1a0
 8月 05 18:20:59 macbookair2015 kernel: Calling ledtrig_cpu_syscore_resume+0x0/0x20
 8月 05 18:20:59 macbookair2015 kernel: Calling mce_syscore_resume+0x0/0x30
 8月 05 18:20:59 macbookair2015 kernel: Calling intel_epb_restore+0x0/0x70
 8月 05 18:20:59 macbookair2015 kernel: Calling microcode_bsp_resume+0x0/0xd0
 8月 05 18:20:59 macbookair2015 kernel: Calling kvm_resume+0x0/0x40 [kvm]
 8月 05 18:20:59 macbookair2015 kernel: Enabling non-boot CPUs ...
 8月 05 18:20:59 macbookair2015 kernel: smpboot: Booting Node 0 Processor 1 APIC 0x2
 8月 05 18:20:59 macbookair2015 kernel: CPU1 is up
 8月 05 18:20:59 macbookair2015 kernel: smpboot: Booting Node 0 Processor 2 APIC 0x1
 8月 05 18:20:59 macbookair2015 kernel: CPU2 is up
 8月 05 18:20:59 macbookair2015 kernel: smpboot: Booting Node 0 Processor 3 APIC 0x3
 8月 05 18:20:59 macbookair2015 kernel: CPU3 is up
 8月 05 18:20:59 macbookair2015 kernel: ACPI: PM: Waking up from system sleep state S4
 8月 05 18:20:59 macbookair2015 kernel: dw_dmac_pci 0000:00:15.0: PM: calling pci_pm_thaw_noirq @ 437173, parent: pci0000:00
 8月 05 18:20:59 macbookair2015 kernel: xhci_hcd 0000:00:14.0: PM: calling pci_pm_thaw_noirq @ 437172, parent: pci0000:00
 8月 05 18:20:59 macbookair2015 kernel: bdw_uncore 0000:00:00.0: PM: calling pci_pm_thaw_noirq @ 437171, parent: pci0000:00
 8月 05 18:20:59 macbookair2015 kernel: i915 0000:00:02.0: PM: calling pci_pm_thaw_noirq @ 437159, parent: pci0000:00
 8月 05 18:20:59 macbookair2015 kernel: bdw_uncore 0000:00:00.0: PM: pci_pm_thaw_noirq returned 0 after 16 usecs
 8月 05 18:20:59 macbookair2015 kernel: ec PNP0C09:00: PM: calling acpi_ec_resume_noirq @ 436881, parent: device:0c
 8月 05 18:20:59 macbookair2015 kernel: ACPI: EC: interrupt unblocked
 8月 05 18:20:59 macbookair2015 kernel: pxa2xx_spi_pci 0000:00:15.4: PM: calling pci_pm_thaw_noirq @ 437171, parent: pci0000:00
 8月 05 18:20:59 macbookair2015 kernel: ec PNP0C09:00: PM: acpi_ec_resume_noirq returned 0 after 1 usecs
 8月 05 18:20:59 macbookair2015 kernel: snd_hda_intel 0000:00:1b.0: PM: calling pci_pm_thaw_noirq @ 437165, parent: pci0000:00
 8月 05 18:20:59 macbookair2015 kernel: pcieport 0000:00:1c.0: PM: calling pci_pm_thaw_noirq @ 432270, parent: pci0000:00
 8月 05 18:20:59 macbookair2015 kernel: mei_me 0000:00:16.0: PM: calling pci_pm_thaw_noirq @ 436940, parent: pci0000:00
 8月 05 18:20:59 macbookair2015 kernel: dw_dmac_pci 0000:00:15.0: PM: pci_pm_thaw_noirq returned 0 after 59 usecs
 8月 05 18:20:59 macbookair2015 kernel: pcieport 0000:00:1c.1: PM: calling pci_pm_thaw_noirq @ 437173, parent: pci0000:00
 8月 05 18:20:59 macbookair2015 kernel: pcieport 0000:00:1c.2: PM: calling pci_pm_thaw_noirq @ 437162, parent: pci0000:00
 8月 05 18:20:59 macbookair2015 kernel: pcieport 0000:00:1c.4: PM: calling pci_pm_thaw_noirq @ 432256, parent: pci0000:00
 8月 05 18:20:59 macbookair2015 kernel: xhci_hcd 0000:00:14.0: PM: pci_pm_thaw_noirq returned 0 after 111 usecs
 8月 05 18:20:59 macbookair2015 kernel: pcieport 0000:00:1c.5: PM: calling pci_pm_thaw_noirq @ 437169, parent: pci0000:00
 8月 05 18:20:59 macbookair2015 kernel: mei_me 0000:00:16.0: PM: pci_pm_thaw_noirq returned 0 after 50 usecs
 8月 05 18:20:59 macbookair2015 kernel: lpc_ich 0000:00:1f.0: PM: calling pci_pm_thaw_noirq @ 437172, parent: pci0000:00
 8月 05 18:20:59 macbookair2015 kernel: i801_smbus 0000:00:1f.3: PM: calling pci_pm_thaw_noirq @ 436940, parent: pci0000:00
 8月 05 18:20:59 macbookair2015 kernel: intel_pch_thermal 0000:00:1f.6: PM: calling pci_pm_thaw_noirq @ 437158, parent: pci0000:00
 8月 05 18:20:59 macbookair2015 kernel: pxa2xx_spi_pci 0000:00:15.4: PM: pci_pm_thaw_noirq returned 0 after 157 usecs
 8月 05 18:20:59 macbookair2015 kernel: intel_pch_thermal 0000:00:1f.6: PM: pci_pm_thaw_noirq returned 0 after 59 usecs
 8月 05 18:20:59 macbookair2015 kernel: pcieport 0000:00:1c.0: Enabling MPC IRBNCE
 8月 05 18:20:59 macbookair2015 kernel: pcieport 0000:00:1c.0: Intel PCH root port ACS workaround enabled
 8月 05 18:20:59 macbookair2015 kernel: pcieport 0000:00:1c.0: PM: pci_pm_thaw_noirq returned 0 after 262 usecs
 8月 05 18:20:59 macbookair2015 kernel: pcieport 0000:00:1c.1: Enabling MPC IRBNCE
 8月 05 18:20:59 macbookair2015 kernel: pcieport 0000:00:1c.4: Enabling MPC IRBNCE
 8月 05 18:20:59 macbookair2015 kernel: pcieport 0000:00:1c.4: Intel PCH root port ACS workaround enabled
 8月 05 18:20:59 macbookair2015 kernel: pcieport 0000:00:1c.1: Intel PCH root port ACS workaround enabled
 8月 05 18:20:59 macbookair2015 kernel: pcieport 0000:00:1c.4: PM: pci_pm_thaw_noirq returned 0 after 219 usecs
 8月 05 18:20:59 macbookair2015 kernel: pcieport 0000:00:1c.1: PM: pci_pm_thaw_noirq returned 0 after 246 usecs
 8月 05 18:20:59 macbookair2015 kernel: facetimehd 0000:02:00.0: PM: calling pci_pm_thaw_noirq @ 437153, parent: 0000:00:1c.1
 8月 05 18:20:59 macbookair2015 kernel: pcieport 0000:05:00.0: PM: calling pci_pm_thaw_noirq @ 434590, parent: 0000:00:1c.4
 8月 05 18:20:59 macbookair2015 kernel: lpc_ich 0000:00:1f.0: PM: pci_pm_thaw_noirq returned 0 after 264 usecs
 8月 05 18:20:59 macbookair2015 kernel: i801_smbus 0000:00:1f.3: PM: pci_pm_thaw_noirq returned 0 after 273 usecs
 8月 05 18:20:59 macbookair2015 kernel: snd_hda_intel 0000:00:1b.0: PM: pci_pm_thaw_noirq returned 0 after 381 usecs
 8月 05 18:20:59 macbookair2015 kernel: pcieport 0000:00:1c.2: Enabling MPC IRBNCE
 8月 05 18:20:59 macbookair2015 kernel: pcieport 0000:00:1c.2: Intel PCH root port ACS workaround enabled
 8月 05 18:20:59 macbookair2015 kernel: pcieport 0000:00:1c.2: PM: pci_pm_thaw_noirq returned 0 after 424 usecs
 8月 05 18:20:59 macbookair2015 kernel: pci 0000:03:00.0: PM: calling pci_pm_thaw_noirq @ 437152, parent: 0000:00:1c.2
 8月 05 18:20:59 macbookair2015 kernel: pcieport 0000:00:1c.5: Enabling MPC IRBNCE
 8月 05 18:20:59 macbookair2015 kernel: pcieport 0000:00:1c.5: Intel PCH root port ACS workaround enabled
 8月 05 18:20:59 macbookair2015 kernel: pcieport 0000:00:1c.5: PM: pci_pm_thaw_noirq returned 0 after 521 usecs
 8月 05 18:20:59 macbookair2015 kernel: ahci 0000:04:00.0: PM: calling pci_pm_thaw_noirq @ 437160, parent: 0000:00:1c.5
 8月 05 18:20:59 macbookair2015 kernel: facetimehd 0000:02:00.0: PM: pci_pm_thaw_noirq returned 0 after 439 usecs
 8月 05 18:20:59 macbookair2015 kernel: pcieport 0000:05:00.0: PM: pci_pm_thaw_noirq returned 0 after 487 usecs
 8月 05 18:20:59 macbookair2015 kernel: pci 0000:03:00.0: PM: pci_pm_thaw_noirq returned 0 after 334 usecs
 8月 05 18:20:59 macbookair2015 kernel: pcieport 0000:06:00.0: PM: calling pci_pm_thaw_noirq @ 432272, parent: 0000:05:00.0
 8月 05 18:20:59 macbookair2015 kernel: ahci 0000:04:00.0: PM: pci_pm_thaw_noirq returned 0 after 306 usecs
 8月 05 18:20:59 macbookair2015 kernel: pcieport 0000:06:00.0: PM: pci_pm_thaw_noirq returned 0 after 129 usecs
 8月 05 18:20:59 macbookair2015 kernel: thunderbolt 0000:07:00.0: PM: calling pci_pm_thaw_noirq @ 437166, parent: 0000:06:00.0
 8月 05 18:20:59 macbookair2015 kernel: thunderbolt 0000:07:00.0: PM: pci_pm_thaw_noirq returned 0 after 192 usecs
 8月 05 18:20:59 macbookair2015 kernel: pcieport 0000:06:05.0: PM: calling pci_pm_thaw_noirq @ 437154, parent: 0000:05:00.0
 8月 05 18:20:59 macbookair2015 kernel: pcieport 0000:06:03.0: PM: calling pci_pm_thaw_noirq @ 432270, parent: 0000:05:00.0
 8月 05 18:20:59 macbookair2015 kernel: pcieport 0000:06:04.0: PM: calling pci_pm_thaw_noirq @ 437158, parent: 0000:05:00.0
 8月 05 18:20:59 macbookair2015 kernel: pcieport 0000:06:06.0: PM: calling pci_pm_thaw_noirq @ 437164, parent: 0000:05:00.0
 8月 05 18:20:59 macbookair2015 kernel: pcieport 0000:06:05.0: PM: pci_pm_thaw_noirq returned 0 after 304 usecs
 8月 05 18:20:59 macbookair2015 kernel: pcieport 0000:06:04.0: PM: pci_pm_thaw_noirq returned 0 after 349 usecs
 8月 05 18:20:59 macbookair2015 kernel: pcieport 0000:06:06.0: PM: pci_pm_thaw_noirq returned 0 after 347 usecs
 8月 05 18:20:59 macbookair2015 kernel: pcieport 0000:06:03.0: PM: pci_pm_thaw_noirq returned 0 after 354 usecs
 8月 05 18:20:59 macbookair2015 kernel: i915 0000:00:02.0: PM: pci_pm_thaw_noirq returned 0 after 10835 usecs
 8月 05 18:20:59 macbookair2015 kernel: snd_hda_intel 0000:00:03.0: PM: calling pci_pm_thaw_noirq @ 437160, parent: pci0000:00
 8月 05 18:20:59 macbookair2015 kernel: snd_hda_intel 0000:00:03.0: PM: pci_pm_thaw_noirq returned 0 after 18 usecs
 8月 05 18:20:59 macbookair2015 kernel: PM: noirq thaw of devices complete after 11.096 msecs
 8月 05 18:20:59 macbookair2015 kernel: dw_dmac_pci 0000:00:15.0: PM: calling dw_pci_resume_early [dw_dmac_pci] @ 437160, parent: pci0000:00
 8月 05 18:20:59 macbookair2015 kernel: dw_dmac_pci 0000:00:15.0: PM: dw_pci_resume_early [dw_dmac_pci] returned 0 after 1 usecs
 8月 05 18:20:59 macbookair2015 kernel: i915 0000:00:02.0: PM: calling i915_pm_thaw_early [i915] @ 437177, parent: pci0000:00
 8月 05 18:20:59 macbookair2015 kernel: i915 0000:00:02.0: PM: i915_pm_thaw_early [i915] returned 0 after 91 usecs
 8月 05 18:20:59 macbookair2015 kernel: PM: early thaw of devices complete after 0.647 msecs
 8月 05 18:20:59 macbookair2015 kernel: xhci_hcd 0000:00:14.0: PM: calling pci_pm_thaw @ 437153, parent: pci0000:00
 8月 05 18:20:59 macbookair2015 kernel: bdw_uncore 0000:00:00.0: PM: calling pci_pm_thaw @ 437174, parent: pci0000:00
 8月 05 18:20:59 macbookair2015 kernel: i915 0000:00:02.0: PM: calling pci_pm_thaw @ 437152, parent: pci0000:00
 8月 05 18:20:59 macbookair2015 kernel: bdw_uncore 0000:00:00.0: PM: pci_pm_thaw returned 0 after 0 usecs
 8月 05 18:20:59 macbookair2015 kernel: dw_dmac_pci 0000:00:15.0: PM: calling pci_pm_thaw @ 437174, parent: pci0000:00
 8月 05 18:20:59 macbookair2015 kernel: reg-dummy reg-dummy: PM: calling platform_pm_thaw @ 436881, parent: platform
 8月 05 18:20:59 macbookair2015 kernel: dw_dmac_pci 0000:00:15.0: PM: pci_pm_thaw returned 0 after 0 usecs
 8月 05 18:20:59 macbookair2015 kernel: reg-dummy reg-dummy: PM: platform_pm_thaw returned 0 after 0 usecs
 8月 05 18:20:59 macbookair2015 kernel: pxa2xx_spi_pci 0000:00:15.4: PM: calling pci_pm_thaw @ 437174, parent: pci0000:00
 8月 05 18:20:59 macbookair2015 kernel: pxa2xx_spi_pci 0000:00:15.4: PM: pci_pm_thaw returned 0 after 9 usecs
 8月 05 18:20:59 macbookair2015 kernel: ec PNP0C09:00: PM: calling acpi_ec_resume @ 436881, parent: device:0c
 8月 05 18:20:59 macbookair2015 kernel: mei_me 0000:00:16.0: PM: calling pci_pm_thaw @ 437177, parent: pci0000:00
 8月 05 18:20:59 macbookair2015 kernel: ACPI: EC: event unblocked
 8月 05 18:20:59 macbookair2015 kernel: ec PNP0C09:00: PM: acpi_ec_resume returned 0 after 4 usecs
 8月 05 18:20:59 macbookair2015 kernel: sbs ACPI0002:00: PM: calling acpi_sbs_resume [sbs] @ 436881, parent: ACPI0001:00
 8月 05 18:20:59 macbookair2015 kernel: sbs ACPI0002:00: PM: acpi_sbs_resume [sbs] returned 0 after 0 usecs
 8月 05 18:20:59 macbookair2015 kernel: xhci_hcd 0000:00:14.0: PM: pci_pm_thaw returned 0 after 85 usecs
 8月 05 18:20:59 macbookair2015 kernel: snd_hda_intel 0000:00:1b.0: PM: calling pci_pm_thaw @ 437153, parent: pci0000:00
 8月 05 18:20:59 macbookair2015 kernel: pcieport 0000:00:1c.0: PM: calling pci_pm_thaw @ 437174, parent: pci0000:00
 8月 05 18:20:59 macbookair2015 kernel: pcieport 0000:00:1c.0: PM: pci_pm_thaw returned 0 after 1 usecs
 8月 05 18:20:59 macbookair2015 kernel: button PNP0C0D:00: PM: calling acpi_button_resume [button] @ 436881, parent: LNXSYBUS:00
 8月 05 18:20:59 macbookair2015 kernel: pcieport 0000:00:1c.1: PM: calling pci_pm_thaw @ 437174, parent: pci0000:00
 8月 05 18:20:59 macbookair2015 kernel: pcieport 0000:00:1c.1: PM: pci_pm_thaw returned 0 after 1 usecs
 8月 05 18:20:59 macbookair2015 kernel: pcieport 0000:00:1c.2: PM: calling pci_pm_thaw @ 437174, parent: pci0000:00
 8月 05 18:20:59 macbookair2015 kernel: pcieport 0000:00:1c.2: PM: pci_pm_thaw returned 0 after 0 usecs
 8月 05 18:20:59 macbookair2015 kernel: pcieport 0000:00:1c.4: PM: calling pci_pm_thaw @ 437174, parent: pci0000:00
 8月 05 18:20:59 macbookair2015 kernel: pcieport 0000:00:1c.4: PM: pci_pm_thaw returned 0 after 1 usecs
 8月 05 18:20:59 macbookair2015 kernel: pcieport 0000:00:1c.5: PM: calling pci_pm_thaw @ 437174, parent: pci0000:00
 8月 05 18:20:59 macbookair2015 kernel: pcieport 0000:00:1c.5: PM: pci_pm_thaw returned 0 after 1 usecs
 8月 05 18:20:59 macbookair2015 kernel: lpc_ich 0000:00:1f.0: PM: calling pci_pm_thaw @ 437174, parent: pci0000:00
 8月 05 18:20:59 macbookair2015 kernel: lpc_ich 0000:00:1f.0: PM: pci_pm_thaw returned 0 after 0 usecs
 8月 05 18:20:59 macbookair2015 kernel: i801_smbus 0000:00:1f.3: PM: calling pci_pm_thaw @ 437174, parent: pci0000:00
 8月 05 18:20:59 macbookair2015 kernel: intel_pch_thermal 0000:00:1f.6: PM: calling pci_pm_thaw @ 434590, parent: pci0000:00
 8月 05 18:20:59 macbookair2015 kernel: intel_pch_thermal 0000:00:1f.6: PM: pci_pm_thaw returned 0 after 0 usecs
 8月 05 18:20:59 macbookair2015 kernel: facetimehd 0000:02:00.0: PM: calling pci_pm_thaw @ 434590, parent: 0000:00:1c.1
 8月 05 18:20:59 macbookair2015 kernel: facetimehd 0000:02:00.0: Found FaceTime HD camera with device id: 1570
 8月 05 18:20:59 macbookair2015 kernel: i801_smbus 0000:00:1f.3: PM: pci_pm_thaw returned 0 after 139 usecs
 8月 05 18:20:59 macbookair2015 kernel: pci 0000:03:00.0: PM: calling pci_pm_thaw @ 437174, parent: 0000:00:1c.2
 8月 05 18:20:59 macbookair2015 kernel: pci 0000:03:00.0: PM: pci_pm_thaw returned 0 after 0 usecs
 8月 05 18:20:59 macbookair2015 kernel: pcieport 0000:05:00.0: PM: calling pci_pm_thaw @ 437174, parent: 0000:00:1c.4
 8月 05 18:20:59 macbookair2015 kernel: pcieport 0000:05:00.0: PM: pci_pm_thaw returned 0 after 1 usecs
 8月 05 18:20:59 macbookair2015 kernel: pcieport 0000:06:00.0: PM: calling pci_pm_thaw @ 437174, parent: 0000:05:00.0
 8月 05 18:20:59 macbookair2015 kernel: pcieport 0000:06:00.0: PM: pci_pm_thaw returned 0 after 3 usecs
 8月 05 18:20:59 macbookair2015 kernel: facetimehd 0000:02:00.0: Setting 64bit DMA mask
 8月 05 18:20:59 macbookair2015 kernel: thunderbolt 0000:07:00.0: PM: calling pci_pm_thaw @ 437174, parent: 0000:06:00.0
 8月 05 18:20:59 macbookair2015 kernel: thunderbolt 0000:07:00.0: PM: pci_pm_thaw returned 0 after 0 usecs
 8月 05 18:20:59 macbookair2015 kernel: ahci 0000:04:00.0: PM: calling pci_pm_thaw @ 437174, parent: 0000:00:1c.5
 8月 05 18:20:59 macbookair2015 kernel: usb usb1: PM: calling usb_dev_thaw [usbcore] @ 437169, parent: 0000:00:14.0
 8月 05 18:20:59 macbookair2015 kernel: usb usb2: PM: calling usb_dev_thaw [usbcore] @ 437172, parent: 0000:00:14.0
 8月 05 18:20:59 macbookair2015 kernel: mei_me 0000:00:16.0: PM: pci_pm_thaw returned 0 after 3399 usecs
 8月 05 18:20:59 macbookair2015 kernel: pcieport 0000:06:03.0: PM: calling pci_pm_thaw @ 437161, parent: 0000:05:00.0
 8月 05 18:20:59 macbookair2015 kernel: pcieport 0000:06:03.0: PM: pci_pm_thaw returned 0 after 7 usecs
 8月 05 18:20:59 macbookair2015 kernel: pcieport 0000:06:04.0: PM: calling pci_pm_thaw @ 437175, parent: 0000:05:00.0
 8月 05 18:20:59 macbookair2015 kernel: pcieport 0000:06:05.0: PM: calling pci_pm_thaw @ 437177, parent: 0000:05:00.0
 8月 05 18:20:59 macbookair2015 kernel: pcieport 0000:06:05.0: PM: pci_pm_thaw returned 0 after 9 usecs
 8月 05 18:20:59 macbookair2015 kernel: pcieport 0000:06:04.0: PM: pci_pm_thaw returned 0 after 10 usecs
 8月 05 18:20:59 macbookair2015 kernel: pcieport 0000:06:06.0: PM: calling pci_pm_thaw @ 437177, parent: 0000:05:00.0
 8月 05 18:20:59 macbookair2015 kernel: pcieport 0000:06:06.0: PM: pci_pm_thaw returned 0 after 128 usecs
 8月 05 18:20:59 macbookair2015 kernel: button PNP0C0D:00: PM: acpi_button_resume [button] returned 0 after 2970 usecs
 8月 05 18:20:59 macbookair2015 kernel: button PNP0C0C:00: PM: calling acpi_button_resume [button] @ 436881, parent: LNXSYBUS:00
 8月 05 18:20:59 macbookair2015 kernel: button PNP0C0C:00: PM: acpi_button_resume [button] returned 0 after 11 usecs
 8月 05 18:20:59 macbookair2015 kernel: button PNP0C0E:00: PM: calling acpi_button_resume [button] @ 436881, parent: LNXSYBUS:00
 8月 05 18:20:59 macbookair2015 kernel: button PNP0C0E:00: PM: acpi_button_resume [button] returned 0 after 0 usecs
 8月 05 18:20:59 macbookair2015 kernel: platform acpi-cpufreq: PM: calling platform_pm_thaw @ 436881, parent: platform
 8月 05 18:20:59 macbookair2015 kernel: platform acpi-cpufreq: PM: platform_pm_thaw returned 0 after 0 usecs
 8月 05 18:20:59 macbookair2015 kernel: platform INT0800:00: PM: calling platform_pm_thaw @ 436881, parent: 0000:00:1f.0
 8月 05 18:20:59 macbookair2015 kernel: platform INT0800:00: PM: platform_pm_thaw returned 0 after 0 usecs
 8月 05 18:20:59 macbookair2015 kernel: platform PNP0C04:00: PM: calling platform_pm_thaw @ 436881, parent: 0000:00:1f.0
 8月 05 18:20:59 macbookair2015 kernel: platform PNP0C04:00: PM: platform_pm_thaw returned 0 after 0 usecs
 8月 05 18:20:59 macbookair2015 kernel: platform APP0001:00: PM: calling platform_pm_thaw @ 436881, parent: 0000:00:1f.0
 8月 05 18:20:59 macbookair2015 kernel: platform APP0001:00: PM: platform_pm_thaw returned 0 after 0 usecs
 8月 05 18:20:59 macbookair2015 kernel: platform ACPI0008:00: PM: calling platform_pm_thaw @ 436881, parent: 0000:00:1f.0
 8月 05 18:20:59 macbookair2015 kernel: platform ACPI0008:00: PM: platform_pm_thaw returned 0 after 0 usecs
 8月 05 18:20:59 macbookair2015 kernel: platform PNP0C09:00: PM: calling platform_pm_thaw @ 436881, parent: 0000:00:1f.0
 8月 05 18:20:59 macbookair2015 kernel: platform PNP0C09:00: PM: platform_pm_thaw returned 0 after 0 usecs
 8月 05 18:20:59 macbookair2015 kernel: platform ACPI0001:00: PM: calling platform_pm_thaw @ 436881, parent: PNP0C09:00
 8月 05 18:20:59 macbookair2015 kernel: platform ACPI0001:00: PM: platform_pm_thaw returned 0 after 0 usecs
 8月 05 18:20:59 macbookair2015 kernel: platform ACPI0002:00: PM: calling platform_pm_thaw @ 436881, parent: ACPI0001:00
 8月 05 18:20:59 macbookair2015 kernel: platform ACPI0002:00: PM: platform_pm_thaw returned 0 after 0 usecs
 8月 05 18:20:59 macbookair2015 kernel: ac ACPI0003:00: PM: calling acpi_ac_resume [ac] @ 436881, parent: platform
 8月 05 18:20:59 macbookair2015 kernel: ac ACPI0003:00: PM: acpi_ac_resume [ac] returned 0 after 16 usecs
 8月 05 18:20:59 macbookair2015 kernel: platform PNP0C0D:00: PM: calling platform_pm_thaw @ 436881, parent: platform
 8月 05 18:20:59 macbookair2015 kernel: platform PNP0C0D:00: PM: platform_pm_thaw returned 0 after 0 usecs
 8月 05 18:20:59 macbookair2015 kernel: platform PNP0C0C:00: PM: calling platform_pm_thaw @ 436881, parent: platform
 8月 05 18:20:59 macbookair2015 kernel: platform PNP0C0C:00: PM: platform_pm_thaw returned 0 after 0 usecs
 8月 05 18:20:59 macbookair2015 kernel: platform APP0002:00: PM: calling platform_pm_thaw @ 436881, parent: platform
 8月 05 18:20:59 macbookair2015 kernel: platform APP0002:00: PM: platform_pm_thaw returned 0 after 0 usecs
 8月 05 18:20:59 macbookair2015 kernel: platform PNP0C0E:00: PM: calling platform_pm_thaw @ 436881, parent: platform
 8月 05 18:20:59 macbookair2015 kernel: platform PNP0C0E:00: PM: platform_pm_thaw returned 0 after 0 usecs
 8月 05 18:20:59 macbookair2015 kernel: button LNXPWRBN:00: PM: calling acpi_button_resume [button] @ 436881, parent: LNXSYSTM:00
 8月 05 18:20:59 macbookair2015 kernel: button LNXPWRBN:00: PM: acpi_button_resume [button] returned 0 after 5 usecs
 8月 05 18:20:59 macbookair2015 kernel: platform rtc-efi.0: PM: calling platform_pm_thaw @ 436881, parent: platform
 8月 05 18:20:59 macbookair2015 kernel: platform rtc-efi.0: PM: platform_pm_thaw returned 0 after 0 usecs
 8月 05 18:20:59 macbookair2015 kernel: platform efivars.0: PM: calling platform_pm_thaw @ 436881, parent: platform
 8月 05 18:20:59 macbookair2015 kernel: platform efivars.0: PM: platform_pm_thaw returned 0 after 0 usecs
 8月 05 18:20:59 macbookair2015 kernel: snd_hda_intel 0000:00:1b.0: PM: pci_pm_thaw returned 0 after 4101 usecs
 8月 05 18:20:59 macbookair2015 kernel: system 00:00: PM: calling pnp_bus_resume @ 436881, parent: pnp0
 8月 05 18:20:59 macbookair2015 kernel: system 00:00: PM: pnp_bus_resume returned 0 after 0 usecs
 8月 05 18:20:59 macbookair2015 kernel: system 00:01: PM: calling pnp_bus_resume @ 436881, parent: pnp0
 8月 05 18:20:59 macbookair2015 kernel: system 00:01: PM: pnp_bus_resume returned 0 after 0 usecs
 8月 05 18:20:59 macbookair2015 kernel: rtc_cmos 00:02: PM: calling pnp_bus_resume @ 436881, parent: pnp0
 8月 05 18:20:59 macbookair2015 kernel: rtc_cmos 00:02: PM: pnp_bus_resume returned 0 after 0 usecs
 8月 05 18:20:59 macbookair2015 kernel: system 00:03: PM: calling pnp_bus_resume @ 436881, parent: pnp0
 8月 05 18:20:59 macbookair2015 kernel: system 00:03: PM: pnp_bus_resume returned 0 after 0 usecs
 8月 05 18:20:59 macbookair2015 kernel: system 00:04: PM: calling pnp_bus_resume @ 436881, parent: pnp0
 8月 05 18:20:59 macbookair2015 kernel: system 00:04: PM: pnp_bus_resume returned 0 after 0 usecs
 8月 05 18:20:59 macbookair2015 kernel: pcspkr pcspkr: PM: calling platform_pm_thaw @ 436881, parent: platform
 8月 05 18:20:59 macbookair2015 kernel: pcspkr pcspkr: PM: platform_pm_thaw returned 0 after 0 usecs
 8月 05 18:20:59 macbookair2015 kernel: serial8250 serial8250: PM: calling platform_pm_thaw @ 436881, parent: platform
 8月 05 18:20:59 macbookair2015 kernel: serial8250 serial8250: PM: platform_pm_thaw returned 0 after 0 usecs
 8月 05 18:20:59 macbookair2015 kernel: port serial8250:0.0: PM: calling pm_runtime_force_resume @ 436881, parent: serial8250:0
 8月 05 18:20:59 macbookair2015 kernel: port serial8250:0.0: PM: pm_runtime_force_resume returned 0 after 0 usecs
 8月 05 18:20:59 macbookair2015 kernel: port serial8250:0.1: PM: calling pm_runtime_force_resume @ 436881, parent: serial8250:0
 8月 05 18:20:59 macbookair2015 kernel: port serial8250:0.1: PM: pm_runtime_force_resume returned 0 after 0 usecs
 8月 05 18:20:59 macbookair2015 kernel: port serial8250:0.2: PM: calling pm_runtime_force_resume @ 436881, parent: serial8250:0
 8月 05 18:20:59 macbookair2015 kernel: port serial8250:0.2: PM: pm_runtime_force_resume returned 0 after 0 usecs
 8月 05 18:20:59 macbookair2015 kernel: port serial8250:0.3: PM: calling pm_runtime_force_resume @ 436881, parent: serial8250:0
 8月 05 18:20:59 macbookair2015 kernel: port serial8250:0.3: PM: pm_runtime_force_resume returned 0 after 0 usecs
 8月 05 18:20:59 macbookair2015 kernel: rtc rtc0: PM: calling rtc_resume @ 436881, parent: 00:02
 8月 05 18:20:59 macbookair2015 kernel: rtc rtc0: PM: rtc_resume returned 0 after 50 usecs
 8月 05 18:20:59 macbookair2015 kernel: alarmtimer alarmtimer.0.auto: PM: calling platform_pm_thaw @ 436881, parent: rtc0
 8月 05 18:20:59 macbookair2015 kernel: alarmtimer alarmtimer.0.auto: PM: platform_pm_thaw returned 0 after 0 usecs
 8月 05 18:20:59 macbookair2015 kernel: platform microcode: PM: calling platform_pm_thaw @ 436881, parent: platform
 8月 05 18:20:59 macbookair2015 kernel: platform microcode: PM: platform_pm_thaw returned 0 after 0 usecs
 8月 05 18:20:59 macbookair2015 kernel: platform iTCO_wdt.1.auto: PM: calling platform_pm_thaw @ 436881, parent: 0000:00:1f.0
 8月 05 18:20:59 macbookair2015 kernel: platform iTCO_wdt.1.auto: PM: platform_pm_thaw returned 0 after 0 usecs
 8月 05 18:20:59 macbookair2015 kernel: platform intel-spi: PM: calling platform_pm_thaw @ 436881, parent: 0000:00:1f.0
 8月 05 18:20:59 macbookair2015 kernel: platform intel-spi: PM: platform_pm_thaw returned 0 after 0 usecs
 8月 05 18:20:59 macbookair2015 kernel: snd_hda_codec_cirrus hdaudioC1D0: PM: calling hda_codec_pm_thaw [snd_hda_codec] @ 437219, parent: 0000:00:1b.0
 8月 05 18:20:59 macbookair2015 kernel: snd_hda_codec_cirrus hdaudioC1D0: PM: hda_codec_pm_thaw [snd_hda_codec] returned 0 after 0 usecs
 8月 05 18:20:59 macbookair2015 kernel: facetimehd 0000:02:00.0: S2 PCIe link init succeeded
 8月 05 18:20:59 macbookair2015 kernel: facetimehd 0000:02:00.0: Refclk: 25MHz (0xa)
 8月 05 18:20:59 macbookair2015 kernel: facetimehd 0000:02:00.0: PLL reset finished
 8月 05 18:20:59 macbookair2015 kernel: facetimehd 0000:02:00.0: Waiting for S2 PLL to lock at 450 MHz
 8月 05 18:20:59 macbookair2015 kernel: facetimehd 0000:02:00.0: S2 PLL is locked after 10 us
 8月 05 18:20:59 macbookair2015 kernel: facetimehd 0000:02:00.0: S2 PLL is in bypass mode
 8月 05 18:20:59 macbookair2015 kernel: usb usb2: PM: usb_dev_thaw [usbcore] returned 0 after 27801 usecs
 8月 05 18:20:59 macbookair2015 kernel: ahci 0000:04:00.0: PM: pci_pm_thaw returned 0 after 30336 usecs
 8月 05 18:20:59 macbookair2015 kernel:  ata1: PM: calling ata_port_pm_resume [libata] @ 437175, parent: 0000:04:00.0
 8月 05 18:20:59 macbookair2015 kernel:  ata1: PM: ata_port_pm_resume [libata] returned 0 after 4 usecs
 8月 05 18:20:59 macbookair2015 kernel: scsi host0: PM: calling scsi_bus_thaw [scsi_mod] @ 437165, parent: ata1
 8月 05 18:20:59 macbookair2015 kernel: scsi host0: PM: scsi_bus_thaw [scsi_mod] returned 0 after 0 usecs
 8月 05 18:20:59 macbookair2015 kernel: scsi target0:0:0: PM: calling scsi_bus_thaw [scsi_mod] @ 437161, parent: host0
 8月 05 18:20:59 macbookair2015 kernel: scsi target0:0:0: PM: scsi_bus_thaw [scsi_mod] returned 0 after 0 usecs
 8月 05 18:20:59 macbookair2015 kernel: sd 0:0:0:0: PM: calling scsi_bus_thaw [scsi_mod] @ 437186, parent: target0:0:0
 8月 05 18:20:59 macbookair2015 kernel: sd 0:0:0:0: PM: scsi_bus_thaw [scsi_mod] returned 0 after 0 usecs
 8月 05 18:20:59 macbookair2015 kernel: facetimehd 0000:02:00.0: DDR40 PHY PLL locked on safe settings
 8月 05 18:20:59 macbookair2015 kernel: facetimehd 0000:02:00.0: STRAP valid
 8月 05 18:20:59 macbookair2015 kernel: facetimehd 0000:02:00.0: Configuring DDR PLLs for 450 MHz
 8月 05 18:20:59 macbookair2015 kernel: facetimehd 0000:02:00.0: DDR40 PLL is locked after 0 us
 8月 05 18:20:59 macbookair2015 kernel: facetimehd 0000:02:00.0: First DDR40 VDL calibration completed after 2 us
 8月 05 18:20:59 macbookair2015 kernel: facetimehd 0000:02:00.0: Second DDR40 VDL calibration completed after 1 us
 8月 05 18:20:59 macbookair2015 kernel: facetimehd 0000:02:00.0: Using step size 143
 8月 05 18:20:59 macbookair2015 kernel: facetimehd 0000:02:00.0: VDL set to: coarse=0x10007, fine=0x10119
 8月 05 18:20:59 macbookair2015 kernel: facetimehd 0000:02:00.0: Virtual VTT enabled
 8月 05 18:20:59 macbookair2015 kernel: usb usb1: PM: usb_dev_thaw [usbcore] returned 0 after 52830 usecs
 8月 05 18:20:59 macbookair2015 kernel: usb 1-3: PM: calling usb_dev_thaw [usbcore] @ 437181, parent: usb1
 8月 05 18:20:59 macbookair2015 kernel: usb 1-5: PM: calling usb_dev_thaw [usbcore] @ 437188, parent: usb1
 8月 05 18:20:59 macbookair2015 kernel: usb 1-5: PM: usb_dev_thaw [usbcore] returned 0 after 6 usecs
 8月 05 18:20:59 macbookair2015 kernel: usb 1-3: PM: usb_dev_thaw [usbcore] returned 0 after 254 usecs
 8月 05 18:20:59 macbookair2015 kernel: usb 1-3.3: PM: calling usb_dev_thaw [usbcore] @ 437204, parent: 1-3
 8月 05 18:20:59 macbookair2015 kernel: usb 1-3.3: PM: usb_dev_thaw [usbcore] returned 0 after 15 usecs
 8月 05 18:20:59 macbookair2015 kernel: facetimehd 0000:02:00.0: S2 DRAM memory address: 0x22159559
 8月 05 18:20:59 macbookair2015 kernel: facetimehd 0000:02:00.0: Rewrite DDR mode registers succeeded
 8月 05 18:20:59 macbookair2015 kernel: facetimehd 0000:02:00.0: Full memory verification succeeded! (0)
 8月 05 18:20:59 macbookair2015 kernel: facetimehd 0000:02:00.0: Loaded firmware, size: 1392kb
 8月 05 18:20:59 macbookair2015 kernel: ata1: SATA link up 6.0 Gbps (SStatus 133 SControl 300)
 8月 05 18:20:59 macbookair2015 kernel: ata1.00: LPM support broken, forcing max_power
 8月 05 18:20:59 macbookair2015 kernel: ata1.00: unexpected _GTF length (8)
 8月 05 18:20:59 macbookair2015 kernel: sd 0:0:0:0: [sda] Starting disk
 8月 05 18:20:59 macbookair2015 kernel: ata1.00: LPM support broken, forcing max_power
 8月 05 18:20:59 macbookair2015 kernel: ata1.00: unexpected _GTF length (8)
 8月 05 18:20:59 macbookair2015 kernel: ata1.00: configured for UDMA/133
 8月 05 18:20:59 macbookair2015 kernel: facetimehd 0000:02:00.0: ISP woke up after 0ms
 8月 05 18:20:59 macbookair2015 kernel: facetimehd 0000:02:00.0: Number of IPC channels: 7, queue size: 44865
 8月 05 18:20:59 macbookair2015 kernel: facetimehd 0000:02:00.0: Firmware requested heap size: 3072kb
 8月 05 18:20:59 macbookair2015 kernel: facetimehd 0000:02:00.0: ISP second int after 0ms
 8月 05 18:20:59 macbookair2015 kernel: facetimehd 0000:02:00.0: Channel description table at 00800000
 8月 05 18:20:59 macbookair2015 kernel: facetimehd 0000:02:00.0: magic value: 00000000 after 0 ms
 8月 05 18:20:59 macbookair2015 kernel: facetimehd 0000:02:00.0: Enabling interrupts
 8月 05 18:20:59 macbookair2015 kernel: FWMSG: 
 8月 05 18:20:59 macbookair2015 kernel: FWMSG: - APOLLO-ISP-APPLE ------------------------------------------------------------
 8月 05 18:20:59 macbookair2015 kernel: FWMSG: 
 8月 05 18:20:59 macbookair2015 kernel: FWMSG:   Restart count : 0
 8月 05 18:20:59 macbookair2015 kernel: FWMSG:   Platform : mode = TARGET, ID = 0x00000000, HW = 00020018.00000000
 8月 05 18:20:59 macbookair2015 kernel: FWMSG:   System Clock : 200000000 Hz
 8月 05 18:20:59 macbookair2015 kernel: FWMSG:   Processor mode : SUPERVISOR
 8月 05 18:20:59 macbookair2015 kernel: FWMSG:   Cache architecture type : SEPARATE
 8月 05 18:20:59 macbookair2015 kernel: FWMSG:   Cache type : WRITEBACK
 8月 05 18:20:59 macbookair2015 kernel: FWMSG:   Data Cache Line : 32 [0x20]
 8月 05 18:20:59 macbookair2015 kernel: FWMSG:   Boot arguments entries : 2
 8月 05 18:20:59 macbookair2015 kernel: FWMSG:     0000: 0x00000000 0x00000000
 8月 05 18:20:59 macbookair2015 kernel: FWMSG:   Physical memory base : 0x00000000 [TLB base 0x00160000]
 8月 05 18:20:59 macbookair2015 kernel: FWMSG:   Main memory :   base : 0x00000000
 8月 05 18:20:59 macbookair2015 kernel: FWMSG:                   size : 8388608 [0x00800000] [8.0 MB]
 8月 05 18:20:59 macbookair2015 kernel: FWMSG:   Extra heap :    base : 0x2080b000 [phy = 0x0080b000]
 8月 05 18:20:59 macbookair2015 kernel: FWMSG:                   size : 3145728 [0x00300000] [3.0 MB]
 8月 05 18:20:59 macbookair2015 kernel: FWMSG:   Shared window : base : 0x00800000 [static wiring]
 8月 05 18:20:59 macbookair2015 kernel: FWMSG:                   size : 125829120 [0x07800000] [120.0 MB]
 8月 05 18:20:59 macbookair2015 kernel: FWMSG:   Shared memory : base : 0x00800000
 8月 05 18:20:59 macbookair2015 kernel: FWMSG:                   size : 260046848 [0x0f800000] [248.0 MB]
 8月 05 18:20:59 macbookair2015 kernel: FWMSG:   TEXT : 1421992 [0x15b2a8] - text 667256, cstring  38749, const 715528
 8月 05 18:20:59 macbookair2015 kernel: FWMSG:   DATA : 8076 [0x1f8c] - data 0, bss 460, common 1452, noinit 6144
 8月 05 18:20:59 macbookair2015 kernel: FWMSG:   Heap free space : 10002626 [0x0098a0c2]
 8月 05 18:20:59 macbookair2015 kernel: FWMSG:   Heap allocated space : 94656 [0x000171c0]
 8月 05 18:20:59 macbookair2015 kernel: FWMSG:   Disclaimer : Copyright (c) APPLE Inc. All Rights Reserved.
 8月 05 18:20:59 macbookair2015 kernel: FWMSG:   Application : adc [release]
 8月 05 18:20:59 macbookair2015 kernel: FWMSG:   Linked on : Jul 25 2015 - 08:48:55
 8月 05 18:20:59 macbookair2015 kernel: FWMSG:   Release : S2ISP-01.43.00
 8月 05 18:20:59 macbookair2015 kernel: FWMSG:   H4ISPAPPLE : 11536
 8月 05 18:20:59 macbookair2015 kernel: FWMSG:   H4ISPCD : 4081
 8月 05 18:20:59 macbookair2015 kernel: FWMSG:   ffw : 4143
 8月 05 18:20:59 macbookair2015 kernel: FWMSG:   Tool-chain : iPhone OS - 7.0.3 [clang/clang++]
 8月 05 18:20:59 macbookair2015 kernel: FWMSG: 
 8月 05 18:20:59 macbookair2015 kernel: FWMSG: -------------------------------------------------------------------------------
 8月 05 18:20:59 macbookair2015 kernel: FWMSG: 
 8月 05 18:20:59 macbookair2015 kernel: FWMSG: [ISP] CMD = 0x0004 [CISP_CMD_PRINT_ENABLE]
 8月 05 18:20:59 macbookair2015 kernel: FWMSG: [ISP] CMD = 0x0003 [CISP_CMD_CONFIG_GET]
 8月 05 18:20:59 macbookair2015 kernel: FWMSG: [ISP] CH = 0 CMD = 0x010d [CISP_CMD_CH_INFO_GET]
 8月 05 18:20:59 macbookair2015 kernel: FWMSG: [ISP] CH = 0 CMD = 0x0106 [CISP_CMD_CH_CAMERA_CONFIG_GET]
 8月 05 18:20:59 macbookair2015 kernel: FWMSG: [DSC] CH = 0   Camera current config Get [0] 
 8月 05 18:20:59 macbookair2015 kernel: FWMSG: [ISP] CH = 0 CMD = 0x0106 [CISP_CMD_CH_CAMERA_CONFIG_GET]
 8月 05 18:20:59 macbookair2015 kernel: FWMSG: [DSC] CH = 0   Camera current config Get [1] 
 8月 05 18:20:59 macbookair2015 kernel: facetimehd 0000:02:00.0: firmware: failed to load facetimehd/1871_01XX.dat (-2)
 8月 05 18:20:59 macbookair2015 kernel: facetimehd 0000:02:00.0: firmware: failed to load facetimehd/1871_01XX.dat (-2)
 8月 05 18:20:59 macbookair2015 kernel: facetimehd 0000:02:00.0: firmware: failed to load facetimehd/1871_01XX.dat (-2)
 8月 05 18:20:59 macbookair2015 kernel: facetimehd 0000:02:00.0: Direct firmware load for facetimehd/1871_01XX.dat failed with error -2
 8月 05 18:20:59 macbookair2015 kernel: facetimehd 0000:02:00.0: PM: pci_pm_thaw returned 0 after 513933 usecs
 8月 05 18:20:59 macbookair2015 kernel: i915 0000:00:02.0: PM: pci_pm_thaw returned 0 after 918629 usecs
 8月 05 18:20:59 macbookair2015 kernel: snd_hda_intel 0000:00:03.0: PM: calling pci_pm_thaw @ 437217, parent: pci0000:00
 8月 05 18:20:59 macbookair2015 kernel: backlight acpi_video0: PM: calling backlight_resume @ 436881, parent: 0000:00:02.0
 8月 05 18:20:59 macbookair2015 kernel: backlight acpi_video0: PM: backlight_resume returned 0 after 0 usecs
 8月 05 18:20:59 macbookair2015 kernel: leds input7::numlock: PM: calling led_resume @ 436881, parent: input7
 8月 05 18:20:59 macbookair2015 kernel: leds input7::numlock: PM: led_resume returned 0 after 0 usecs
 8月 05 18:20:59 macbookair2015 kernel: leds input7::capslock: PM: calling led_resume @ 436881, parent: input7
 8月 05 18:20:59 macbookair2015 kernel: leds input7::capslock: PM: led_resume returned 0 after 0 usecs
 8月 05 18:20:59 macbookair2015 kernel: leds input7::scrolllock: PM: calling led_resume @ 436881, parent: input7
 8月 05 18:20:59 macbookair2015 kernel: leds input7::scrolllock: PM: led_resume returned 0 after 0 usecs
 8月 05 18:20:59 macbookair2015 kernel: leds input7::compose: PM: calling led_resume @ 436881, parent: input7
 8月 05 18:20:59 macbookair2015 kernel: leds input7::compose: PM: led_resume returned 0 after 0 usecs
 8月 05 18:20:59 macbookair2015 kernel: leds input7::kana: PM: calling led_resume @ 436881, parent: input7
 8月 05 18:20:59 macbookair2015 kernel: leds input7::kana: PM: led_resume returned 0 after 0 usecs
 8月 05 18:20:59 macbookair2015 kernel: applesmc applesmc.768: PM: calling platform_pm_thaw @ 436881, parent: platform
 8月 05 18:20:59 macbookair2015 kernel: applesmc applesmc.768: PM: platform_pm_thaw returned 0 after 0 usecs
 8月 05 18:20:59 macbookair2015 kernel: rfkill rfkill0: PM: calling rfkill_resume [rfkill] @ 436881, parent: hci0
 8月 05 18:20:59 macbookair2015 kernel: rfkill rfkill0: PM: rfkill_resume [rfkill] returned 0 after 3 usecs
 8月 05 18:20:59 macbookair2015 kernel: leds smc::kbd_backlight: PM: calling led_resume @ 436881, parent: applesmc.768
 8月 05 18:20:59 macbookair2015 kernel: leds smc::kbd_backlight: PM: led_resume returned 0 after 0 usecs
 8月 05 18:20:59 macbookair2015 kernel: snd_hda_intel 0000:00:03.0: PM: pci_pm_thaw returned 0 after 2338 usecs
 8月 05 18:20:59 macbookair2015 kernel: platform coretemp.0: PM: calling platform_pm_thaw @ 436881, parent: platform
 8月 05 18:20:59 macbookair2015 kernel: snd_hda_codec_hdmi hdaudioC0D0: PM: calling hda_codec_pm_thaw [snd_hda_codec] @ 437218, parent: 0000:00:03.0
 8月 05 18:20:59 macbookair2015 kernel: platform coretemp.0: PM: platform_pm_thaw returned 0 after 0 usecs
 8月 05 18:20:59 macbookair2015 kernel: intel_rapl_msr intel_rapl_msr.0: PM: calling platform_pm_thaw @ 436881, parent: platform
 8月 05 18:20:59 macbookair2015 kernel: intel_rapl_msr intel_rapl_msr.0: PM: platform_pm_thaw returned 0 after 0 usecs
 8月 05 18:20:59 macbookair2015 kernel: snd_hda_codec_hdmi hdaudioC0D0: PM: hda_codec_pm_thaw [snd_hda_codec] returned 0 after 0 usecs
 8月 05 18:20:59 macbookair2015 kernel: PM: thaw of devices complete after 921.202 msecs
 8月 05 18:20:59 macbookair2015 kernel: PM: hibernation: Writing hibernation image.
 8月 05 18:20:59 macbookair2015 kernel: PM: Cannot get swap writer
 8月 05 18:20:59 macbookair2015 kernel: PM: hibernation: Basic memory bitmaps freed
 8月 05 18:20:59 macbookair2015 kernel: OOM killer enabled.
 8月 05 18:20:59 macbookair2015 kernel: Restarting tasks ... done.
 8月 05 18:20:59 macbookair2015 kernel: video LNXVIDEO:00: Restoring backlight state
 8月 05 18:20:59 macbookair2015 kernel: PM: hibernation: hibernation exit
 8月 05 18:20:59 macbookair2015 kernel: cfg80211: Loading compiled-in X.509 certificates for regulatory database
 8月 05 18:20:59 macbookair2015 kernel: Loaded X.509 cert 'benh@debian.org: 577e021cb980e0e820821ba7b54b4961b8b4fadf'
 8月 05 18:20:59 macbookair2015 kernel: Loaded X.509 cert 'romain.perier@gmail.com: 3abbc6ec146e09d1b6016ab9d6cf71dd233f0328'
 8月 05 18:20:59 macbookair2015 kernel: Loaded X.509 cert 'sforshee: 00b28ddf47aef9cea7'
 8月 05 18:20:59 macbookair2015 kernel: Loaded X.509 cert 'wens: 61c038651aabdcf94bd0ac7ff06c7248db18c600'
 8月 05 18:20:59 macbookair2015 systemd-sleep[436881]: Failed to put system to sleep. System resumed again: No space left on device
 8月 05 18:20:59 macbookair2015 rtkit-daemon[991]: The canary thread is apparently starving. Taking action.
 8月 05 18:20:59 macbookair2015 rtkit-daemon[991]: Demoting known real-time threads.
 8月 05 18:20:59 macbookair2015 rtkit-daemon[991]: Successfully demoted thread 386094 of process 383462.
 8月 05 18:20:59 macbookair2015 rtkit-daemon[991]: Demoted 1 threads.
 8月 05 18:20:59 macbookair2015 bluetoothd[761]: Controller resume with wake event 0x0
 8月 05 18:20:59 macbookair2015 gdm3[937]: GLib: Source ID 353 was not found when attempting to remove it
 8月 05 18:20:59 macbookair2015 kbd-backlight-sleep[437249]: post/suspend-then-hibernate: restored=0
 8月 05 18:20:59 macbookair2015 kernel: wl: This driver includes a binary blob incompatible with IBT protection, available since Intel Core Tiger Lake (11th gen, 2020). If your CPU is older you can ignore the 'Unpatched return thunk in use' warnings caused by this driver. You can disable IBT by adding `ibt=off` to your kernel boot options.
 8月 05 18:20:59 macbookair2015 kernel: wlan0: Broadcom BCM43a0 802.11 Hybrid Wireless Controller 6.30.223.271 (r587334)
 8月 05 18:20:59 macbookair2015 kernel: 
 8月 05 18:20:59 macbookair2015 NetworkManager[844]: <info>  [1785921659.6694] manager: (wlan0): new 802.11 Wi-Fi device (/org/freedesktop/NetworkManager/Devices/76)
 8月 05 18:20:59 macbookair2015 NetworkManager[844]: <info>  [1785921659.6710] rfkill42: found Wi-Fi radio killswitch (at /sys/devices/pci0000:00/0000:00:1c.2/0000:03:00.0/ieee80211/phy0/rfkill42) (driver wl)
 8月 05 18:20:59 macbookair2015 NetworkManager[844]: <info>  [1785921659.6735] device (wlan0): interface index 85 renamed iface from 'wlan0' to 'wlp3s0'
 8月 05 18:20:59 macbookair2015 kernel: wl 0000:03:00.0 wlp3s0: renamed from wlan0
 8月 05 18:20:59 macbookair2015 70-h4-probe[437501]: phase=post target=suspend-then-hibernate mode=beta file=/var/log/h4-probe/1785921659.post
 8月 05 18:20:59 macbookair2015 systemd-sleep[436881]: Couldn't hibernate, will try to suspend again.
 8月 05 18:20:59 macbookair2015 ModemManager[894]: <wrn> [plugin-manager] task 52: port context already scheduled
 8月 05 18:20:59 macbookair2015 kbd-backlight-sleep[437522]: pre/suspend-then-hibernate: saved=0 set->0
 8月 05 18:20:59 macbookair2015 ModemManager[894]: <msg> [base-manager] port wlp3s0 released by device '/sys/devices/pci0000:00/0000:00:1c.2/0000:03:00.0'
 8月 05 18:20:59 macbookair2015 ModemManager[894]: <msg> [base-manager] couldn't check support for device '/sys/devices/pci0000:00/0000:00:1c.2/0000:03:00.0': Operation was cancelled
 8月 05 18:20:59 macbookair2015 NetworkManager[844]: <info>  [1785921659.7457] radio killswitch /sys/devices/pci0000:00/0000:00:1c.2/0000:03:00.0/ieee80211/phy0/rfkill42 disappeared
 8月 05 18:21:00 macbookair2015 70-h4-probe[437758]: phase=pre target=suspend-then-hibernate mode=beta file=/var/log/h4-probe/1785921659.pre
 8月 05 18:21:00 macbookair2015 systemd-sleep[436881]: Performing sleep operation 'suspend'...
