 7月 12 04:20:00.676089 macbookair2015 miminashi[83552]: C8-T2-START radio-off no-bt no-vpn
 7月 12 04:20:00.679229 macbookair2015 sshd-session[83551]: Received disconnect from 192.168.33.215 port 49882:11: disconnected by user
 7月 12 04:20:00.679463 macbookair2015 sshd-session[83551]: Disconnected from user miminashi 192.168.33.215 port 49882
 7月 12 04:20:00.680342 macbookair2015 sshd-session[83542]: pam_unix(sshd:session): session closed for user miminashi
 7月 12 04:20:00.683981 macbookair2015 systemd[1]: session-1300.scope: Deactivated successfully.
 7月 12 04:20:00.686938 macbookair2015 systemd-logind[768]: Session 1300 logged out. Waiting for processes to exit.
 7月 12 04:20:00.688962 macbookair2015 systemd-logind[768]: Removed session 1300.
 7月 12 04:20:06.932221 macbookair2015 sshd-session[83587]: Accepted publickey for miminashi from 192.168.33.215 port 45956 ssh2: ED25519 SHA256:P99tkH7UvDa3xACn+ZXK9hD+rUnxN6WMlG1U9Hjf+6c
 7月 12 04:20:06.933858 macbookair2015 sshd-session[83587]: pam_unix(sshd:session): session opened for user miminashi(uid=1000) by miminashi(uid=0)
 7月 12 04:20:06.939053 macbookair2015 systemd-logind[768]: New session 1301 of user miminashi.
 7月 12 04:20:06.975962 macbookair2015 systemd[1]: Started session-1301.scope - Session 1301 of User miminashi.
 7月 12 04:20:07.052312 macbookair2015 sshd-session[83607]: Received disconnect from 192.168.33.215 port 45956:11: disconnected by user
 7月 12 04:20:07.052598 macbookair2015 sshd-session[83607]: Disconnected from user miminashi 192.168.33.215 port 45956
 7月 12 04:20:07.053592 macbookair2015 sshd-session[83587]: pam_unix(sshd:session): session closed for user miminashi
 7月 12 04:20:07.056703 macbookair2015 systemd[1]: session-1301.scope: Deactivated successfully.
 7月 12 04:20:07.058900 macbookair2015 systemd-logind[768]: Session 1301 logged out. Waiting for processes to exit.
 7月 12 04:20:07.061281 macbookair2015 systemd-logind[768]: Removed session 1301.
 7月 12 04:20:15.181140 macbookair2015 sshd-session[83653]: Accepted publickey for miminashi from 192.168.33.215 port 43858 ssh2: ED25519 SHA256:P99tkH7UvDa3xACn+ZXK9hD+rUnxN6WMlG1U9Hjf+6c
 7月 12 04:20:15.182429 macbookair2015 sshd-session[83653]: pam_unix(sshd:session): session opened for user miminashi(uid=1000) by miminashi(uid=0)
 7月 12 04:20:15.187110 macbookair2015 systemd-logind[768]: New session 1302 of user miminashi.
 7月 12 04:20:15.219901 macbookair2015 systemd[1]: Started session-1302.scope - Session 1302 of User miminashi.
 7月 12 04:20:15.296643 macbookair2015 sshd-session[83665]: Received disconnect from 192.168.33.215 port 43858:11: disconnected by user
 7月 12 04:20:15.296927 macbookair2015 sshd-session[83665]: Disconnected from user miminashi 192.168.33.215 port 43858
 7月 12 04:20:15.297755 macbookair2015 sshd-session[83653]: pam_unix(sshd:session): session closed for user miminashi
 7月 12 04:20:15.301501 macbookair2015 systemd[1]: session-1302.scope: Deactivated successfully.
 7月 12 04:20:15.303955 macbookair2015 systemd-logind[768]: Session 1302 logged out. Waiting for processes to exit.
 7月 12 04:20:15.306116 macbookair2015 systemd-logind[768]: Removed session 1302.
 7月 12 04:20:23.416465 macbookair2015 sshd-session[83714]: Accepted publickey for miminashi from 192.168.33.215 port 43872 ssh2: ED25519 SHA256:P99tkH7UvDa3xACn+ZXK9hD+rUnxN6WMlG1U9Hjf+6c
 7月 12 04:20:23.418303 macbookair2015 sshd-session[83714]: pam_unix(sshd:session): session opened for user miminashi(uid=1000) by miminashi(uid=0)
 7月 12 04:20:23.424269 macbookair2015 systemd-logind[768]: New session 1303 of user miminashi.
 7月 12 04:20:23.439974 macbookair2015 systemd[1]: Started session-1303.scope - Session 1303 of User miminashi.
 7月 12 04:20:23.512311 macbookair2015 sshd-session[83723]: Received disconnect from 192.168.33.215 port 43872:11: disconnected by user
 7月 12 04:20:23.512597 macbookair2015 sshd-session[83723]: Disconnected from user miminashi 192.168.33.215 port 43872
 7月 12 04:20:23.513710 macbookair2015 sshd-session[83714]: pam_unix(sshd:session): session closed for user miminashi
 7月 12 04:20:23.517426 macbookair2015 systemd[1]: session-1303.scope: Deactivated successfully.
 7月 12 04:20:23.520136 macbookair2015 systemd-logind[768]: Session 1303 logged out. Waiting for processes to exit.
 7月 12 04:20:23.522011 macbookair2015 systemd-logind[768]: Removed session 1303.
 7月 12 04:20:31.637219 macbookair2015 sshd-session[83776]: Accepted publickey for miminashi from 192.168.33.215 port 47072 ssh2: ED25519 SHA256:P99tkH7UvDa3xACn+ZXK9hD+rUnxN6WMlG1U9Hjf+6c
 7月 12 04:20:31.639277 macbookair2015 sshd-session[83776]: pam_unix(sshd:session): session opened for user miminashi(uid=1000) by miminashi(uid=0)
 7月 12 04:20:31.645709 macbookair2015 systemd-logind[768]: New session 1304 of user miminashi.
 7月 12 04:20:31.683974 macbookair2015 systemd[1]: Started session-1304.scope - Session 1304 of User miminashi.
 7月 12 04:20:31.755955 macbookair2015 sshd-session[83785]: Received disconnect from 192.168.33.215 port 47072:11: disconnected by user
 7月 12 04:20:31.756183 macbookair2015 sshd-session[83785]: Disconnected from user miminashi 192.168.33.215 port 47072
 7月 12 04:20:31.757036 macbookair2015 sshd-session[83776]: pam_unix(sshd:session): session closed for user miminashi
 7月 12 04:20:31.760970 macbookair2015 systemd[1]: session-1304.scope: Deactivated successfully.
 7月 12 04:20:31.762815 macbookair2015 systemd-logind[768]: Session 1304 logged out. Waiting for processes to exit.
 7月 12 04:20:31.765038 macbookair2015 systemd-logind[768]: Removed session 1304.
 7月 12 04:20:39.880332 macbookair2015 sshd-session[83837]: Accepted publickey for miminashi from 192.168.33.215 port 56952 ssh2: ED25519 SHA256:P99tkH7UvDa3xACn+ZXK9hD+rUnxN6WMlG1U9Hjf+6c
 7月 12 04:20:39.882227 macbookair2015 sshd-session[83837]: pam_unix(sshd:session): session opened for user miminashi(uid=1000) by miminashi(uid=0)
 7月 12 04:20:39.888723 macbookair2015 systemd-logind[768]: New session 1305 of user miminashi.
 7月 12 04:20:39.903915 macbookair2015 systemd[1]: Started session-1305.scope - Session 1305 of User miminashi.
 7月 12 04:20:39.975692 macbookair2015 sshd-session[83846]: Received disconnect from 192.168.33.215 port 56952:11: disconnected by user
 7月 12 04:20:39.975977 macbookair2015 sshd-session[83846]: Disconnected from user miminashi 192.168.33.215 port 56952
 7月 12 04:20:39.976808 macbookair2015 sshd-session[83837]: pam_unix(sshd:session): session closed for user miminashi
 7月 12 04:20:39.980426 macbookair2015 systemd[1]: session-1305.scope: Deactivated successfully.
 7月 12 04:20:39.982501 macbookair2015 systemd-logind[768]: Session 1305 logged out. Waiting for processes to exit.
 7月 12 04:20:39.984492 macbookair2015 systemd-logind[768]: Removed session 1305.
 7月 12 04:20:43.729590 macbookair2015 avahi-daemon[737]: Interface wlp3s0.IPv6 no longer relevant for mDNS.
 7月 12 04:20:43.729614 macbookair2015 avahi-daemon[737]: Leaving mDNS multicast group on interface wlp3s0.IPv6 with address fd9d:4bbd:50df::458.
 7月 12 04:20:43.729664 macbookair2015 wpa_supplicant[829]: wlp3s0: CTRL-EVENT-DISCONNECTED bssid=d8:ec:5e:f8:c4:8b reason=3 locally_generated=1
 7月 12 04:20:43.730428 macbookair2015 avahi-daemon[737]: Interface wlp3s0.IPv4 no longer relevant for mDNS.
 7月 12 04:20:43.730442 macbookair2015 avahi-daemon[737]: Leaving mDNS multicast group on interface wlp3s0.IPv4 with address 192.168.33.145.
 7月 12 04:20:43.730510 macbookair2015 avahi-daemon[737]: Withdrawing address record for fd9d:4bbd:50df::458 on wlp3s0.
 7月 12 04:20:43.730524 macbookair2015 avahi-daemon[737]: Withdrawing address record for 192.168.33.145 on wlp3s0.
 7月 12 04:20:43.730713 macbookair2015 wpa_supplicant[829]: rfkill: WLAN soft blocked
 7月 12 04:20:43.731821 macbookair2015 NetworkManager[827]: <info>  [1783797643.7317] manager: rfkill: Wi-Fi hardware radio set disabled
 7月 12 04:20:43.731855 macbookair2015 NetworkManager[827]: <info>  [1783797643.7318] device (wlp3s0): state change: activated -> unavailable (reason 'none', managed-type: 'full')
 7月 12 04:20:43.732019 macbookair2015 NetworkManager[827]: <info>  [1783797643.7320] dhcp4 (wlp3s0): canceled DHCP transaction
 7月 12 04:20:43.732032 macbookair2015 NetworkManager[827]: <info>  [1783797643.7320] dhcp4 (wlp3s0): activation: beginning transaction (timeout in 45 seconds)
 7月 12 04:20:43.732046 macbookair2015 NetworkManager[827]: <info>  [1783797643.7320] dhcp4 (wlp3s0): state changed no lease
 7月 12 04:20:43.732208 macbookair2015 NetworkManager[827]: <info>  [1783797643.7321] dhcp6 (wlp3s0): canceled DHCP transaction
 7月 12 04:20:43.732220 macbookair2015 NetworkManager[827]: <info>  [1783797643.7322] dhcp6 (wlp3s0): activation: beginning transaction (timeout in 45 seconds)
 7月 12 04:20:43.732235 macbookair2015 NetworkManager[827]: <info>  [1783797643.7322] dhcp6 (wlp3s0): state changed no lease
 7月 12 04:20:43.734740 macbookair2015 com.discordapp.Discord.desktop[32108]: 04:20:43.734 › [GatewaySocket] Performing an expedited heartbeat reason: network detected offline.
 7月 12 04:20:43.736904 macbookair2015 systemd[1]: Starting systemd-rfkill.service - Load/Save RF Kill Switch Status...
 7月 12 04:20:43.780812 macbookair2015 systemd[1]: Started systemd-rfkill.service - Load/Save RF Kill Switch Status.
 7月 12 04:20:43.804001 macbookair2015 NetworkManager[827]: <info>  [1783797643.8039] manager: NetworkManager state is now DISCONNECTED
 7月 12 04:20:43.806608 macbookair2015 NetworkManager[827]: <info>  [1783797643.8065] audit: op="radio-control" arg="wireless-enabled:off" pid=1894 uid=1000 result="success"
 7月 12 04:20:43.807006 macbookair2015 NetworkManager[827]: <info>  [1783797643.8069] manager: rfkill: Wi-Fi now disabled by radio killswitch
 7月 12 04:20:43.808506 macbookair2015 wpa_supplicant[829]: wlp3s0: CTRL-EVENT-DSCP-POLICY clear_all
 7月 12 04:20:43.812174 macbookair2015 dbus-daemon[741]: [system] Activating via systemd: service name='org.freedesktop.nm_dispatcher' unit='dbus-org.freedesktop.nm-dispatcher.service' requested by ':1.12' (uid=0 pid=827 comm="/usr/sbin/NetworkManager --no-daemon")
 7月 12 04:20:43.818513 macbookair2015 systemd[1]: Starting NetworkManager-dispatcher.service - Network Manager Script Dispatcher Service...
 7月 12 04:20:43.856088 macbookair2015 wpa_supplicant[829]: wlp3s0: CTRL-EVENT-DSCP-POLICY clear_all
 7月 12 04:20:43.856101 macbookair2015 wpa_supplicant[829]: nl80211: deinit ifname=wlp3s0 disabled_11b_rates=0
 7月 12 04:20:43.857481 macbookair2015 dbus-daemon[741]: [system] Successfully activated service 'org.freedesktop.nm_dispatcher'
 7月 12 04:20:43.857742 macbookair2015 systemd[1]: Started NetworkManager-dispatcher.service - Network Manager Script Dispatcher Service.
 7月 12 04:20:48.788075 macbookair2015 systemd[1]: systemd-rfkill.service: Deactivated successfully.
 7月 12 04:20:53.870488 macbookair2015 systemd[1]: NetworkManager-dispatcher.service: Deactivated successfully.
 7月 12 04:20:56.833186 macbookair2015 systemd-logind[768]: Lid closed.
 7月 12 04:20:56.925190 macbookair2015 systemd-logind[768]: Suspending...
 7月 12 04:20:56.927219 macbookair2015 NetworkManager[827]: <info>  [1783797656.9271] manager: sleep: sleep requested (sleeping: no  enabled: yes)
 7月 12 04:20:56.927391 macbookair2015 ModemManager[862]: <msg> [sleep-monitor-systemd] system is about to suspend
 7月 12 04:20:56.927401 macbookair2015 NetworkManager[827]: <info>  [1783797656.9273] device (wlp3s0): state change: unavailable -> unmanaged (reason 'unmanaged-sleeping', managed-type: 'full')
 7月 12 04:20:56.928888 macbookair2015 NetworkManager[827]: <info>  [1783797656.9288] device (CC:60:23:AF:2C:60): state change: disconnected -> unmanaged (reason 'unmanaged-sleeping', managed-type: 'full')
 7月 12 04:20:56.929266 macbookair2015 NetworkManager[827]: <info>  [1783797656.9292] device (34:42:62:16:03:F6): state change: disconnected -> unmanaged (reason 'unmanaged-sleeping', managed-type: 'full')
 7月 12 04:20:56.929543 macbookair2015 NetworkManager[827]: <info>  [1783797656.9295] manager: NetworkManager state is now ASLEEP
 7月 12 04:20:57.862883 macbookair2015 gnome-shell[1894]: Cursor update failed: drmModeAtomicCommit: 無効な引数です
 7月 12 04:20:58.378403 macbookair2015 systemd[1]: Reached target sleep.target - Sleep.
 7月 12 04:20:58.383586 macbookair2015 systemd[1]: Starting systemd-suspend.service - System Suspend...
 7月 12 04:20:58.436858 macbookair2015 systemd[1]: session-6.scope: Unit now frozen-by-parent.
 7月 12 04:20:58.437364 macbookair2015 systemd[1]: user.slice: Unit now frozen.
 7月 12 04:20:58.437420 macbookair2015 systemd[1]: user-1000.slice: Unit now frozen-by-parent.
 7月 12 04:20:58.437427 macbookair2015 systemd-sleep[84007]: Successfully froze unit 'user.slice'.
 7月 12 04:20:58.437456 macbookair2015 systemd[1]: user@1000.service: Unit now frozen-by-parent.
 7月 12 04:20:58.445001 macbookair2015 kbd-backlight-sleep[84015]: pre/suspend: saved=0 set->0
 7月 12 04:20:58.452493 macbookair2015 snapshot-only[84034]: [PRE] bnep_rx=0 bnep_tx=0
 7月 12 04:20:58.480050 macbookair2015 snapshot-only[84070]: [PRE] kbnepd_session=NOT FOUND
 7月 12 04:20:58.488745 macbookair2015 snapshot-only[84082]: [PRE] bnep_netdev=MISSING
 7月 12 04:20:58.496617 macbookair2015 snapshot-only[84093]: [PRE] xfrm_state=0 xfrm_policy=0
 7月 12 04:20:58.523839 macbookair2015 snapshot-only[84105]: [PRE] ping_running=NO
 7月 12 04:20:58.542896 macbookair2015 snapshot-only[84128]: [PRE] wl_loaded=YES cfg80211_loaded=YES wlp3s0_present=YES
 7月 12 04:20:58.707788 macbookair2015 70-h4-probe[84272]: phase=pre target=suspend mode=beta file=/var/log/h4-probe/1783797658.pre
 7月 12 04:20:59.058069 macbookair2015 systemd-sleep[84007]: Performing sleep operation 'suspend'...
 7月 12 04:20:59.059662 macbookair2015 kernel: PM: suspend entry (s2idle)
 7月 12 04:20:59.071656 macbookair2015 kernel: Filesystems sync: 0.012 seconds
 7月 12 04:22:28.594356 macbookair2015 kernel: Freezing user space processes
 7月 12 04:22:28.594771 macbookair2015 kernel: Freezing user space processes completed (elapsed 0.001 seconds)
 7月 12 04:22:28.594912 macbookair2015 kernel: OOM killer disabled.
 7月 12 04:22:28.595038 macbookair2015 kernel: Freezing remaining freezable tasks
 7月 12 04:22:28.595130 macbookair2015 kernel: Freezing remaining freezable tasks completed (elapsed 0.001 seconds)
 7月 12 04:22:28.595172 macbookair2015 kernel: input input15: PM: calling input_dev_suspend @ 84007, parent: none
 7月 12 04:22:28.595863 macbookair2015 kernel: input input15: PM: input_dev_suspend returned 0 after 0 usecs
 7月 12 04:22:28.596618 macbookair2015 kernel: rfkill rfkill1: PM: calling rfkill_suspend [rfkill] @ 84007, parent: hci0
 7月 12 04:22:28.597020 macbookair2015 kernel: rfkill rfkill1: PM: rfkill_suspend [rfkill] returned 0 after 0 usecs
 7月 12 04:22:28.597381 macbookair2015 kernel: intel_rapl_msr intel_rapl_msr.0: PM: calling platform_pm_suspend @ 84007, parent: platform
 7月 12 04:22:28.597714 macbookair2015 kernel: intel_rapl_msr intel_rapl_msr.0: PM: platform_pm_suspend returned 0 after 0 usecs
 7月 12 04:22:28.598248 macbookair2015 kernel: rfkill rfkill0: PM: calling rfkill_suspend [rfkill] @ 84007, parent: phy0
 7月 12 04:22:28.598753 macbookair2015 kernel: usb 1-3.3: PM: calling usb_dev_suspend [usbcore] @ 81842, parent: 1-3
 7月 12 04:22:28.599351 macbookair2015 kernel: rfkill rfkill0: PM: rfkill_suspend [rfkill] returned 0 after 0 usecs
 7月 12 04:22:28.599952 macbookair2015 kernel: platform coretemp.0: PM: calling platform_pm_suspend @ 84007, parent: platform
 7月 12 04:22:28.600342 macbookair2015 kernel: platform coretemp.0: PM: platform_pm_suspend returned 0 after 0 usecs
 7月 12 04:22:28.600675 macbookair2015 kernel: input input12: PM: calling input_dev_suspend @ 84007, parent: card1
 7月 12 04:22:28.601109 macbookair2015 kernel: input input12: PM: input_dev_suspend returned 0 after 0 usecs
 7月 12 04:22:28.601498 macbookair2015 kernel: input input11: PM: calling input_dev_suspend @ 84007, parent: card1
 7月 12 04:22:28.601898 macbookair2015 kernel: input input11: PM: input_dev_suspend returned 0 after 0 usecs
 7月 12 04:22:28.602298 macbookair2015 kernel: sound pcmC1D0c: PM: calling do_pcm_suspend [snd_pcm] @ 84007, parent: card1
 7月 12 04:22:28.602686 macbookair2015 kernel: sound pcmC1D0c: PM: do_pcm_suspend [snd_pcm] returned 0 after 1 usecs
 7月 12 04:22:28.602994 macbookair2015 kernel: sound pcmC1D0p: PM: calling do_pcm_suspend [snd_pcm] @ 84007, parent: card1
 7月 12 04:22:28.603280 macbookair2015 kernel: sound pcmC1D0p: PM: do_pcm_suspend [snd_pcm] returned 0 after 0 usecs
 7月 12 04:22:28.603544 macbookair2015 kernel: ieee80211 phy0: PM: calling wiphy_suspend [cfg80211] @ 81864, parent: 0000:03:00.0
 7月 12 04:22:28.603916 macbookair2015 kernel: input input10: PM: calling input_dev_suspend @ 84007, parent: card0
 7月 12 04:22:28.604308 macbookair2015 kernel: input input10: PM: input_dev_suspend returned 0 after 0 usecs
 7月 12 04:22:28.604685 macbookair2015 kernel: input input9: PM: calling input_dev_suspend @ 84007, parent: card0
 7月 12 04:22:28.605091 macbookair2015 kernel: input input9: PM: input_dev_suspend returned 0 after 0 usecs
 7月 12 04:22:28.605450 macbookair2015 kernel: input input8: PM: calling input_dev_suspend @ 84007, parent: card0
 7月 12 04:22:28.605822 macbookair2015 kernel: input input8: PM: input_dev_suspend returned 0 after 0 usecs
 7月 12 04:22:28.606223 macbookair2015 kernel: sound pcmC0D8p: PM: calling do_pcm_suspend [snd_pcm] @ 84007, parent: card0
 7月 12 04:22:28.606507 macbookair2015 kernel: sound pcmC0D8p: PM: do_pcm_suspend [snd_pcm] returned 0 after 0 usecs
 7月 12 04:22:28.606775 macbookair2015 kernel: sound pcmC0D7p: PM: calling do_pcm_suspend [snd_pcm] @ 84007, parent: card0
 7月 12 04:22:28.607042 macbookair2015 kernel: sound pcmC0D7p: PM: do_pcm_suspend [snd_pcm] returned 0 after 0 usecs
 7月 12 04:22:28.607289 macbookair2015 kernel: sound pcmC0D3p: PM: calling do_pcm_suspend [snd_pcm] @ 84007, parent: card0
 7月 12 04:22:28.607563 macbookair2015 kernel: sound pcmC0D3p: PM: do_pcm_suspend [snd_pcm] returned 0 after 0 usecs
 7月 12 04:22:28.608979 macbookair2015 kernel: ieee80211 phy0: PM: wiphy_suspend [cfg80211] returned 0 after 4 usecs
 7月 12 04:22:28.609334 macbookair2015 kernel: leds smc::kbd_backlight: PM: calling led_suspend @ 84007, parent: applesmc.768
 7月 12 04:22:28.609713 macbookair2015 kernel: leds smc::kbd_backlight: PM: led_suspend returned 0 after 0 usecs
 7月 12 04:22:28.610047 macbookair2015 kernel: usb 1-3.3: PM: usb_dev_suspend [usbcore] returned 0 after 157 usecs
 7月 12 04:22:28.611581 macbookair2015 kernel: platform regulatory.0: PM: calling platform_pm_suspend @ 84007, parent: platform
 7月 12 04:22:28.612024 macbookair2015 kernel: platform regulatory.0: PM: platform_pm_suspend returned 0 after 0 usecs
 7月 12 04:22:28.612340 macbookair2015 kernel: snd_hda_intel 0000:00:03.0: PM: calling pci_pm_suspend @ 62094, parent: pci0000:00
 7月 12 04:22:28.612687 macbookair2015 kernel: applesmc applesmc.768: PM: calling platform_pm_suspend @ 84007, parent: platform
 7月 12 04:22:28.613002 macbookair2015 kernel: applesmc applesmc.768: PM: platform_pm_suspend returned 0 after 0 usecs
 7月 12 04:22:28.613327 macbookair2015 kernel: input input7: PM: calling input_dev_suspend @ 84007, parent: pcspkr
 7月 12 04:22:28.613714 macbookair2015 kernel: input input7: PM: input_dev_suspend returned 0 after 0 usecs
 7月 12 04:22:28.614062 macbookair2015 kernel: input input6: PM: calling input_dev_suspend @ 84007, parent: 1-5:1.2
 7月 12 04:22:28.614584 macbookair2015 kernel: input input6: PM: input_dev_suspend returned 0 after 0 usecs
 7月 12 04:22:28.615127 macbookair2015 kernel: usb 1-3: PM: calling usb_dev_suspend [usbcore] @ 81853, parent: usb1
 7月 12 04:22:28.615557 macbookair2015 kernel: backlight acpi_video0: PM: calling backlight_suspend @ 84007, parent: 0000:00:02.0
 7月 12 04:22:28.615975 macbookair2015 kernel: backlight acpi_video0: PM: backlight_suspend returned 0 after 0 usecs
 7月 12 04:22:28.616305 macbookair2015 kernel: input input5: PM: calling input_dev_suspend @ 84007, parent: LNXVIDEO:00
 7月 12 04:22:28.616713 macbookair2015 kernel: input input5: PM: input_dev_suspend returned 0 after 0 usecs
 7月 12 04:22:28.617099 macbookair2015 kernel: leds input4::kana: PM: calling led_suspend @ 84007, parent: input4
 7月 12 04:22:28.617491 macbookair2015 kernel: usb 1-3: PM: usb_dev_suspend [usbcore] returned 0 after 68 usecs
 7月 12 04:22:28.617856 macbookair2015 kernel: leds input4::kana: PM: led_suspend returned 0 after 0 usecs
 7月 12 04:22:28.618282 macbookair2015 kernel: leds input4::compose: PM: calling led_suspend @ 84007, parent: input4
 7月 12 04:22:28.618669 macbookair2015 kernel: leds input4::compose: PM: led_suspend returned 0 after 0 usecs
 7月 12 04:22:28.619036 macbookair2015 kernel: leds input4::scrolllock: PM: calling led_suspend @ 84007, parent: input4
 7月 12 04:22:28.619401 macbookair2015 kernel: leds input4::scrolllock: PM: led_suspend returned 0 after 0 usecs
 7月 12 04:22:28.619804 macbookair2015 kernel: leds input4::capslock: PM: calling led_suspend @ 84007, parent: input4
 7月 12 04:22:28.620180 macbookair2015 kernel: leds input4::capslock: PM: led_suspend returned 0 after 0 usecs
 7月 12 04:22:28.620559 macbookair2015 kernel: leds input4::numlock: PM: calling led_suspend @ 84007, parent: input4
 7月 12 04:22:28.620934 macbookair2015 kernel: leds input4::numlock: PM: led_suspend returned 0 after 0 usecs
 7月 12 04:22:28.621314 macbookair2015 kernel: input input4: PM: calling input_dev_suspend @ 84007, parent: 0003:05AC:0290.0002
 7月 12 04:22:28.621853 macbookair2015 kernel: input input4: PM: input_dev_suspend returned 0 after 0 usecs
 7月 12 04:22:28.622427 macbookair2015 kernel: usb 1-5: PM: calling usb_dev_suspend [usbcore] @ 81853, parent: usb1
 7月 12 04:22:28.622828 macbookair2015 kernel: sd 0:0:0:0: PM: calling scsi_bus_suspend [scsi_mod] @ 81864, parent: target0:0:0
 7月 12 04:22:28.623245 macbookair2015 kernel: platform intel-spi: PM: calling platform_pm_suspend @ 84007, parent: 0000:00:1f.0
 7月 12 04:22:28.623663 macbookair2015 kernel: platform intel-spi: PM: platform_pm_suspend returned 0 after 0 usecs
 7月 12 04:22:28.623992 macbookair2015 kernel: platform iTCO_wdt.1.auto: PM: calling platform_pm_suspend @ 84007, parent: 0000:00:1f.0
 7月 12 04:22:28.624310 macbookair2015 kernel: pcieport 0000:06:06.0: PM: calling pci_pm_suspend @ 82744, parent: 0000:05:00.0
 7月 12 04:22:28.624690 macbookair2015 kernel: platform iTCO_wdt.1.auto: PM: platform_pm_suspend returned 0 after 0 usecs
 7月 12 04:22:28.625068 macbookair2015 kernel: pcieport 0000:06:05.0: PM: calling pci_pm_suspend @ 81867, parent: 0000:05:00.0
 7月 12 04:22:28.625440 macbookair2015 kernel: input input3: PM: calling input_dev_suspend @ 84007, parent: LNXPWRBN:00
 7月 12 04:22:28.625804 macbookair2015 kernel: pcieport 0000:06:04.0: PM: calling pci_pm_suspend @ 81845, parent: 0000:05:00.0
 7月 12 04:22:28.626170 macbookair2015 kernel: pcieport 0000:06:06.0: PM: pci_pm_suspend returned 0 after 7 usecs
 7月 12 04:22:28.628689 macbookair2015 kernel: pcieport 0000:06:05.0: PM: pci_pm_suspend returned 0 after 6 usecs
 7月 12 04:22:28.629086 macbookair2015 kernel: input input3: PM: input_dev_suspend returned 0 after 0 usecs
 7月 12 04:22:28.629430 macbookair2015 kernel: input input2: PM: calling input_dev_suspend @ 84007, parent: PNP0C0E:00
 7月 12 04:22:28.629781 macbookair2015 kernel: pcieport 0000:06:04.0: PM: pci_pm_suspend returned 0 after 5 usecs
 7月 12 04:22:28.630194 macbookair2015 kernel: pcieport 0000:06:03.0: PM: calling pci_pm_suspend @ 82744, parent: 0000:05:00.0
 7月 12 04:22:28.630594 macbookair2015 kernel: input input2: PM: input_dev_suspend returned 0 after 0 usecs
 7月 12 04:22:28.630945 macbookair2015 kernel: pcieport 0000:06:03.0: PM: pci_pm_suspend returned 0 after 4 usecs
 7月 12 04:22:28.631300 macbookair2015 kernel: input input1: PM: calling input_dev_suspend @ 84007, parent: PNP0C0C:00
 7月 12 04:22:28.631749 macbookair2015 kernel: input input1: PM: input_dev_suspend returned 0 after 0 usecs
 7月 12 04:22:28.632159 macbookair2015 kernel: input input0: PM: calling input_dev_suspend @ 84007, parent: PNP0C0D:00
 7月 12 04:22:28.632564 macbookair2015 kernel: input input0: PM: input_dev_suspend returned 0 after 0 usecs
 7月 12 04:22:28.632966 macbookair2015 kernel: platform microcode: PM: calling platform_pm_suspend @ 84007, parent: platform
 7月 12 04:22:28.633286 macbookair2015 kernel: platform microcode: PM: platform_pm_suspend returned 0 after 0 usecs
 7月 12 04:22:28.633583 macbookair2015 kernel: alarmtimer alarmtimer.0.auto: PM: calling platform_pm_suspend @ 84007, parent: rtc0
 7月 12 04:22:28.633908 macbookair2015 kernel: usb usb2: PM: calling usb_dev_suspend [usbcore] @ 81845, parent: 0000:00:14.0
 7月 12 04:22:28.638342 macbookair2015 kernel: alarmtimer alarmtimer.0.auto: PM: platform_pm_suspend returned 0 after 0 usecs
 7月 12 04:22:28.638796 macbookair2015 kernel: rtc rtc0: PM: calling rtc_suspend @ 84007, parent: 00:02
 7月 12 04:22:28.639051 macbookair2015 kernel: rtc rtc0: PM: rtc_suspend returned 0 after 0 usecs
 7月 12 04:22:28.639282 macbookair2015 kernel: port serial8250:0.3: PM: calling pm_runtime_force_suspend @ 84007, parent: serial8250:0
 7月 12 04:22:28.639592 macbookair2015 kernel: port serial8250:0.3: PM: pm_runtime_force_suspend returned 0 after 0 usecs
 7月 12 04:22:28.639986 macbookair2015 kernel: port serial8250:0.2: PM: calling pm_runtime_force_suspend @ 84007, parent: serial8250:0
 7月 12 04:22:28.640345 macbookair2015 kernel: port serial8250:0.2: PM: pm_runtime_force_suspend returned 0 after 0 usecs
 7月 12 04:22:28.640703 macbookair2015 kernel: port serial8250:0.1: PM: calling pm_runtime_force_suspend @ 84007, parent: serial8250:0
 7月 12 04:22:28.641041 macbookair2015 kernel: port serial8250:0.1: PM: pm_runtime_force_suspend returned 0 after 0 usecs
 7月 12 04:22:28.641336 macbookair2015 kernel: port serial8250:0.0: PM: calling pm_runtime_force_suspend @ 84007, parent: serial8250:0
 7月 12 04:22:28.641640 macbookair2015 kernel: port serial8250:0.0: PM: pm_runtime_force_suspend returned 0 after 0 usecs
 7月 12 04:22:28.641936 macbookair2015 kernel: serial8250 serial8250: PM: calling platform_pm_suspend @ 84007, parent: platform
 7月 12 04:22:28.645025 macbookair2015 kernel: serial8250 serial8250: PM: platform_pm_suspend returned 0 after 0 usecs
 7月 12 04:22:28.645429 macbookair2015 kernel: pcspkr pcspkr: PM: calling platform_pm_suspend @ 84007, parent: platform
 7月 12 04:22:28.645750 macbookair2015 kernel: pcspkr pcspkr: PM: platform_pm_suspend returned 0 after 5 usecs
 7月 12 04:22:28.646050 macbookair2015 kernel: system 00:04: PM: calling pnp_bus_suspend @ 84007, parent: pnp0
 7月 12 04:22:28.647896 macbookair2015 kernel: system 00:04: PM: pnp_bus_suspend returned 0 after 0 usecs
 7月 12 04:22:28.648254 macbookair2015 kernel: system 00:03: PM: calling pnp_bus_suspend @ 84007, parent: pnp0
 7月 12 04:22:28.648585 macbookair2015 kernel: system 00:03: PM: pnp_bus_suspend returned 0 after 0 usecs
 7月 12 04:22:28.648913 macbookair2015 kernel: rtc_cmos 00:02: PM: calling pnp_bus_suspend @ 84007, parent: pnp0
 7月 12 04:22:28.649217 macbookair2015 kernel: rtc_cmos 00:02: PM: pnp_bus_suspend returned 0 after 29 usecs
 7月 12 04:22:28.649493 macbookair2015 kernel: system 00:01: PM: calling pnp_bus_suspend @ 84007, parent: pnp0
 7月 12 04:22:28.649820 macbookair2015 kernel: system 00:01: PM: pnp_bus_suspend returned 0 after 0 usecs
 7月 12 04:22:28.650163 macbookair2015 kernel: system 00:00: PM: calling pnp_bus_suspend @ 84007, parent: pnp0
 7月 12 04:22:28.650509 macbookair2015 kernel: system 00:00: PM: pnp_bus_suspend returned 0 after 0 usecs
 7月 12 04:22:28.650835 macbookair2015 kernel: platform efivars.0: PM: calling platform_pm_suspend @ 84007, parent: platform
 7月 12 04:22:28.651205 macbookair2015 kernel: platform efivars.0: PM: platform_pm_suspend returned 0 after 0 usecs
 7月 12 04:22:28.651567 macbookair2015 kernel: platform rtc-efi.0: PM: calling platform_pm_suspend @ 84007, parent: platform
 7月 12 04:22:28.652119 macbookair2015 kernel: platform rtc-efi.0: PM: platform_pm_suspend returned 0 after 0 usecs
 7月 12 04:22:28.652473 macbookair2015 kernel: button LNXPWRBN:00: PM: calling acpi_button_suspend [button] @ 84007, parent: LNXSYSTM:00
 7月 12 04:22:28.652835 macbookair2015 kernel: button LNXPWRBN:00: PM: acpi_button_suspend [button] returned 0 after 0 usecs
 7月 12 04:22:28.653189 macbookair2015 kernel: platform PNP0C0E:00: PM: calling platform_pm_suspend @ 84007, parent: platform
 7月 12 04:22:28.653561 macbookair2015 kernel: platform PNP0C0E:00: PM: platform_pm_suspend returned 0 after 0 usecs
 7月 12 04:22:28.653903 macbookair2015 kernel: platform APP0002:00: PM: calling platform_pm_suspend @ 84007, parent: platform
 7月 12 04:22:28.654261 macbookair2015 kernel: platform APP0002:00: PM: platform_pm_suspend returned 0 after 0 usecs
 7月 12 04:22:28.654603 macbookair2015 kernel: platform PNP0C0C:00: PM: calling platform_pm_suspend @ 84007, parent: platform
 7月 12 04:22:28.654960 macbookair2015 kernel: platform PNP0C0C:00: PM: platform_pm_suspend returned 0 after 0 usecs
 7月 12 04:22:28.655314 macbookair2015 kernel: platform PNP0C0D:00: PM: calling platform_pm_suspend @ 84007, parent: platform
 7月 12 04:22:28.655690 macbookair2015 kernel: platform PNP0C0D:00: PM: platform_pm_suspend returned 0 after 0 usecs
 7月 12 04:22:28.656040 macbookair2015 kernel: ac ACPI0003:00: PM: calling acpi_subsys_suspend @ 84007, parent: platform
 7月 12 04:22:28.656400 macbookair2015 kernel: ac ACPI0003:00: PM: acpi_subsys_suspend returned 0 after 0 usecs
 7月 12 04:22:28.656745 macbookair2015 kernel: platform ACPI0002:00: PM: calling platform_pm_suspend @ 84007, parent: ACPI0001:00
 7月 12 04:22:28.657127 macbookair2015 kernel: platform ACPI0002:00: PM: platform_pm_suspend returned 0 after 0 usecs
 7月 12 04:22:28.657492 macbookair2015 kernel: platform ACPI0001:00: PM: calling platform_pm_suspend @ 84007, parent: PNP0C09:00
 7月 12 04:22:28.657871 macbookair2015 kernel: platform ACPI0001:00: PM: platform_pm_suspend returned 0 after 0 usecs
 7月 12 04:22:28.658218 macbookair2015 kernel: platform PNP0C09:00: PM: calling platform_pm_suspend @ 84007, parent: 0000:00:1f.0
 7月 12 04:22:28.658588 macbookair2015 kernel: platform PNP0C09:00: PM: platform_pm_suspend returned 0 after 0 usecs
 7月 12 04:22:28.658945 macbookair2015 kernel: platform ACPI0008:00: PM: calling platform_pm_suspend @ 84007, parent: 0000:00:1f.0
 7月 12 04:22:28.659300 macbookair2015 kernel: platform ACPI0008:00: PM: platform_pm_suspend returned 0 after 0 usecs
 7月 12 04:22:28.659672 macbookair2015 kernel: platform APP0001:00: PM: calling platform_pm_suspend @ 84007, parent: 0000:00:1f.0
 7月 12 04:22:28.660043 macbookair2015 kernel: platform APP0001:00: PM: platform_pm_suspend returned 0 after 0 usecs
 7月 12 04:22:28.660404 macbookair2015 kernel: platform PNP0C04:00: PM: calling platform_pm_suspend @ 84007, parent: 0000:00:1f.0
 7月 12 04:22:28.660761 macbookair2015 kernel: platform PNP0C04:00: PM: platform_pm_suspend returned 0 after 0 usecs
 7月 12 04:22:28.661112 macbookair2015 kernel: platform INT0800:00: PM: calling platform_pm_suspend @ 84007, parent: 0000:00:1f.0
 7月 12 04:22:28.661470 macbookair2015 kernel: platform INT0800:00: PM: platform_pm_suspend returned 0 after 0 usecs
 7月 12 04:22:28.661838 macbookair2015 kernel: thunderbolt 0000:07:00.0: PM: calling pci_pm_suspend @ 81867, parent: 0000:06:00.0
 7月 12 04:22:28.662267 macbookair2015 kernel: thunderbolt 0000:07:00.0: PM: pci_pm_suspend returned 0 after 1 usecs
 7月 12 04:22:28.662661 macbookair2015 kernel: platform acpi-cpufreq: PM: calling platform_pm_suspend @ 84007, parent: platform
 7月 12 04:22:28.663016 macbookair2015 kernel: wl 0000:03:00.0: PM: calling pci_pm_suspend @ 81870, parent: 0000:00:1c.2
 7月 12 04:22:28.663399 macbookair2015 kernel: pci 0000:02:00.0: PM: calling pci_pm_suspend @ 81867, parent: 0000:00:1c.1
 7月 12 04:22:28.663800 macbookair2015 kernel: platform acpi-cpufreq: PM: platform_pm_suspend returned 0 after 0 usecs
 7月 12 04:22:28.664166 macbookair2015 kernel: pci 0000:02:00.0: PM: pci_pm_suspend returned 0 after 0 usecs
 7月 12 04:22:28.664547 macbookair2015 kernel: i801_smbus 0000:00:1f.3: PM: calling pci_pm_suspend @ 81860, parent: pci0000:00
 7月 12 04:22:28.664946 macbookair2015 kernel: button PNP0C0E:00: PM: calling acpi_button_suspend [button] @ 84007, parent: LNXSYBUS:00
 7月 12 04:22:28.665320 macbookair2015 kernel: lpc_ich 0000:00:1f.0: PM: calling pci_pm_suspend @ 81867, parent: pci0000:00
 7月 12 04:22:28.665722 macbookair2015 kernel: wl 0000:03:00.0: PM: pci_pm_suspend returned 0 after 9 usecs
 7月 12 04:22:28.666135 macbookair2015 kernel: lpc_ich 0000:00:1f.0: PM: pci_pm_suspend returned 0 after 0 usecs
 7月 12 04:22:28.666536 macbookair2015 kernel: button PNP0C0E:00: PM: acpi_button_suspend [button] returned 0 after 0 usecs
 7月 12 04:22:28.666902 macbookair2015 kernel: button PNP0C0C:00: PM: calling acpi_button_suspend [button] @ 84007, parent: LNXSYBUS:00
 7月 12 04:22:28.667277 macbookair2015 kernel: pcieport 0000:06:00.0: PM: calling pci_pm_suspend @ 68266, parent: 0000:05:00.0
 7月 12 04:22:28.667703 macbookair2015 kernel: button PNP0C0C:00: PM: acpi_button_suspend [button] returned 0 after 0 usecs
 7月 12 04:22:28.668055 macbookair2015 kernel: pcieport 0000:06:00.0: PM: pci_pm_suspend returned 0 after 1 usecs
 7月 12 04:22:28.670163 macbookair2015 kernel: button PNP0C0D:00: PM: calling acpi_button_suspend [button] @ 84007, parent: LNXSYBUS:00
 7月 12 04:22:28.670556 macbookair2015 kernel: pcieport 0000:00:1c.2: PM: calling pci_pm_suspend @ 68266, parent: pci0000:00
 7月 12 04:22:28.670961 macbookair2015 kernel: pcieport 0000:05:00.0: PM: calling pci_pm_suspend @ 81868, parent: 0000:00:1c.4
 7月 12 04:22:28.671378 macbookair2015 kernel: button PNP0C0D:00: PM: acpi_button_suspend [button] returned 0 after 0 usecs
 7月 12 04:22:28.673681 macbookair2015 kernel: pcieport 0000:00:1c.2: PM: pci_pm_suspend returned 0 after 0 usecs
 7月 12 04:22:28.674135 macbookair2015 kernel: pcieport 0000:05:00.0: PM: pci_pm_suspend returned 0 after 0 usecs
 7月 12 04:22:28.674551 macbookair2015 kernel: i801_smbus 0000:00:1f.3: PM: pci_pm_suspend returned 0 after 30 usecs
 7月 12 04:22:28.674948 macbookair2015 kernel: pcieport 0000:00:1c.1: PM: calling pci_pm_suspend @ 68266, parent: pci0000:00
 7月 12 04:22:28.675344 macbookair2015 kernel: pcieport 0000:00:1c.0: PM: calling pci_pm_suspend @ 81868, parent: pci0000:00
 7月 12 04:22:28.677345 macbookair2015 kernel: pcieport 0000:00:1c.1: PM: pci_pm_suspend returned 0 after 0 usecs
 7月 12 04:22:28.677792 macbookair2015 kernel: snd_hda_intel 0000:00:1b.0: PM: calling pci_pm_suspend @ 81860, parent: pci0000:00
 7月 12 04:22:28.678204 macbookair2015 kernel: pcieport 0000:00:1c.0: PM: pci_pm_suspend returned 0 after 3 usecs
 7月 12 04:22:28.678607 macbookair2015 kernel: mei_me 0000:00:16.0: PM: calling pci_pm_suspend @ 68266, parent: pci0000:00
 7月 12 04:22:28.679008 macbookair2015 kernel: pxa2xx_spi_pci 0000:00:15.4: PM: calling pci_pm_suspend @ 81868, parent: pci0000:00
 7月 12 04:22:28.679399 macbookair2015 kernel: pxa2xx_spi_pci 0000:00:15.4: PM: pci_pm_suspend returned 0 after 3 usecs
 7月 12 04:22:28.681955 macbookair2015 kernel: dw_dmac_pci 0000:00:15.0: PM: calling pci_pm_suspend @ 81868, parent: pci0000:00
 7月 12 04:22:28.682395 macbookair2015 kernel: dw_dmac_pci 0000:00:15.0: PM: pci_pm_suspend returned 0 after 0 usecs
 7月 12 04:22:28.682788 macbookair2015 kernel: pcieport 0000:00:1c.4: PM: calling pci_pm_suspend @ 81867, parent: pci0000:00
 7月 12 04:22:28.683173 macbookair2015 kernel: pcieport 0000:00:1c.4: PM: pci_pm_suspend returned 0 after 0 usecs
 7月 12 04:22:28.683561 macbookair2015 kernel: ec PNP0C09:00: PM: calling acpi_ec_suspend @ 84007, parent: device:0c
 7月 12 04:22:28.684225 macbookair2015 kernel: bdw_uncore 0000:00:00.0: PM: calling pci_pm_suspend @ 81850, parent: pci0000:00
 7月 12 04:22:28.684632 macbookair2015 kernel: ec PNP0C09:00: PM: acpi_ec_suspend returned 0 after 0 usecs
 7月 12 04:22:28.685262 macbookair2015 kernel: bdw_uncore 0000:00:00.0: PM: pci_pm_suspend returned 0 after 0 usecs
 7月 12 04:22:28.685658 macbookair2015 kernel: intel_pch_thermal 0000:00:1f.6: PM: calling pci_pm_suspend @ 81866, parent: pci0000:00
 7月 12 04:22:28.686049 macbookair2015 kernel: intel_pch_thermal 0000:00:1f.6: PM: pci_pm_suspend returned 0 after 0 usecs
 7月 12 04:22:28.686432 macbookair2015 kernel: regulator regulator.0: PM: calling regulator_suspend @ 84007, parent: reg-dummy
 7月 12 04:22:28.686783 macbookair2015 kernel: regulator regulator.0: PM: regulator_suspend returned 0 after 0 usecs
 7月 12 04:22:28.687170 macbookair2015 kernel: reg-dummy reg-dummy: PM: calling platform_pm_suspend @ 84007, parent: platform
 7月 12 04:22:28.687579 macbookair2015 kernel: reg-dummy reg-dummy: PM: platform_pm_suspend returned 0 after 0 usecs
 7月 12 04:22:28.688063 macbookair2015 kernel: mei_me 0000:00:16.0: PM: pci_pm_suspend returned 0 after 334 usecs
 7月 12 04:22:28.688524 macbookair2015 kernel: snd_hda_intel 0000:00:1b.0: power state changed by ACPI to D0
 7月 12 04:22:28.688962 macbookair2015 kernel: snd_hda_intel 0000:00:1b.0: ACPI _REG connect evaluation failed (5)
 7月 12 04:22:28.689554 macbookair2015 kernel: usb usb2: PM: usb_dev_suspend [usbcore] returned 0 after 26653 usecs
 7月 12 04:22:28.689966 macbookair2015 kernel: usb 1-5: PM: usb_dev_suspend [usbcore] returned 0 after 30774 usecs
 7月 12 04:22:28.690353 macbookair2015 kernel: usb usb1: PM: calling usb_dev_suspend [usbcore] @ 82744, parent: 0000:00:14.0
 7月 12 04:22:28.690755 macbookair2015 kernel: usb usb1: PM: usb_dev_suspend [usbcore] returned 0 after 7927 usecs
 7月 12 04:22:28.691199 macbookair2015 kernel: sd 0:0:0:0: [sda] Synchronizing SCSI cache
 7月 12 04:22:28.691692 macbookair2015 kernel: xhci_hcd 0000:00:14.0: PM: calling pci_pm_suspend @ 81868, parent: pci0000:00
 7月 12 04:22:28.693574 macbookair2015 kernel: snd_hda_intel 0000:00:1b.0: PM: pci_pm_suspend returned 0 after 38202 usecs
 7月 12 04:22:28.693957 macbookair2015 kernel: xhci_hcd 0000:00:14.0: PM: pci_pm_suspend returned 0 after 58 usecs
 7月 12 04:22:28.694349 macbookair2015 kernel: sd 0:0:0:0: PM: scsi_bus_suspend [scsi_mod] returned 0 after 43711 usecs
 7月 12 04:22:28.694763 macbookair2015 kernel: scsi target0:0:0: PM: calling scsi_bus_suspend [scsi_mod] @ 81842, parent: host0
 7月 12 04:22:28.695191 macbookair2015 kernel: scsi target0:0:0: PM: scsi_bus_suspend [scsi_mod] returned 0 after 0 usecs
 7月 12 04:22:28.695594 macbookair2015 kernel: scsi host0: PM: calling scsi_bus_suspend [scsi_mod] @ 81875, parent: ata1
 7月 12 04:22:28.697710 macbookair2015 kernel: scsi host0: PM: scsi_bus_suspend [scsi_mod] returned 0 after 0 usecs
 7月 12 04:22:28.698091 macbookair2015 kernel:  ata1: PM: calling ata_port_pm_suspend [libata] @ 81843, parent: 0000:04:00.0
 7月 12 04:22:28.698132 macbookair2015 kernel: ata1.00: Entering standby power mode
 7月 12 04:22:28.698169 macbookair2015 kernel: snd_hda_intel 0000:00:03.0: PM: pci_pm_suspend returned 0 after 111026 usecs
 7月 12 04:22:28.698570 macbookair2015 kernel: i915 0000:00:02.0: PM: calling pci_pm_suspend @ 81867, parent: pci0000:00
 7月 12 04:22:28.698994 macbookair2015 kernel:  ata1: PM: ata_port_pm_suspend [libata] returned 0 after 76151 usecs
 7月 12 04:22:28.699120 macbookair2015 kernel: ahci 0000:04:00.0: PM: calling pci_pm_suspend @ 81865, parent: 0000:00:1c.5
 7月 12 04:22:28.699506 macbookair2015 kernel: ahci 0000:04:00.0: PM: pci_pm_suspend returned 0 after 7 usecs
 7月 12 04:22:28.699903 macbookair2015 kernel: pcieport 0000:00:1c.5: PM: calling pci_pm_suspend @ 81870, parent: pci0000:00
 7月 12 04:22:28.700505 macbookair2015 kernel: pcieport 0000:00:1c.5: PM: pci_pm_suspend returned 0 after 1 usecs
 7月 12 04:22:28.700909 macbookair2015 kernel: i915 0000:00:02.0: PM: pci_pm_suspend returned 0 after 358803 usecs
 7月 12 04:22:28.701310 macbookair2015 kernel: PM: suspend of devices complete after 470.665 msecs
 7月 12 04:22:28.701356 macbookair2015 kernel: PM: start suspend of devices complete after 470.875 msecs
 7月 12 04:22:28.701399 macbookair2015 kernel: snd_hda_intel 0000:00:03.0: PM: calling pci_pm_suspend_late @ 81870, parent: pci0000:00
 7月 12 04:22:28.701710 macbookair2015 kernel: snd_hda_intel 0000:00:03.0: PM: pci_pm_suspend_late returned 0 after 1 usecs
 7月 12 04:22:28.701951 macbookair2015 kernel: pcieport 0000:06:06.0: PM: calling pci_pm_suspend_late @ 81865, parent: 0000:05:00.0
 7月 12 04:22:28.702198 macbookair2015 kernel: pcieport 0000:06:05.0: PM: calling pci_pm_suspend_late @ 81870, parent: 0000:05:00.0
 7月 12 04:22:28.702439 macbookair2015 kernel: pcieport 0000:06:06.0: PM: pci_pm_suspend_late returned 0 after 0 usecs
 7月 12 04:22:28.702672 macbookair2015 kernel: pcieport 0000:06:04.0: PM: calling pci_pm_suspend_late @ 81867, parent: 0000:05:00.0
 7月 12 04:22:28.702941 macbookair2015 kernel: pcieport 0000:06:05.0: PM: pci_pm_suspend_late returned 0 after 0 usecs
 7月 12 04:22:28.703214 macbookair2015 kernel: pcieport 0000:06:03.0: PM: calling pci_pm_suspend_late @ 81865, parent: 0000:05:00.0
 7月 12 04:22:28.703488 macbookair2015 kernel: pcieport 0000:06:04.0: PM: pci_pm_suspend_late returned 0 after 0 usecs
 7月 12 04:22:28.705712 macbookair2015 kernel: pcieport 0000:06:03.0: PM: pci_pm_suspend_late returned 0 after 0 usecs
 7月 12 04:22:28.706125 macbookair2015 kernel: ac ACPI0003:00: PM: calling acpi_subsys_suspend_late @ 84007, parent: platform
 7月 12 04:22:28.706473 macbookair2015 kernel: ac ACPI0003:00: PM: acpi_subsys_suspend_late returned 0 after 1 usecs
 7月 12 04:22:28.706854 macbookair2015 kernel: ahci 0000:04:00.0: PM: calling pci_pm_suspend_late @ 81613, parent: 0000:00:1c.5
 7月 12 04:22:28.707298 macbookair2015 kernel: thunderbolt 0000:07:00.0: PM: calling pci_pm_suspend_late @ 81865, parent: 0000:06:00.0
 7月 12 04:22:28.707962 macbookair2015 kernel: ahci 0000:04:00.0: PM: pci_pm_suspend_late returned 0 after 0 usecs
 7月 12 04:22:28.708378 macbookair2015 kernel: thunderbolt 0000:07:00.0: PM: pci_pm_suspend_late returned 0 after 0 usecs
 7月 12 04:22:28.708780 macbookair2015 kernel: pcieport 0000:06:00.0: PM: calling pci_pm_suspend_late @ 81867, parent: 0000:05:00.0
 7月 12 04:22:28.709168 macbookair2015 kernel: wl 0000:03:00.0: PM: calling pci_pm_suspend_late @ 81843, parent: 0000:00:1c.2
 7月 12 04:22:28.709575 macbookair2015 kernel: pcieport 0000:06:00.0: PM: pci_pm_suspend_late returned 0 after 0 usecs
 7月 12 04:22:28.709981 macbookair2015 kernel: wl 0000:03:00.0: PM: pci_pm_suspend_late returned 0 after 0 usecs
 7月 12 04:22:28.710378 macbookair2015 kernel: pci 0000:02:00.0: PM: calling pci_pm_suspend_late @ 81870, parent: 0000:00:1c.1
 7月 12 04:22:28.710740 macbookair2015 kernel: pci 0000:02:00.0: PM: pci_pm_suspend_late returned 0 after 0 usecs
 7月 12 04:22:28.711092 macbookair2015 kernel: intel_pch_thermal 0000:00:1f.6: PM: calling pci_pm_suspend_late @ 81843, parent: pci0000:00
 7月 12 04:22:28.711432 macbookair2015 kernel: i801_smbus 0000:00:1f.3: PM: calling pci_pm_suspend_late @ 81867, parent: pci0000:00
 7月 12 04:22:28.711844 macbookair2015 kernel: intel_pch_thermal 0000:00:1f.6: PM: pci_pm_suspend_late returned 0 after 0 usecs
 7月 12 04:22:28.712240 macbookair2015 kernel: lpc_ich 0000:00:1f.0: PM: calling pci_pm_suspend_late @ 81870, parent: pci0000:00
 7月 12 04:22:28.712599 macbookair2015 kernel: i801_smbus 0000:00:1f.3: PM: pci_pm_suspend_late returned 0 after 0 usecs
 7月 12 04:22:28.712975 macbookair2015 kernel: lpc_ich 0000:00:1f.0: PM: pci_pm_suspend_late returned 0 after 0 usecs
 7月 12 04:22:28.713354 macbookair2015 kernel: pcieport 0000:00:1c.5: PM: calling pci_pm_suspend_late @ 81843, parent: pci0000:00
 7月 12 04:22:28.713736 macbookair2015 kernel: pcieport 0000:00:1c.5: PM: pci_pm_suspend_late returned 0 after 0 usecs
 7月 12 04:22:28.714435 macbookair2015 kernel: pcieport 0000:00:1c.2: PM: calling pci_pm_suspend_late @ 62094, parent: pci0000:00
 7月 12 04:22:28.714831 macbookair2015 kernel: pcieport 0000:00:1c.1: PM: calling pci_pm_suspend_late @ 81870, parent: pci0000:00
 7月 12 04:22:28.715226 macbookair2015 kernel: pcieport 0000:00:1c.0: PM: calling pci_pm_suspend_late @ 81843, parent: pci0000:00
 7月 12 04:22:28.715630 macbookair2015 kernel: pcieport 0000:00:1c.1: PM: pci_pm_suspend_late returned 0 after 0 usecs
 7月 12 04:22:28.716031 macbookair2015 kernel: pcieport 0000:00:1c.2: PM: pci_pm_suspend_late returned 0 after 0 usecs
 7月 12 04:22:28.716402 macbookair2015 kernel: pcieport 0000:00:1c.0: PM: pci_pm_suspend_late returned 0 after 0 usecs
 7月 12 04:22:28.716798 macbookair2015 kernel: snd_hda_intel 0000:00:1b.0: PM: calling pci_pm_suspend_late @ 62094, parent: pci0000:00
 7月 12 04:22:28.718625 macbookair2015 kernel: mei_me 0000:00:16.0: PM: calling pci_pm_suspend_late @ 81870, parent: pci0000:00
 7月 12 04:22:28.719072 macbookair2015 kernel: pxa2xx_spi_pci 0000:00:15.4: PM: calling pci_pm_suspend_late @ 81843, parent: pci0000:00
 7月 12 04:22:28.719457 macbookair2015 kernel: snd_hda_intel 0000:00:1b.0: PM: pci_pm_suspend_late returned 0 after 0 usecs
 7月 12 04:22:28.719896 macbookair2015 kernel: mei_me 0000:00:16.0: PM: pci_pm_suspend_late returned 0 after 0 usecs
 7月 12 04:22:28.720390 macbookair2015 kernel: pxa2xx_spi_pci 0000:00:15.4: PM: pci_pm_suspend_late returned 0 after 0 usecs
 7月 12 04:22:28.720790 macbookair2015 kernel: dw_dmac_pci 0000:00:15.0: PM: calling pci_pm_suspend_late @ 62094, parent: pci0000:00
 7月 12 04:22:28.721191 macbookair2015 kernel: xhci_hcd 0000:00:14.0: PM: calling pci_pm_suspend_late @ 81870, parent: pci0000:00
 7月 12 04:22:28.721689 macbookair2015 kernel: i915 0000:00:02.0: PM: calling pci_pm_suspend_late @ 81843, parent: pci0000:00
 7月 12 04:22:28.722088 macbookair2015 kernel: xhci_hcd 0000:00:14.0: PM: pci_pm_suspend_late returned 0 after 0 usecs
 7月 12 04:22:28.722376 macbookair2015 kernel: dw_dmac_pci 0000:00:15.0: PM: pci_pm_suspend_late returned 0 after 3 usecs
 7月 12 04:22:28.722620 macbookair2015 kernel: bdw_uncore 0000:00:00.0: PM: calling pci_pm_suspend_late @ 81870, parent: pci0000:00
 7月 12 04:22:28.722972 macbookair2015 kernel: bdw_uncore 0000:00:00.0: PM: pci_pm_suspend_late returned 0 after 0 usecs
 7月 12 04:22:28.723336 macbookair2015 kernel: pcieport 0000:05:00.0: PM: calling pci_pm_suspend_late @ 81613, parent: 0000:00:1c.4
 7月 12 04:22:28.723758 macbookair2015 kernel: pcieport 0000:05:00.0: PM: pci_pm_suspend_late returned 0 after 0 usecs
 7月 12 04:22:28.724171 macbookair2015 kernel: pcieport 0000:00:1c.4: PM: calling pci_pm_suspend_late @ 81867, parent: pci0000:00
 7月 12 04:22:28.724936 macbookair2015 kernel: pcieport 0000:00:1c.4: PM: pci_pm_suspend_late returned 0 after 0 usecs
 7月 12 04:22:28.725406 macbookair2015 kernel: i915 0000:00:02.0: PM: pci_pm_suspend_late returned 0 after 12187 usecs
 7月 12 04:22:28.725906 macbookair2015 kernel: PM: late suspend of devices complete after 12.749 msecs
 7月 12 04:22:28.725952 macbookair2015 kernel: snd_hda_intel 0000:00:03.0: PM: calling pci_pm_suspend_noirq @ 81843, parent: pci0000:00
 7月 12 04:22:28.726438 macbookair2015 kernel: pcieport 0000:06:06.0: PM: calling pci_pm_suspend_noirq @ 81875, parent: 0000:05:00.0
 7月 12 04:22:28.726939 macbookair2015 kernel: pcieport 0000:06:05.0: PM: calling pci_pm_suspend_noirq @ 81867, parent: 0000:05:00.0
 7月 12 04:22:28.727428 macbookair2015 kernel: pcieport 0000:06:04.0: PM: calling pci_pm_suspend_noirq @ 81865, parent: 0000:05:00.0
 7月 12 04:22:28.727970 macbookair2015 kernel: pcieport 0000:06:05.0: PM: pci_pm_suspend_noirq returned 0 after 0 usecs
 7月 12 04:22:28.728456 macbookair2015 kernel: pcieport 0000:06:06.0: PM: pci_pm_suspend_noirq returned 0 after 0 usecs
 7月 12 04:22:28.728931 macbookair2015 kernel: pcieport 0000:06:04.0: PM: pci_pm_suspend_noirq returned 0 after 0 usecs
 7月 12 04:22:28.729423 macbookair2015 kernel: pcieport 0000:06:03.0: PM: calling pci_pm_suspend_noirq @ 81875, parent: 0000:05:00.0
 7月 12 04:22:28.729981 macbookair2015 kernel: pcieport 0000:06:03.0: PM: pci_pm_suspend_noirq returned 0 after 0 usecs
 7月 12 04:22:28.730419 macbookair2015 kernel: ac ACPI0003:00: PM: calling acpi_subsys_suspend_noirq @ 84007, parent: platform
 7月 12 04:22:28.730912 macbookair2015 kernel: ac ACPI0003:00: PM: acpi_subsys_suspend_noirq returned 0 after 0 usecs
 7月 12 04:22:28.731340 macbookair2015 kernel: ahci 0000:04:00.0: PM: calling pci_pm_suspend_noirq @ 81613, parent: 0000:00:1c.5
 7月 12 04:22:28.733070 macbookair2015 kernel: thunderbolt 0000:07:00.0: PM: calling pci_pm_suspend_noirq @ 81867, parent: 0000:06:00.0
 7月 12 04:22:28.733600 macbookair2015 kernel: wl 0000:03:00.0: PM: calling pci_pm_suspend_noirq @ 81875, parent: 0000:00:1c.2
 7月 12 04:22:28.734004 macbookair2015 kernel: ec PNP0C09:00: PM: calling acpi_ec_suspend_noirq @ 84007, parent: device:0c
 7月 12 04:22:28.734352 macbookair2015 kernel: ACPI: EC: interrupt blocked
 7月 12 04:22:28.734383 macbookair2015 kernel: ec PNP0C09:00: PM: acpi_ec_suspend_noirq returned 0 after 2 usecs
 7月 12 04:22:28.734620 macbookair2015 kernel: pci 0000:02:00.0: PM: calling pci_pm_suspend_noirq @ 81865, parent: 0000:00:1c.1
 7月 12 04:22:28.734865 macbookair2015 kernel: intel_pch_thermal 0000:00:1f.6: PM: calling pci_pm_suspend_noirq @ 81842, parent: pci0000:00
 7月 12 04:22:28.735104 macbookair2015 kernel: i801_smbus 0000:00:1f.3: PM: calling pci_pm_suspend_noirq @ 81864, parent: pci0000:00
 7月 12 04:22:28.735381 macbookair2015 kernel: intel_pch_thermal 0000:00:1f.6: CPU-PCH current temp [50C] higher than the threshold temp [50C], S0ix might fail. Start cooling...
 7月 12 04:22:28.735692 macbookair2015 kernel: lpc_ich 0000:00:1f.0: PM: calling pci_pm_suspend_noirq @ 81868, parent: pci0000:00
 7月 12 04:22:28.735943 macbookair2015 kernel: i801_smbus 0000:00:1f.3: PCI PM: Suspend power state: D0
 7月 12 04:22:28.736182 macbookair2015 kernel: i801_smbus 0000:00:1f.3: PCI PM: Skipped
 7月 12 04:22:28.736414 macbookair2015 kernel: i801_smbus 0000:00:1f.3: PM: pci_pm_suspend_noirq returned 0 after 63 usecs
 7月 12 04:22:28.736639 macbookair2015 kernel: lpc_ich 0000:00:1f.0: PM: pci_pm_suspend_noirq returned 0 after 61 usecs
 7月 12 04:22:28.736866 macbookair2015 kernel: pci 0000:02:00.0: PM: pci_pm_suspend_noirq returned 0 after 114 usecs
 7月 12 04:22:28.737100 macbookair2015 kernel: pcieport 0000:00:1c.1: PM: calling pci_pm_suspend_noirq @ 81860, parent: pci0000:00
 7月 12 04:22:28.737333 macbookair2015 kernel: pcieport 0000:00:1c.0: PM: calling pci_pm_suspend_noirq @ 82744, parent: pci0000:00
 7月 12 04:22:28.737577 macbookair2015 kernel: pcieport 0000:00:1c.0: PM: pci_pm_suspend_noirq returned 0 after 0 usecs
 7月 12 04:22:28.737802 macbookair2015 kernel: snd_hda_intel 0000:00:1b.0: PM: calling pci_pm_suspend_noirq @ 81853, parent: pci0000:00
 7月 12 04:22:28.738070 macbookair2015 kernel: pxa2xx_spi_pci 0000:00:15.4: PM: calling pci_pm_suspend_noirq @ 82744, parent: pci0000:00
 7月 12 04:22:28.738327 macbookair2015 kernel: mei_me 0000:00:16.0: PM: calling pci_pm_suspend_noirq @ 81845, parent: pci0000:00
 7月 12 04:22:28.738556 macbookair2015 kernel: dw_dmac_pci 0000:00:15.0: PM: calling pci_pm_suspend_noirq @ 68266, parent: pci0000:00
 7月 12 04:22:28.738786 macbookair2015 kernel: xhci_hcd 0000:00:14.0: PM: calling pci_pm_suspend_noirq @ 81866, parent: pci0000:00
 7月 12 04:22:28.739020 macbookair2015 kernel: bdw_uncore 0000:00:00.0: PM: calling pci_pm_suspend_noirq @ 81857, parent: pci0000:00
 7月 12 04:22:28.739252 macbookair2015 kernel: bdw_uncore 0000:00:00.0: PM: pci_pm_suspend_noirq returned 0 after 46 usecs
 7月 12 04:22:28.739483 macbookair2015 kernel: wl 0000:03:00.0: PCI PM: Suspend power state: D3hot
 7月 12 04:22:28.739768 macbookair2015 kernel: dw_dmac_pci 0000:00:15.0: PCI PM: Suspend power state: D3hot
 7月 12 04:22:28.740004 macbookair2015 kernel: wl 0000:03:00.0: PM: pci_pm_suspend_noirq returned 0 after 11023 usecs
 7月 12 04:22:28.740230 macbookair2015 kernel: mei_me 0000:00:16.0: PCI PM: Suspend power state: D3hot
 7月 12 04:22:28.740487 macbookair2015 kernel: dw_dmac_pci 0000:00:15.0: PM: pci_pm_suspend_noirq returned 0 after 10536 usecs
 7月 12 04:22:28.740739 macbookair2015 kernel: mei_me 0000:00:16.0: PM: pci_pm_suspend_noirq returned 0 after 10633 usecs
 7月 12 04:22:28.740970 macbookair2015 kernel: pcieport 0000:00:1c.2: PM: calling pci_pm_suspend_noirq @ 81865, parent: pci0000:00
 7月 12 04:22:28.741200 macbookair2015 kernel: snd_hda_intel 0000:00:1b.0: ACPI _REG disconnect evaluation failed (5)
 7月 12 04:22:28.741427 macbookair2015 kernel: pxa2xx_spi_pci 0000:00:15.4: PCI PM: Suspend power state: D3hot
 7月 12 04:22:28.741652 macbookair2015 kernel: pxa2xx_spi_pci 0000:00:15.4: PM: pci_pm_suspend_noirq returned 0 after 10674 usecs
 7月 12 04:22:28.741953 macbookair2015 kernel: snd_hda_intel 0000:00:03.0: PCI PM: Suspend power state: D3hot
 7月 12 04:22:28.742184 macbookair2015 kernel: snd_hda_intel 0000:00:03.0: PM: pci_pm_suspend_noirq returned 0 after 11392 usecs
 7月 12 04:22:28.742422 macbookair2015 kernel: pcieport 0000:00:1c.2: PCI PM: Suspend power state: D0
 7月 12 04:22:28.742650 macbookair2015 kernel: pcieport 0000:00:1c.1: PCI PM: Suspend power state: D3hot
 7月 12 04:22:28.742896 macbookair2015 kernel: pcieport 0000:00:1c.2: PCI PM: Skipped
 7月 12 04:22:28.743161 macbookair2015 kernel: pcieport 0000:00:1c.1: PM: pci_pm_suspend_noirq returned 0 after 10722 usecs
 7月 12 04:22:28.743398 macbookair2015 kernel: pcieport 0000:00:1c.2: PM: pci_pm_suspend_noirq returned 0 after 46 usecs
 7月 12 04:22:28.743814 macbookair2015 kernel: i915 0000:00:02.0: PM: calling pci_pm_suspend_noirq @ 81850, parent: pci0000:00
 7月 12 04:22:28.744085 macbookair2015 kernel: ahci 0000:04:00.0: ACPI _REG disconnect evaluation failed (5)
 7月 12 04:22:28.744322 macbookair2015 kernel: i915 0000:00:02.0: PCI PM: Suspend power state: D3hot
 7月 12 04:22:28.744557 macbookair2015 kernel: i915 0000:00:02.0: PM: pci_pm_suspend_noirq returned 0 after 3 usecs
 7月 12 04:22:28.744794 macbookair2015 kernel: xhci_hcd 0000:00:14.0: ACPI _REG disconnect evaluation failed (5)
 7月 12 04:22:28.745021 macbookair2015 kernel: ahci 0000:04:00.0: power state changed by ACPI to D3hot
 7月 12 04:22:28.745469 macbookair2015 kernel: xhci_hcd 0000:00:14.0: power state changed by ACPI to D3hot
 7月 12 04:22:28.745949 macbookair2015 kernel: ahci 0000:04:00.0: PCI PM: Suspend power state: D3hot
 7月 12 04:22:28.746225 macbookair2015 kernel: xhci_hcd 0000:00:14.0: PCI PM: Suspend power state: D3hot
 7月 12 04:22:28.746478 macbookair2015 kernel: ahci 0000:04:00.0: PM: pci_pm_suspend_noirq returned 0 after 11589 usecs
 7月 12 04:22:28.746721 macbookair2015 kernel: xhci_hcd 0000:00:14.0: PM: pci_pm_suspend_noirq returned 0 after 11074 usecs
 7月 12 04:22:28.746954 macbookair2015 kernel: pcieport 0000:00:1c.5: PM: calling pci_pm_suspend_noirq @ 81864, parent: pci0000:00
 7月 12 04:22:28.747188 macbookair2015 kernel: thunderbolt 0000:07:00.0: PCI PM: Suspend power state: D3hot
 7月 12 04:22:28.747458 macbookair2015 kernel: thunderbolt 0000:07:00.0: PM: pci_pm_suspend_noirq returned 0 after 13244 usecs
 7月 12 04:22:28.747796 macbookair2015 kernel: pcieport 0000:06:00.0: PM: calling pci_pm_suspend_noirq @ 62094, parent: 0000:05:00.0
 7月 12 04:22:28.748054 macbookair2015 kernel: pcieport 0000:00:1c.5: ACPI _REG disconnect evaluation failed (5)
 7月 12 04:22:28.748288 macbookair2015 kernel: pcieport 0000:06:00.0: PCI PM: Suspend power state: D3hot
 7月 12 04:22:28.748532 macbookair2015 kernel: pcieport 0000:06:00.0: PM: pci_pm_suspend_noirq returned 0 after 12147 usecs
 7月 12 04:22:28.748771 macbookair2015 kernel: pcieport 0000:05:00.0: PM: calling pci_pm_suspend_noirq @ 81870, parent: 0000:00:1c.4
 7月 12 04:22:28.749007 macbookair2015 kernel: snd_hda_intel 0000:00:1b.0: power state changed by ACPI to D3hot
 7月 12 04:22:28.749241 macbookair2015 kernel: snd_hda_intel 0000:00:1b.0: PCI PM: Suspend power state: D3hot
 7月 12 04:22:28.749464 macbookair2015 kernel: snd_hda_intel 0000:00:1b.0: PM: pci_pm_suspend_noirq returned 0 after 34720 usecs
 7月 12 04:22:28.749693 macbookair2015 kernel: pcieport 0000:05:00.0: ACPI _REG disconnect evaluation failed (5)
 7月 12 04:22:28.749928 macbookair2015 kernel: pcieport 0000:05:00.0: power state changed by ACPI to D3hot
 7月 12 04:22:28.750161 macbookair2015 kernel: pcieport 0000:05:00.0: PCI PM: Suspend power state: D3hot
 7月 12 04:22:28.750408 macbookair2015 kernel: pcieport 0000:05:00.0: PM: pci_pm_suspend_noirq returned 0 after 12260 usecs
 7月 12 04:22:28.750635 macbookair2015 kernel: pcieport 0000:00:1c.4: PM: calling pci_pm_suspend_noirq @ 81868, parent: pci0000:00
 7月 12 04:22:28.750867 macbookair2015 kernel: pcieport 0000:00:1c.4: PCI PM: Suspend power state: D3hot
 7月 12 04:22:28.751091 macbookair2015 kernel: pcieport 0000:00:1c.4: PM: pci_pm_suspend_noirq returned 0 after 12147 usecs
 7月 12 04:22:28.751322 macbookair2015 kernel: intel_pch_thermal 0000:00:1f.6: CPU-PCH is cool [49C] after 100 ms delay
 7月 12 04:22:28.751550 macbookair2015 kernel: intel_pch_thermal 0000:00:1f.6: PCI PM: Suspend power state: D3hot
 7月 12 04:22:28.751805 macbookair2015 kernel: intel_pch_thermal 0000:00:1f.6: PM: pci_pm_suspend_noirq returned 0 after 114841 usecs
 7月 12 04:22:28.752030 macbookair2015 kernel: pcieport 0000:00:1c.5: power state changed by ACPI to D3hot
 7月 12 04:22:28.752254 macbookair2015 kernel: pcieport 0000:00:1c.5: PCI PM: Suspend power state: D3hot
 7月 12 04:22:28.752473 macbookair2015 kernel: pcieport 0000:00:1c.5: PM: pci_pm_suspend_noirq returned 0 after 115495 usecs
 7月 12 04:22:28.752700 macbookair2015 kernel: PM: noirq suspend of devices complete after 127.585 msecs
 7月 12 04:22:28.752727 macbookair2015 kernel: PM: suspend-to-idle
 7月 12 04:22:28.752752 macbookair2015 kernel: Timekeeping suspended for 87.688 seconds
 7月 12 04:22:28.752775 macbookair2015 kernel: PM: Triggering wakeup from IRQ 9
 7月 12 04:22:28.752804 macbookair2015 kernel: ACPI: PM: ACPI fixed event wakeup
 7月 12 04:22:28.752822 macbookair2015 kernel: PM: resume from suspend-to-idle
 7月 12 04:22:28.752839 macbookair2015 kernel: xhci_hcd 0000:00:14.0: PM: calling pci_pm_resume_noirq @ 81868, parent: pci0000:00
 7月 12 04:22:28.753063 macbookair2015 kernel: bdw_uncore 0000:00:00.0: PM: calling pci_pm_resume_noirq @ 81864, parent: pci0000:00
 7月 12 04:22:28.753292 macbookair2015 kernel: dw_dmac_pci 0000:00:15.0: PM: calling pci_pm_resume_noirq @ 81871, parent: pci0000:00
 7月 12 04:22:28.753518 macbookair2015 kernel: i915 0000:00:02.0: PM: calling pci_pm_resume_noirq @ 81842, parent: pci0000:00
 7月 12 04:22:28.753754 macbookair2015 kernel: ec PNP0C09:00: PM: calling acpi_ec_resume_noirq @ 84007, parent: device:0c
 7月 12 04:22:28.753993 macbookair2015 kernel: ACPI: EC: interrupt unblocked
 7月 12 04:22:28.754019 macbookair2015 kernel: ec PNP0C09:00: PM: acpi_ec_resume_noirq returned 0 after 2 usecs
 7月 12 04:22:28.754262 macbookair2015 kernel: bdw_uncore 0000:00:00.0: PM: pci_pm_resume_noirq returned 0 after 45 usecs
 7月 12 04:22:28.754497 macbookair2015 kernel: pxa2xx_spi_pci 0000:00:15.4: PM: calling pci_pm_resume_noirq @ 81870, parent: pci0000:00
 7月 12 04:22:28.754727 macbookair2015 kernel: mei_me 0000:00:16.0: PM: calling pci_pm_resume_noirq @ 81853, parent: pci0000:00
 7月 12 04:22:28.754952 macbookair2015 kernel: snd_hda_intel 0000:00:1b.0: PM: calling pci_pm_resume_noirq @ 62094, parent: pci0000:00
 7月 12 04:22:28.755175 macbookair2015 kernel: pcieport 0000:00:1c.0: PM: calling pci_pm_resume_noirq @ 81867, parent: pci0000:00
 7月 12 04:22:28.755403 macbookair2015 kernel: pcieport 0000:00:1c.1: PM: calling pci_pm_resume_noirq @ 81613, parent: pci0000:00
 7月 12 04:22:28.755717 macbookair2015 kernel: pcieport 0000:00:1c.2: PM: calling pci_pm_resume_noirq @ 81866, parent: pci0000:00
 7月 12 04:22:28.755960 macbookair2015 kernel: pcieport 0000:00:1c.4: PM: calling pci_pm_resume_noirq @ 81864, parent: pci0000:00
 7月 12 04:22:28.756185 macbookair2015 kernel: pcieport 0000:00:1c.5: PM: calling pci_pm_resume_noirq @ 81850, parent: pci0000:00
 7月 12 04:22:28.756423 macbookair2015 kernel: pcieport 0000:00:1c.2: PM: pci_pm_resume_noirq returned 0 after 16 usecs
 7月 12 04:22:28.756653 macbookair2015 kernel: lpc_ich 0000:00:1f.0: PM: calling pci_pm_resume_noirq @ 81865, parent: pci0000:00
 7月 12 04:22:28.756880 macbookair2015 kernel: i801_smbus 0000:00:1f.3: PM: calling pci_pm_resume_noirq @ 81860, parent: pci0000:00
 7月 12 04:22:28.757110 macbookair2015 kernel: intel_pch_thermal 0000:00:1f.6: PM: calling pci_pm_resume_noirq @ 81843, parent: pci0000:00
 7月 12 04:22:28.757339 macbookair2015 kernel: i801_smbus 0000:00:1f.3: PM: pci_pm_resume_noirq returned 0 after 1 usecs
 7月 12 04:22:28.757567 macbookair2015 kernel: wl 0000:03:00.0: PM: calling pci_pm_resume_noirq @ 81866, parent: 0000:00:1c.2
 7月 12 04:22:28.757801 macbookair2015 kernel: lpc_ich 0000:00:1f.0: PM: pci_pm_resume_noirq returned 0 after 192 usecs
 7月 12 04:22:28.758029 macbookair2015 kernel: ac ACPI0003:00: PM: calling acpi_subsys_resume_noirq @ 84007, parent: platform
 7月 12 04:22:28.758329 macbookair2015 kernel: ac ACPI0003:00: PM: acpi_subsys_resume_noirq returned 0 after 0 usecs
 7月 12 04:22:28.758554 macbookair2015 kernel: xhci_hcd 0000:00:14.0: power state changed by ACPI to D0
 7月 12 04:22:28.758793 macbookair2015 kernel: xhci_hcd 0000:00:14.0: ACPI _REG connect evaluation failed (5)
 7月 12 04:22:28.759098 macbookair2015 kernel: xhci_hcd 0000:00:14.0: PM: pci_pm_resume_noirq returned 0 after 879 usecs
 7月 12 04:22:28.759338 macbookair2015 kernel: intel_pch_thermal 0000:00:1f.6: PM: pci_pm_resume_noirq returned 0 after 11434 usecs
 7月 12 04:22:28.759651 macbookair2015 kernel: i915 0000:00:02.0: PM: pci_pm_resume_noirq returned 0 after 11621 usecs
 7月 12 04:22:28.759916 macbookair2015 kernel: snd_hda_intel 0000:00:03.0: PM: calling pci_pm_resume_noirq @ 41848, parent: pci0000:00
 7月 12 04:22:28.760250 macbookair2015 kernel: pcieport 0000:00:1c.0: Enabling MPC IRBNCE
 7月 12 04:22:28.760603 macbookair2015 kernel: pcieport 0000:00:1c.1: Enabling MPC IRBNCE
 7月 12 04:22:28.760863 macbookair2015 kernel: pcieport 0000:00:1c.0: Intel PCH root port ACS workaround enabled
 7月 12 04:22:28.761103 macbookair2015 kernel: dw_dmac_pci 0000:00:15.0: PM: pci_pm_resume_noirq returned 0 after 11702 usecs
 7月 12 04:22:28.761432 macbookair2015 kernel: pcieport 0000:00:1c.1: Intel PCH root port ACS workaround enabled
 7月 12 04:22:28.761717 macbookair2015 kernel: pcieport 0000:00:1c.0: PM: pci_pm_resume_noirq returned 0 after 11615 usecs
 7月 12 04:22:28.762036 macbookair2015 kernel: pcieport 0000:00:1c.1: PM: pci_pm_resume_noirq returned 0 after 11614 usecs
 7月 12 04:22:28.762359 macbookair2015 kernel: pci 0000:02:00.0: PM: calling pci_pm_resume_noirq @ 82744, parent: 0000:00:1c.1
 7月 12 04:22:28.762697 macbookair2015 kernel: mei_me 0000:00:16.0: PM: pci_pm_resume_noirq returned 0 after 11717 usecs
 7月 12 04:22:28.763074 macbookair2015 kernel: pcieport 0000:00:1c.4: Enabling MPC IRBNCE
 7月 12 04:22:28.763449 macbookair2015 kernel: pcieport 0000:00:1c.4: Intel PCH root port ACS workaround enabled
 7月 12 04:22:28.763847 macbookair2015 kernel: pcieport 0000:00:1c.4: PM: pci_pm_resume_noirq returned 0 after 11807 usecs
 7月 12 04:22:28.764216 macbookair2015 kernel: pcieport 0000:05:00.0: PM: calling pci_pm_resume_noirq @ 81860, parent: 0000:00:1c.4
 7月 12 04:22:28.764573 macbookair2015 kernel: pcieport 0000:05:00.0: power state changed by ACPI to D0
 7月 12 04:22:28.764849 macbookair2015 kernel: pci 0000:02:00.0: PM: pci_pm_resume_noirq returned 0 after 229 usecs
 7月 12 04:22:28.765225 macbookair2015 kernel: pcieport 0000:05:00.0: ACPI _REG connect evaluation failed (5)
 7月 12 04:22:28.765573 macbookair2015 kernel: pxa2xx_spi_pci 0000:00:15.4: PM: pci_pm_resume_noirq returned 0 after 11958 usecs
 7月 12 04:22:28.765817 macbookair2015 kernel: wl 0000:03:00.0: PM: pci_pm_resume_noirq returned 0 after 11890 usecs
 7月 12 04:22:28.766078 macbookair2015 kernel: snd_hda_intel 0000:00:1b.0: power state changed by ACPI to D0
 7月 12 04:22:28.766318 macbookair2015 kernel: snd_hda_intel 0000:00:1b.0: ACPI _REG connect evaluation failed (5)
 7月 12 04:22:28.766553 macbookair2015 kernel: snd_hda_intel 0000:00:03.0: PM: pci_pm_resume_noirq returned 0 after 11819 usecs
 7月 12 04:22:28.766784 macbookair2015 kernel: pcieport 0000:05:00.0: PM: pci_pm_resume_noirq returned 0 after 11635 usecs
 7月 12 04:22:28.767025 macbookair2015 kernel: pcieport 0000:06:00.0: PM: calling pci_pm_resume_noirq @ 81845, parent: 0000:05:00.0
 7月 12 04:22:28.767364 macbookair2015 kernel: snd_hda_intel 0000:00:1b.0: PM: pci_pm_resume_noirq returned 0 after 31403 usecs
 7月 12 04:22:28.767759 macbookair2015 kernel: pcieport 0000:06:00.0: PM: pci_pm_resume_noirq returned 0 after 11951 usecs
 7月 12 04:22:28.768155 macbookair2015 kernel: thunderbolt 0000:07:00.0: PM: calling pci_pm_resume_noirq @ 81875, parent: 0000:06:00.0
 7月 12 04:22:28.768578 macbookair2015 kernel: thunderbolt 0000:07:00.0: PM: pci_pm_resume_noirq returned 0 after 61385 usecs
 7月 12 04:22:28.768979 macbookair2015 kernel: pcieport 0000:06:06.0: PM: calling pci_pm_resume_noirq @ 81852, parent: 0000:05:00.0
 7月 12 04:22:28.769263 macbookair2015 kernel: pcieport 0000:06:05.0: PM: calling pci_pm_resume_noirq @ 81844, parent: 0000:05:00.0
 7月 12 04:22:28.769559 macbookair2015 kernel: pcieport 0000:06:04.0: PM: calling pci_pm_resume_noirq @ 81849, parent: 0000:05:00.0
 7月 12 04:22:28.769885 macbookair2015 kernel: pcieport 0000:06:03.0: PM: calling pci_pm_resume_noirq @ 82743, parent: 0000:05:00.0
 7月 12 04:22:28.770154 macbookair2015 kernel: pcieport 0000:00:1c.5: power state changed by ACPI to D0
 7月 12 04:22:28.770506 macbookair2015 kernel: pcieport 0000:00:1c.5: ACPI _REG connect evaluation failed (5)
 7月 12 04:22:28.770891 macbookair2015 kernel: pcieport 0000:00:1c.5: Enabling MPC IRBNCE
 7月 12 04:22:28.771276 macbookair2015 kernel: pcieport 0000:00:1c.5: Intel PCH root port ACS workaround enabled
 7月 12 04:22:28.771527 macbookair2015 kernel: pcieport 0000:00:1c.5: PM: pci_pm_resume_noirq returned 0 after 103505 usecs
 7月 12 04:22:28.771854 macbookair2015 kernel: ahci 0000:04:00.0: PM: calling pci_pm_resume_noirq @ 68266, parent: 0000:00:1c.5
 7月 12 04:22:28.772153 macbookair2015 kernel: ahci 0000:04:00.0: power state changed by ACPI to D0
 7月 12 04:22:28.772525 macbookair2015 kernel: ahci 0000:04:00.0: ACPI _REG connect evaluation failed (5)
 7月 12 04:22:28.772915 macbookair2015 kernel: ahci 0000:04:00.0: PM: pci_pm_resume_noirq returned 0 after 169 usecs
 7月 12 04:22:28.773283 macbookair2015 kernel: pcieport 0000:06:04.0: PM: pci_pm_resume_noirq returned 0 after 10728 usecs
 7月 12 04:22:28.773677 macbookair2015 kernel: pcieport 0000:06:03.0: PM: pci_pm_resume_noirq returned 0 after 10672 usecs
 7月 12 04:22:28.774075 macbookair2015 kernel: pcieport 0000:06:05.0: PM: pci_pm_resume_noirq returned 0 after 10753 usecs
 7月 12 04:22:28.774444 macbookair2015 kernel: pcieport 0000:06:06.0: PM: pci_pm_resume_noirq returned 0 after 10758 usecs
 7月 12 04:22:28.774776 macbookair2015 kernel: PM: noirq resume of devices complete after 108.083 msecs
 7月 12 04:22:28.774817 macbookair2015 kernel: xhci_hcd 0000:00:14.0: PM: calling pci_pm_resume_early @ 81612, parent: pci0000:00
 7月 12 04:22:28.775130 macbookair2015 kernel: dw_dmac_pci 0000:00:15.0: PM: calling pci_pm_resume_early @ 82743, parent: pci0000:00
 7月 12 04:22:28.775438 macbookair2015 kernel: bdw_uncore 0000:00:00.0: PM: calling pci_pm_resume_early @ 81844, parent: pci0000:00
 7月 12 04:22:28.775770 macbookair2015 kernel: bdw_uncore 0000:00:00.0: PM: pci_pm_resume_early returned 0 after 0 usecs
 7月 12 04:22:28.776087 macbookair2015 kernel: xhci_hcd 0000:00:14.0: PM: pci_pm_resume_early returned 0 after 0 usecs
 7月 12 04:22:28.776391 macbookair2015 kernel: dw_dmac_pci 0000:00:15.0: PM: pci_pm_resume_early returned 0 after 1 usecs
 7月 12 04:22:28.776691 macbookair2015 kernel: pxa2xx_spi_pci 0000:00:15.4: PM: calling pci_pm_resume_early @ 82743, parent: pci0000:00
 7月 12 04:22:28.776997 macbookair2015 kernel: mei_me 0000:00:16.0: PM: calling pci_pm_resume_early @ 81612, parent: pci0000:00
 7月 12 04:22:28.777290 macbookair2015 kernel: snd_hda_intel 0000:00:1b.0: PM: calling pci_pm_resume_early @ 81844, parent: pci0000:00
 7月 12 04:22:28.777574 macbookair2015 kernel: mei_me 0000:00:16.0: PM: pci_pm_resume_early returned 0 after 0 usecs
 7月 12 04:22:28.777850 macbookair2015 kernel: pxa2xx_spi_pci 0000:00:15.4: PM: pci_pm_resume_early returned 0 after 0 usecs
 7月 12 04:22:28.778122 macbookair2015 kernel: snd_hda_intel 0000:00:1b.0: PM: pci_pm_resume_early returned 0 after 0 usecs
 7月 12 04:22:28.778396 macbookair2015 kernel: pcieport 0000:00:1c.0: PM: calling pci_pm_resume_early @ 82743, parent: pci0000:00
 7月 12 04:22:28.778684 macbookair2015 kernel: pcieport 0000:00:1c.1: PM: calling pci_pm_resume_early @ 81612, parent: pci0000:00
 7月 12 04:22:28.778954 macbookair2015 kernel: pcieport 0000:00:1c.2: PM: calling pci_pm_resume_early @ 81844, parent: pci0000:00
 7月 12 04:22:28.779244 macbookair2015 kernel: pcieport 0000:00:1c.1: PM: pci_pm_resume_early returned 0 after 0 usecs
 7月 12 04:22:28.779529 macbookair2015 kernel: pcieport 0000:00:1c.0: PM: pci_pm_resume_early returned 0 after 0 usecs
 7月 12 04:22:28.779850 macbookair2015 kernel: pcieport 0000:00:1c.2: PM: pci_pm_resume_early returned 0 after 0 usecs
 7月 12 04:22:28.780147 macbookair2015 kernel: pcieport 0000:00:1c.4: PM: calling pci_pm_resume_early @ 82743, parent: pci0000:00
 7月 12 04:22:28.780452 macbookair2015 kernel: pcieport 0000:00:1c.5: PM: calling pci_pm_resume_early @ 81612, parent: pci0000:00
 7月 12 04:22:28.780768 macbookair2015 kernel: lpc_ich 0000:00:1f.0: PM: calling pci_pm_resume_early @ 81844, parent: pci0000:00
 7月 12 04:22:28.781070 macbookair2015 kernel: pcieport 0000:00:1c.5: PM: pci_pm_resume_early returned 0 after 0 usecs
 7月 12 04:22:28.781372 macbookair2015 kernel: pcieport 0000:00:1c.4: PM: pci_pm_resume_early returned 0 after 0 usecs
 7月 12 04:22:28.781668 macbookair2015 kernel: lpc_ich 0000:00:1f.0: PM: pci_pm_resume_early returned 0 after 0 usecs
 7月 12 04:22:28.781970 macbookair2015 kernel: i801_smbus 0000:00:1f.3: PM: calling pci_pm_resume_early @ 82743, parent: pci0000:00
 7月 12 04:22:28.782279 macbookair2015 kernel: intel_pch_thermal 0000:00:1f.6: PM: calling pci_pm_resume_early @ 81612, parent: pci0000:00
 7月 12 04:22:28.782576 macbookair2015 kernel: intel_pch_thermal 0000:00:1f.6: PM: pci_pm_resume_early returned 0 after 0 usecs
 7月 12 04:22:28.782879 macbookair2015 kernel: i801_smbus 0000:00:1f.3: PM: pci_pm_resume_early returned 0 after 0 usecs
 7月 12 04:22:28.783175 macbookair2015 kernel: pci 0000:02:00.0: PM: calling pci_pm_resume_early @ 81847, parent: 0000:00:1c.1
 7月 12 04:22:28.783482 macbookair2015 kernel: wl 0000:03:00.0: PM: calling pci_pm_resume_early @ 81844, parent: 0000:00:1c.2
 7月 12 04:22:28.783830 macbookair2015 kernel: pcieport 0000:05:00.0: PM: calling pci_pm_resume_early @ 82743, parent: 0000:00:1c.4
 7月 12 04:22:28.784145 macbookair2015 kernel: wl 0000:03:00.0: PM: pci_pm_resume_early returned 0 after 0 usecs
 7月 12 04:22:28.784459 macbookair2015 kernel: pci 0000:02:00.0: PM: pci_pm_resume_early returned 0 after 0 usecs
 7月 12 04:22:28.784764 macbookair2015 kernel: i915 0000:00:02.0: PM: calling pci_pm_resume_early @ 81849, parent: pci0000:00
 7月 12 04:22:28.785082 macbookair2015 kernel: pcieport 0000:05:00.0: PM: pci_pm_resume_early returned 0 after 0 usecs
 7月 12 04:22:28.785402 macbookair2015 kernel: ahci 0000:04:00.0: PM: calling pci_pm_resume_early @ 81847, parent: 0000:00:1c.5
 7月 12 04:22:28.785715 macbookair2015 kernel: ahci 0000:04:00.0: PM: pci_pm_resume_early returned 0 after 0 usecs
 7月 12 04:22:28.786045 macbookair2015 kernel: ac ACPI0003:00: PM: calling acpi_subsys_resume_early @ 84007, parent: platform
 7月 12 04:22:28.786344 macbookair2015 kernel: ac ACPI0003:00: PM: acpi_subsys_resume_early returned 0 after 0 usecs
 7月 12 04:22:28.786632 macbookair2015 kernel: i915 0000:00:02.0: PM: pci_pm_resume_early returned 0 after 101 usecs
 7月 12 04:22:28.787025 macbookair2015 kernel: pcieport 0000:06:00.0: PM: calling pci_pm_resume_early @ 81612, parent: 0000:05:00.0
 7月 12 04:22:28.787350 macbookair2015 kernel: snd_hda_intel 0000:00:03.0: PM: calling pci_pm_resume_early @ 81850, parent: pci0000:00
 7月 12 04:22:28.787698 macbookair2015 kernel: pcieport 0000:06:00.0: PM: pci_pm_resume_early returned 0 after 0 usecs
 7月 12 04:22:28.788024 macbookair2015 kernel: snd_hda_intel 0000:00:03.0: PM: pci_pm_resume_early returned 0 after 0 usecs
 7月 12 04:22:28.788337 macbookair2015 kernel: thunderbolt 0000:07:00.0: PM: calling pci_pm_resume_early @ 81844, parent: 0000:06:00.0
 7月 12 04:22:28.788672 macbookair2015 kernel: thunderbolt 0000:07:00.0: PM: pci_pm_resume_early returned 0 after 0 usecs
 7月 12 04:22:28.788995 macbookair2015 kernel: pcieport 0000:06:04.0: PM: calling pci_pm_resume_early @ 81847, parent: 0000:05:00.0
 7月 12 04:22:28.789314 macbookair2015 kernel: pcieport 0000:06:05.0: PM: calling pci_pm_resume_early @ 81878, parent: 0000:05:00.0
 7月 12 04:22:28.789635 macbookair2015 kernel: pcieport 0000:06:03.0: PM: calling pci_pm_resume_early @ 82743, parent: 0000:05:00.0
 7月 12 04:22:28.789947 macbookair2015 kernel: pcieport 0000:06:04.0: PM: pci_pm_resume_early returned 0 after 0 usecs
 7月 12 04:22:28.790264 macbookair2015 kernel: pcieport 0000:06:05.0: PM: pci_pm_resume_early returned 0 after 0 usecs
 7月 12 04:22:28.790587 macbookair2015 kernel: pcieport 0000:06:03.0: PM: pci_pm_resume_early returned 0 after 0 usecs
 7月 12 04:22:28.790911 macbookair2015 kernel: pcieport 0000:06:06.0: PM: calling pci_pm_resume_early @ 81848, parent: 0000:05:00.0
 7月 12 04:22:28.791222 macbookair2015 kernel: pcieport 0000:06:06.0: PM: pci_pm_resume_early returned 0 after 0 usecs
 7月 12 04:22:28.791542 macbookair2015 kernel: PM: early resume of devices complete after 0.531 msecs
 7月 12 04:22:28.791580 macbookair2015 kernel: xhci_hcd 0000:00:14.0: PM: calling pci_pm_resume @ 81847, parent: pci0000:00
 7月 12 04:22:28.791912 macbookair2015 kernel: reg-dummy reg-dummy: PM: calling platform_pm_resume @ 84007, parent: platform
 7月 12 04:22:28.792199 macbookair2015 kernel: bdw_uncore 0000:00:00.0: PM: calling pci_pm_resume @ 81878, parent: pci0000:00
 7月 12 04:22:28.792505 macbookair2015 kernel: dw_dmac_pci 0000:00:15.0: PM: calling pci_pm_resume @ 81848, parent: pci0000:00
 7月 12 04:22:28.792800 macbookair2015 kernel: reg-dummy reg-dummy: PM: platform_pm_resume returned 0 after 0 usecs
 7月 12 04:22:28.793079 macbookair2015 kernel: dw_dmac_pci 0000:00:15.0: PM: pci_pm_resume returned 0 after 1 usecs
 7月 12 04:22:28.793387 macbookair2015 kernel: bdw_uncore 0000:00:00.0: PM: pci_pm_resume returned 0 after 1 usecs
 7月 12 04:22:28.793683 macbookair2015 kernel: regulator regulator.0: PM: calling regulator_resume @ 84007, parent: reg-dummy
 7月 12 04:22:28.793961 macbookair2015 kernel: pxa2xx_spi_pci 0000:00:15.4: PM: calling pci_pm_resume @ 81848, parent: pci0000:00
 7月 12 04:22:28.794266 macbookair2015 kernel: mei_me 0000:00:16.0: PM: calling pci_pm_resume @ 81878, parent: pci0000:00
 7月 12 04:22:28.794578 macbookair2015 kernel: regulator regulator.0: PM: regulator_resume returned 0 after 0 usecs
 7月 12 04:22:28.794842 macbookair2015 kernel: pxa2xx_spi_pci 0000:00:15.4: PM: pci_pm_resume returned 0 after 9 usecs
 7月 12 04:22:28.795143 macbookair2015 kernel: ec PNP0C09:00: PM: calling acpi_ec_resume @ 84007, parent: device:0c
 7月 12 04:22:28.795474 macbookair2015 kernel: snd_hda_intel 0000:00:1b.0: PM: calling pci_pm_resume @ 81848, parent: pci0000:00
 7月 12 04:22:28.795797 macbookair2015 kernel: ec PNP0C09:00: PM: acpi_ec_resume returned 0 after 13 usecs
 7月 12 04:22:28.796110 macbookair2015 kernel: sbs ACPI0002:00: PM: calling acpi_sbs_resume [sbs] @ 84007, parent: ACPI0001:00
 7月 12 04:22:28.796441 macbookair2015 kernel: sbs ACPI0002:00: PM: acpi_sbs_resume [sbs] returned 0 after 0 usecs
 7月 12 04:22:28.796772 macbookair2015 kernel: xhci_hcd 0000:00:14.0: PM: pci_pm_resume returned 0 after 102 usecs
 7月 12 04:22:28.797073 macbookair2015 kernel: pcieport 0000:00:1c.0: PM: calling pci_pm_resume @ 81847, parent: pci0000:00
 7月 12 04:22:28.797389 macbookair2015 kernel: button PNP0C0D:00: PM: calling acpi_button_resume [button] @ 84007, parent: LNXSYBUS:00
 7月 12 04:22:28.797693 macbookair2015 kernel: i915 0000:00:02.0: PM: calling pci_pm_resume @ 82743, parent: pci0000:00
 7月 12 04:22:28.798009 macbookair2015 kernel: pcieport 0000:00:1c.1: PM: calling pci_pm_resume @ 81844, parent: pci0000:00
 7月 12 04:22:28.798319 macbookair2015 kernel: pcieport 0000:00:1c.1: PM: pci_pm_resume returned 0 after 2 usecs
 7月 12 04:22:28.798636 macbookair2015 kernel: pcieport 0000:00:1c.4: PM: calling pci_pm_resume @ 81844, parent: pci0000:00
 7月 12 04:22:28.798948 macbookair2015 kernel: pcieport 0000:00:1c.4: PM: pci_pm_resume returned 0 after 1 usecs
 7月 12 04:22:28.799243 macbookair2015 kernel: pcieport 0000:00:1c.2: PM: calling pci_pm_resume @ 62094, parent: pci0000:00
 7月 12 04:22:28.799546 macbookair2015 kernel: lpc_ich 0000:00:1f.0: PM: calling pci_pm_resume @ 81844, parent: pci0000:00
 7月 12 04:22:28.799872 macbookair2015 kernel: lpc_ich 0000:00:1f.0: PM: pci_pm_resume returned 0 after 0 usecs
 7月 12 04:22:28.800176 macbookair2015 kernel: i801_smbus 0000:00:1f.3: PM: calling pci_pm_resume @ 81612, parent: pci0000:00
 7月 12 04:22:28.800477 macbookair2015 kernel: intel_pch_thermal 0000:00:1f.6: PM: calling pci_pm_resume @ 81844, parent: pci0000:00
 7月 12 04:22:28.800775 macbookair2015 kernel: intel_pch_thermal 0000:00:1f.6: PM: pci_pm_resume returned 0 after 0 usecs
 7月 12 04:22:28.801075 macbookair2015 kernel: pcieport 0000:00:1c.5: PM: calling pci_pm_resume @ 81850, parent: pci0000:00
 7月 12 04:22:28.801380 macbookair2015 kernel: pci 0000:02:00.0: PM: calling pci_pm_resume @ 81844, parent: 0000:00:1c.1
 7月 12 04:22:28.801683 macbookair2015 kernel: pci 0000:02:00.0: PM: pci_pm_resume returned 0 after 0 usecs
 7月 12 04:22:28.801989 macbookair2015 kernel: pcieport 0000:00:1c.5: PM: pci_pm_resume returned 0 after 2 usecs
 7月 12 04:22:28.802283 macbookair2015 kernel: pcieport 0000:05:00.0: PM: calling pci_pm_resume @ 81850, parent: 0000:00:1c.4
 7月 12 04:22:28.802593 macbookair2015 kernel: pcieport 0000:05:00.0: PM: pci_pm_resume returned 0 after 1 usecs
 7月 12 04:22:28.802903 macbookair2015 kernel: pcieport 0000:06:00.0: PM: calling pci_pm_resume @ 81850, parent: 0000:05:00.0
 7月 12 04:22:28.803217 macbookair2015 kernel: pcieport 0000:06:00.0: PM: pci_pm_resume returned 0 after 3 usecs
 7月 12 04:22:28.803556 macbookair2015 kernel: thunderbolt 0000:07:00.0: PM: calling pci_pm_resume @ 81850, parent: 0000:06:00.0
 7月 12 04:22:28.803965 macbookair2015 kernel: ahci 0000:04:00.0: PM: calling pci_pm_resume @ 81875, parent: 0000:00:1c.5
 7月 12 04:22:28.804278 macbookair2015 kernel: usb usb1: PM: calling usb_dev_resume [usbcore] @ 68266, parent: 0000:00:14.0
 7月 12 04:22:28.804588 macbookair2015 kernel: i801_smbus 0000:00:1f.3: PM: pci_pm_resume returned 0 after 129 usecs
 7月 12 04:22:28.804897 macbookair2015 kernel: thunderbolt 0000:07:00.0: PM: pci_pm_resume returned 0 after 110 usecs
 7月 12 04:22:28.805219 macbookair2015 kernel: pcieport 0000:00:1c.0: PM: pci_pm_resume returned 0 after 1012 usecs
 7月 12 04:22:28.805913 macbookair2015 kernel: pcieport 0000:00:1c.2: Enabling MPC IRBNCE
 7月 12 04:22:28.806901 macbookair2015 kernel: pcieport 0000:00:1c.2: Intel PCH root port ACS workaround enabled
 7月 12 04:22:28.807827 macbookair2015 kernel: pcieport 0000:00:1c.2: PM: pci_pm_resume returned 0 after 195 usecs
 7月 12 04:22:28.808972 macbookair2015 kernel: wl 0000:03:00.0: PM: calling pci_pm_resume @ 81844, parent: 0000:00:1c.2
 7月 12 04:22:28.809308 macbookair2015 kernel: usb usb2: PM: calling usb_dev_resume [usbcore] @ 81853, parent: 0000:00:14.0
 7月 12 04:22:28.810111 macbookair2015 kernel: pcieport 0000:06:03.0: PM: calling pci_pm_resume @ 81843, parent: 0000:05:00.0
 7月 12 04:22:28.811038 macbookair2015 kernel: pcieport 0000:06:04.0: PM: calling pci_pm_resume @ 81862, parent: 0000:05:00.0
 7月 12 04:22:28.812027 macbookair2015 kernel: pcieport 0000:06:03.0: PM: pci_pm_resume returned 0 after 9 usecs
 7月 12 04:22:28.812654 macbookair2015 kernel: pcieport 0000:06:04.0: PM: pci_pm_resume returned 0 after 8 usecs
 7月 12 04:22:28.812992 macbookair2015 kernel: pcieport 0000:06:05.0: PM: calling pci_pm_resume @ 81843, parent: 0000:05:00.0
 7月 12 04:22:28.813319 macbookair2015 kernel: pcieport 0000:06:06.0: PM: calling pci_pm_resume @ 81862, parent: 0000:05:00.0
 7月 12 04:22:28.813642 macbookair2015 kernel: pcieport 0000:06:05.0: PM: pci_pm_resume returned 0 after 7 usecs
 7月 12 04:22:28.813961 macbookair2015 kernel: pcieport 0000:06:06.0: PM: pci_pm_resume returned 0 after 8 usecs
 7月 12 04:22:28.814285 macbookair2015 kernel: mei_me 0000:00:16.0: PM: pci_pm_resume returned 0 after 2274 usecs
 7月 12 04:22:28.814590 macbookair2015 kernel: snd_hda_intel 0000:00:1b.0: PM: pci_pm_resume returned 0 after 3874 usecs
 7月 12 04:22:28.814901 macbookair2015 kernel: button PNP0C0D:00: PM: acpi_button_resume [button] returned 0 after 12698 usecs
 7月 12 04:22:28.815231 macbookair2015 kernel: button PNP0C0C:00: PM: calling acpi_button_resume [button] @ 84007, parent: LNXSYBUS:00
 7月 12 04:22:28.815533 macbookair2015 kernel: button PNP0C0C:00: PM: acpi_button_resume [button] returned 0 after 7 usecs
 7月 12 04:22:28.816296 macbookair2015 kernel: button PNP0C0E:00: PM: calling acpi_button_resume [button] @ 84007, parent: LNXSYBUS:00
 7月 12 04:22:28.816621 macbookair2015 kernel: button PNP0C0E:00: PM: acpi_button_resume [button] returned 0 after 0 usecs
 7月 12 04:22:28.816926 macbookair2015 kernel: platform acpi-cpufreq: PM: calling platform_pm_resume @ 84007, parent: platform
 7月 12 04:22:28.817220 macbookair2015 kernel: platform acpi-cpufreq: PM: platform_pm_resume returned 0 after 0 usecs
 7月 12 04:22:28.817672 macbookair2015 kernel: platform INT0800:00: PM: calling platform_pm_resume @ 84007, parent: 0000:00:1f.0
 7月 12 04:22:28.818419 macbookair2015 kernel: platform INT0800:00: PM: platform_pm_resume returned 0 after 0 usecs
 7月 12 04:22:28.819072 macbookair2015 kernel: platform PNP0C04:00: PM: calling platform_pm_resume @ 84007, parent: 0000:00:1f.0
 7月 12 04:22:28.819390 macbookair2015 kernel: platform PNP0C04:00: PM: platform_pm_resume returned 0 after 0 usecs
 7月 12 04:22:28.819799 macbookair2015 kernel: platform APP0001:00: PM: calling platform_pm_resume @ 84007, parent: 0000:00:1f.0
 7月 12 04:22:28.820112 macbookair2015 kernel: platform APP0001:00: PM: platform_pm_resume returned 0 after 0 usecs
 7月 12 04:22:28.820400 macbookair2015 kernel: platform ACPI0008:00: PM: calling platform_pm_resume @ 84007, parent: 0000:00:1f.0
 7月 12 04:22:28.820696 macbookair2015 kernel: platform ACPI0008:00: PM: platform_pm_resume returned 0 after 0 usecs
 7月 12 04:22:28.820981 macbookair2015 kernel: platform PNP0C09:00: PM: calling platform_pm_resume @ 84007, parent: 0000:00:1f.0
 7月 12 04:22:28.821269 macbookair2015 kernel: platform PNP0C09:00: PM: platform_pm_resume returned 0 after 0 usecs
 7月 12 04:22:28.821551 macbookair2015 kernel: platform ACPI0001:00: PM: calling platform_pm_resume @ 84007, parent: PNP0C09:00
 7月 12 04:22:28.821850 macbookair2015 kernel: platform ACPI0001:00: PM: platform_pm_resume returned 0 after 0 usecs
 7月 12 04:22:28.822146 macbookair2015 kernel: platform ACPI0002:00: PM: calling platform_pm_resume @ 84007, parent: ACPI0001:00
 7月 12 04:22:28.822465 macbookair2015 kernel: platform ACPI0002:00: PM: platform_pm_resume returned 0 after 0 usecs
 7月 12 04:22:28.822758 macbookair2015 kernel: ac ACPI0003:00: PM: calling acpi_subsys_resume @ 84007, parent: platform
 7月 12 04:22:28.823048 macbookair2015 kernel: ac ACPI0003:00: PM: acpi_subsys_resume returned 0 after 10 usecs
 7月 12 04:22:28.823329 macbookair2015 kernel: platform PNP0C0D:00: PM: calling platform_pm_resume @ 84007, parent: platform
 7月 12 04:22:28.823610 macbookair2015 kernel: platform PNP0C0D:00: PM: platform_pm_resume returned 0 after 0 usecs
 7月 12 04:22:28.823921 macbookair2015 kernel: platform PNP0C0C:00: PM: calling platform_pm_resume @ 84007, parent: platform
 7月 12 04:22:28.824282 macbookair2015 kernel: platform PNP0C0C:00: PM: platform_pm_resume returned 0 after 0 usecs
 7月 12 04:22:28.824568 macbookair2015 kernel: platform APP0002:00: PM: calling platform_pm_resume @ 84007, parent: platform
 7月 12 04:22:28.824865 macbookair2015 kernel: platform APP0002:00: PM: platform_pm_resume returned 0 after 0 usecs
 7月 12 04:22:28.825154 macbookair2015 kernel: platform PNP0C0E:00: PM: calling platform_pm_resume @ 84007, parent: platform
 7月 12 04:22:28.825446 macbookair2015 kernel: platform PNP0C0E:00: PM: platform_pm_resume returned 0 after 0 usecs
 7月 12 04:22:28.825725 macbookair2015 kernel: button LNXPWRBN:00: PM: calling acpi_button_resume [button] @ 84007, parent: LNXSYSTM:00
 7月 12 04:22:28.826027 macbookair2015 kernel: button LNXPWRBN:00: PM: acpi_button_resume [button] returned 0 after 3 usecs
 7月 12 04:22:28.826314 macbookair2015 kernel: platform rtc-efi.0: PM: calling platform_pm_resume @ 84007, parent: platform
 7月 12 04:22:28.826598 macbookair2015 kernel: platform rtc-efi.0: PM: platform_pm_resume returned 0 after 0 usecs
 7月 12 04:22:28.826876 macbookair2015 kernel: platform efivars.0: PM: calling platform_pm_resume @ 84007, parent: platform
 7月 12 04:22:28.827154 macbookair2015 kernel: platform efivars.0: PM: platform_pm_resume returned 0 after 0 usecs
 7月 12 04:22:28.827461 macbookair2015 kernel: system 00:00: PM: calling pnp_bus_resume @ 84007, parent: pnp0
 7月 12 04:22:28.827762 macbookair2015 kernel: system 00:00: PM: pnp_bus_resume returned 0 after 0 usecs
 7月 12 04:22:28.828092 macbookair2015 kernel: system 00:01: PM: calling pnp_bus_resume @ 84007, parent: pnp0
 7月 12 04:22:28.828365 macbookair2015 kernel: system 00:01: PM: pnp_bus_resume returned 0 after 0 usecs
 7月 12 04:22:28.828626 macbookair2015 kernel: rtc_cmos 00:02: PM: calling pnp_bus_resume @ 84007, parent: pnp0
 7月 12 04:22:28.828891 macbookair2015 kernel: rtc_cmos 00:02: PM: pnp_bus_resume returned 0 after 0 usecs
 7月 12 04:22:28.829152 macbookair2015 kernel: system 00:03: PM: calling pnp_bus_resume @ 84007, parent: pnp0
 7月 12 04:22:28.829415 macbookair2015 kernel: system 00:03: PM: pnp_bus_resume returned 0 after 0 usecs
 7月 12 04:22:28.829675 macbookair2015 kernel: system 00:04: PM: calling pnp_bus_resume @ 84007, parent: pnp0
 7月 12 04:22:28.829939 macbookair2015 kernel: system 00:04: PM: pnp_bus_resume returned 0 after 0 usecs
 7月 12 04:22:28.830198 macbookair2015 kernel: pcspkr pcspkr: PM: calling platform_pm_resume @ 84007, parent: platform
 7月 12 04:22:28.830497 macbookair2015 kernel: pcspkr pcspkr: PM: platform_pm_resume returned 0 after 0 usecs
 7月 12 04:22:28.830777 macbookair2015 kernel: serial8250 serial8250: PM: calling platform_pm_resume @ 84007, parent: platform
 7月 12 04:22:28.831060 macbookair2015 kernel: serial8250 serial8250: PM: platform_pm_resume returned 0 after 0 usecs
 7月 12 04:22:28.831339 macbookair2015 kernel: port serial8250:0.0: PM: calling pm_runtime_force_resume @ 84007, parent: serial8250:0
 7月 12 04:22:28.831645 macbookair2015 kernel: port serial8250:0.0: PM: pm_runtime_force_resume returned 0 after 0 usecs
 7月 12 04:22:28.831924 macbookair2015 kernel: port serial8250:0.1: PM: calling pm_runtime_force_resume @ 84007, parent: serial8250:0
 7月 12 04:22:28.832205 macbookair2015 kernel: port serial8250:0.1: PM: pm_runtime_force_resume returned 0 after 0 usecs
 7月 12 04:22:28.832485 macbookair2015 kernel: port serial8250:0.2: PM: calling pm_runtime_force_resume @ 84007, parent: serial8250:0
 7月 12 04:22:28.832765 macbookair2015 kernel: port serial8250:0.2: PM: pm_runtime_force_resume returned 0 after 0 usecs
 7月 12 04:22:28.833034 macbookair2015 kernel: port serial8250:0.3: PM: calling pm_runtime_force_resume @ 84007, parent: serial8250:0
 7月 12 04:22:28.833318 macbookair2015 kernel: port serial8250:0.3: PM: pm_runtime_force_resume returned 0 after 0 usecs
 7月 12 04:22:28.833590 macbookair2015 kernel: rtc rtc0: PM: calling rtc_resume @ 84007, parent: 00:02
 7月 12 04:22:28.833821 macbookair2015 kernel: rtc rtc0: PM: rtc_resume returned 0 after 0 usecs
 7月 12 04:22:28.834030 macbookair2015 kernel: alarmtimer alarmtimer.0.auto: PM: calling platform_pm_resume @ 84007, parent: rtc0
 7月 12 04:22:28.834343 macbookair2015 kernel: alarmtimer alarmtimer.0.auto: PM: platform_pm_resume returned 0 after 0 usecs
 7月 12 04:22:28.834648 macbookair2015 kernel: platform microcode: PM: calling platform_pm_resume @ 84007, parent: platform
 7月 12 04:22:28.834932 macbookair2015 kernel: platform microcode: PM: platform_pm_resume returned 0 after 0 usecs
 7月 12 04:22:28.835208 macbookair2015 kernel: input input0: PM: calling input_dev_resume @ 84007, parent: PNP0C0D:00
 7月 12 04:22:28.835536 macbookair2015 kernel: input input0: PM: input_dev_resume returned 0 after 0 usecs
 7月 12 04:22:28.835831 macbookair2015 kernel: input input1: PM: calling input_dev_resume @ 84007, parent: PNP0C0C:00
 7月 12 04:22:28.836084 macbookair2015 kernel: input input1: PM: input_dev_resume returned 0 after 0 usecs
 7月 12 04:22:28.836317 macbookair2015 kernel: input input2: PM: calling input_dev_resume @ 84007, parent: PNP0C0E:00
 7月 12 04:22:28.836556 macbookair2015 kernel: input input2: PM: input_dev_resume returned 0 after 0 usecs
 7月 12 04:22:28.836781 macbookair2015 kernel: input input3: PM: calling input_dev_resume @ 84007, parent: LNXPWRBN:00
 7月 12 04:22:28.837013 macbookair2015 kernel: input input3: PM: input_dev_resume returned 0 after 0 usecs
 7月 12 04:22:28.837249 macbookair2015 kernel: platform iTCO_wdt.1.auto: PM: calling platform_pm_resume @ 84007, parent: 0000:00:1f.0
 7月 12 04:22:28.837475 macbookair2015 kernel: platform iTCO_wdt.1.auto: PM: platform_pm_resume returned 0 after 0 usecs
 7月 12 04:22:28.837685 macbookair2015 kernel: platform intel-spi: PM: calling platform_pm_resume @ 84007, parent: 0000:00:1f.0
 7月 12 04:22:28.837903 macbookair2015 kernel: platform intel-spi: PM: platform_pm_resume returned 0 after 0 usecs
 7月 12 04:22:28.838118 macbookair2015 kernel: ahci 0000:04:00.0: PM: pci_pm_resume returned 0 after 20124 usecs
 7月 12 04:22:28.838362 macbookair2015 kernel:  ata1: PM: calling ata_port_pm_resume [libata] @ 81843, parent: 0000:04:00.0
 7月 12 04:22:28.838387 macbookair2015 kernel:  ata1: PM: ata_port_pm_resume [libata] returned 0 after 3 usecs
 7月 12 04:22:28.838414 macbookair2015 kernel: scsi host0: PM: calling scsi_bus_resume [scsi_mod] @ 81862, parent: ata1
 7月 12 04:22:28.838638 macbookair2015 kernel: scsi host0: PM: scsi_bus_resume [scsi_mod] returned 0 after 0 usecs
 7月 12 04:22:28.838844 macbookair2015 kernel: scsi target0:0:0: PM: calling scsi_bus_resume [scsi_mod] @ 81865, parent: host0
 7月 12 04:22:28.839058 macbookair2015 kernel: scsi target0:0:0: PM: scsi_bus_resume [scsi_mod] returned 0 after 0 usecs
 7月 12 04:22:28.839268 macbookair2015 kernel: sd 0:0:0:0: PM: calling scsi_bus_resume [scsi_mod] @ 81861, parent: target0:0:0
 7月 12 04:22:28.839499 macbookair2015 kernel: sd 0:0:0:0: PM: scsi_bus_resume [scsi_mod] returned 0 after 1 usecs
 7月 12 04:22:28.839750 macbookair2015 kernel: usb usb2: PM: usb_dev_resume [usbcore] returned 0 after 22087 usecs
 7月 12 04:22:28.840005 macbookair2015 kernel: wl 0000:03:00.0: PM: pci_pm_resume returned 0 after 22391 usecs
 7月 12 04:22:28.840249 macbookair2015 kernel: ieee80211 phy0: PM: calling wiphy_resume [cfg80211] @ 81868, parent: 0000:03:00.0
 7月 12 04:22:28.840456 macbookair2015 kernel: ieee80211 phy0: PM: wiphy_resume [cfg80211] returned 0 after 98 usecs
 7月 12 04:22:28.840650 macbookair2015 kernel: usb usb1: PM: usb_dev_resume [usbcore] returned 0 after 53468 usecs
 7月 12 04:22:28.840892 macbookair2015 kernel: usb 1-5: PM: calling usb_dev_resume [usbcore] @ 82750, parent: usb1
 7月 12 04:22:28.841136 macbookair2015 kernel: usb 1-3: PM: calling usb_dev_resume [usbcore] @ 81869, parent: usb1
 7月 12 04:22:28.841382 macbookair2015 kernel: usb 1-3: PM: usb_dev_resume [usbcore] returned 0 after 13237 usecs
 7月 12 04:22:28.841612 macbookair2015 kernel: usb 1-3.3: PM: calling usb_dev_resume [usbcore] @ 81880, parent: 1-3
 7月 12 04:22:28.841845 macbookair2015 kernel: usb 1-3.3: PM: usb_dev_resume [usbcore] returned 0 after 15481 usecs
 7月 12 04:22:28.842065 macbookair2015 kernel: usb 1-5: PM: usb_dev_resume [usbcore] returned 0 after 101016 usecs
 7月 12 04:22:28.842292 macbookair2015 kernel: input input4: PM: calling input_dev_resume @ 84007, parent: 0003:05AC:0290.0002
 7月 12 04:22:28.842633 macbookair2015 kernel: input input4: PM: input_dev_resume returned 0 after 16 usecs
 7月 12 04:22:28.842960 macbookair2015 kernel: leds input4::numlock: PM: calling led_resume @ 84007, parent: input4
 7月 12 04:22:28.843213 macbookair2015 kernel: leds input4::numlock: PM: led_resume returned 0 after 0 usecs
 7月 12 04:22:28.843451 macbookair2015 kernel: leds input4::capslock: PM: calling led_resume @ 84007, parent: input4
 7月 12 04:22:28.843730 macbookair2015 kernel: leds input4::capslock: PM: led_resume returned 0 after 0 usecs
 7月 12 04:22:28.843965 macbookair2015 kernel: leds input4::scrolllock: PM: calling led_resume @ 84007, parent: input4
 7月 12 04:22:28.844198 macbookair2015 kernel: leds input4::scrolllock: PM: led_resume returned 0 after 0 usecs
 7月 12 04:22:28.844430 macbookair2015 kernel: leds input4::compose: PM: calling led_resume @ 84007, parent: input4
 7月 12 04:22:28.844673 macbookair2015 kernel: leds input4::compose: PM: led_resume returned 0 after 0 usecs
 7月 12 04:22:28.844907 macbookair2015 kernel: leds input4::kana: PM: calling led_resume @ 84007, parent: input4
 7月 12 04:22:28.845142 macbookair2015 kernel: leds input4::kana: PM: led_resume returned 0 after 0 usecs
 7月 12 04:22:28.845369 macbookair2015 kernel: input input5: PM: calling input_dev_resume @ 84007, parent: LNXVIDEO:00
 7月 12 04:22:28.845619 macbookair2015 kernel: input input5: PM: input_dev_resume returned 0 after 0 usecs
 7月 12 04:22:28.845855 macbookair2015 kernel: ata1: SATA link up 6.0 Gbps (SStatus 133 SControl 300)
 7月 12 04:22:28.845884 macbookair2015 kernel: ata1.00: LPM support broken, forcing max_power
 7月 12 04:22:28.845908 macbookair2015 kernel: ata1.00: unexpected _GTF length (8)
 7月 12 04:22:28.845926 macbookair2015 kernel: sd 0:0:0:0: [sda] Starting disk
 7月 12 04:22:28.846165 macbookair2015 kernel: ata1.00: LPM support broken, forcing max_power
 7月 12 04:22:28.846187 macbookair2015 kernel: ata1.00: unexpected _GTF length (8)
 7月 12 04:22:28.846206 macbookair2015 kernel: ata1.00: configured for UDMA/133
 7月 12 04:22:28.846226 macbookair2015 kernel: i915 0000:00:02.0: PM: pci_pm_resume returned 0 after 442843 usecs
 7月 12 04:22:28.846469 macbookair2015 kernel: snd_hda_intel 0000:00:03.0: PM: calling pci_pm_resume @ 82748, parent: pci0000:00
 7月 12 04:22:28.846697 macbookair2015 kernel: backlight acpi_video0: PM: calling backlight_resume @ 84007, parent: 0000:00:02.0
 7月 12 04:22:28.846916 macbookair2015 kernel: backlight acpi_video0: PM: backlight_resume returned 0 after 0 usecs
 7月 12 04:22:28.847131 macbookair2015 kernel: input input6: PM: calling input_dev_resume @ 84007, parent: 1-5:1.2
 7月 12 04:22:28.847458 macbookair2015 kernel: input input6: PM: input_dev_resume returned 0 after 0 usecs
 7月 12 04:22:28.847808 macbookair2015 kernel: input input7: PM: calling input_dev_resume @ 84007, parent: pcspkr
 7月 12 04:22:28.848053 macbookair2015 kernel: input input7: PM: input_dev_resume returned 0 after 9 usecs
 7月 12 04:22:28.848285 macbookair2015 kernel: applesmc applesmc.768: PM: calling platform_pm_resume @ 84007, parent: platform
 7月 12 04:22:28.848502 macbookair2015 kernel: applesmc applesmc.768: PM: platform_pm_resume returned 0 after 523 usecs
 7月 12 04:22:28.848706 macbookair2015 kernel: platform regulatory.0: PM: calling platform_pm_resume @ 84007, parent: platform
 7月 12 04:22:28.848915 macbookair2015 kernel: platform regulatory.0: PM: platform_pm_resume returned 0 after 0 usecs
 7月 12 04:22:28.849119 macbookair2015 kernel: leds smc::kbd_backlight: PM: calling led_resume @ 84007, parent: applesmc.768
 7月 12 04:22:28.849340 macbookair2015 kernel: leds smc::kbd_backlight: PM: led_resume returned 0 after 0 usecs
 7月 12 04:22:28.849550 macbookair2015 kernel: snd_hda_intel 0000:00:03.0: PM: pci_pm_resume returned 0 after 2290 usecs
 7月 12 04:22:28.849780 macbookair2015 kernel: input input8: PM: calling input_dev_resume @ 84007, parent: card0
 7月 12 04:22:28.850026 macbookair2015 kernel: input input8: PM: input_dev_resume returned 0 after 0 usecs
 7月 12 04:22:28.850259 macbookair2015 kernel: input input9: PM: calling input_dev_resume @ 84007, parent: card0
 7月 12 04:22:28.850490 macbookair2015 kernel: input input9: PM: input_dev_resume returned 0 after 0 usecs
 7月 12 04:22:28.850722 macbookair2015 kernel: input input10: PM: calling input_dev_resume @ 84007, parent: card0
 7月 12 04:22:28.850961 macbookair2015 kernel: input input10: PM: input_dev_resume returned 0 after 0 usecs
 7月 12 04:22:28.851196 macbookair2015 kernel: input input11: PM: calling input_dev_resume @ 84007, parent: card1
 7月 12 04:22:28.851433 macbookair2015 kernel: input input11: PM: input_dev_resume returned 0 after 0 usecs
 7月 12 04:22:28.851712 macbookair2015 kernel: input input12: PM: calling input_dev_resume @ 84007, parent: card1
 7月 12 04:22:28.851955 macbookair2015 kernel: input input12: PM: input_dev_resume returned 0 after 0 usecs
 7月 12 04:22:28.852188 macbookair2015 kernel: platform coretemp.0: PM: calling platform_pm_resume @ 84007, parent: platform
 7月 12 04:22:28.852399 macbookair2015 kernel: platform coretemp.0: PM: platform_pm_resume returned 0 after 0 usecs
 7月 12 04:22:28.852603 macbookair2015 kernel: rfkill rfkill0: PM: calling rfkill_resume [rfkill] @ 84007, parent: phy0
 7月 12 04:22:28.852839 macbookair2015 kernel: rfkill rfkill0: PM: rfkill_resume [rfkill] returned 0 after 6 usecs
 7月 12 04:22:28.853060 macbookair2015 kernel: intel_rapl_msr intel_rapl_msr.0: PM: calling platform_pm_resume @ 84007, parent: platform
 7月 12 04:22:28.853275 macbookair2015 kernel: intel_rapl_msr intel_rapl_msr.0: PM: platform_pm_resume returned 0 after 0 usecs
 7月 12 04:22:28.853481 macbookair2015 kernel: rfkill rfkill1: PM: calling rfkill_resume [rfkill] @ 84007, parent: hci0
 7月 12 04:22:28.853735 macbookair2015 kernel: rfkill rfkill1: PM: rfkill_resume [rfkill] returned 0 after 0 usecs
 7月 12 04:22:28.853972 macbookair2015 kernel: input input15: PM: calling input_dev_resume @ 84007, parent: none
 7月 12 04:22:28.854276 macbookair2015 kernel: input input15: PM: input_dev_resume returned 0 after 0 usecs
 7月 12 04:22:28.854575 macbookair2015 kernel: PM: resume of devices complete after 445.542 msecs
 7月 12 04:22:28.854603 macbookair2015 kernel: OOM killer enabled.
 7月 12 04:22:28.854631 macbookair2015 kernel: Restarting tasks ... done.
 7月 12 04:22:28.854649 macbookair2015 kernel: random: crng reseeded on system resumption
 7月 12 04:22:28.854667 macbookair2015 kernel: video LNXVIDEO:00: Restoring backlight state
 7月 12 04:22:28.854896 macbookair2015 kernel: PM: suspend exit
 7月 12 04:22:28.594754 macbookair2015 systemd-logind[768]: Lid opened.
 7月 12 04:22:28.601395 macbookair2015 bluetoothd[1713]: Controller resume with wake event 0x0
 7月 12 04:22:28.602172 macbookair2015 systemd-sleep[84007]: System returned from sleep operation 'suspend'.
 7月 12 04:22:28.604662 macbookair2015 gdm3[908]: GLib: Source ID 141 was not found when attempting to remove it
 7月 12 04:22:28.625697 macbookair2015 kbd-backlight-sleep[84303]: post/suspend: restored=0
 7月 12 04:22:28.646096 macbookair2015 snapshot-only[84324]: [POST] bnep_rx=0 bnep_tx=0
 7月 12 04:22:28.697074 macbookair2015 snapshot-only[84340]: [POST] kbnepd_session=NOT FOUND
 7月 12 04:22:28.716836 macbookair2015 snapshot-only[84359]: [POST] bnep_netdev=MISSING
 7月 12 04:22:28.731005 macbookair2015 snapshot-only[84378]: [POST] xfrm_state=0 xfrm_policy=0
 7月 12 04:22:28.766820 macbookair2015 snapshot-only[84394]: [POST] ping_running=NO
 7月 12 04:22:28.800607 macbookair2015 snapshot-only[84402]: [POST] wl_loaded=YES cfg80211_loaded=YES wlp3s0_present=YES
 7月 12 04:22:28.965909 macbookair2015 70-h4-probe[84562]: phase=post target=suspend mode=beta file=/var/log/h4-probe/1783797748.post
 7月 12 04:22:29.338538 macbookair2015 systemd[1]: user.slice: Unit now thawed.
 7月 12 04:22:29.340094 macbookair2015 systemd-sleep[84007]: Successfully thawed unit 'user.slice'.
 7月 12 04:22:29.340102 macbookair2015 systemd[1]: user-1000.slice: Unit now thawed.
 7月 12 04:22:29.340142 macbookair2015 systemd[1]: user@1000.service: Unit now thawed.
 7月 12 04:22:29.340177 macbookair2015 systemd[1]: session-6.scope: Unit now thawed.
 7月 12 04:22:29.342787 macbookair2015 systemd[1]: systemd-suspend.service: Deactivated successfully.
 7月 12 04:22:29.343130 macbookair2015 systemd[1]: Finished systemd-suspend.service - System Suspend.
 7月 12 04:22:29.347873 macbookair2015 com.discordapp.Discord.desktop[32108]: 04:22:29.347 › [GatewaySocket] Setting connection state to WILL_RECONNECT
 7月 12 04:22:29.348483 macbookair2015 com.discordapp.Discord.desktop[32108]: 04:22:29.348 › [GatewaySocket] [ACK TIMEOUT] reconnecting in 1.89 seconds.
 7月 12 04:22:29.350286 macbookair2015 systemd[1]: Stopped target sleep.target - Sleep.
 7月 12 04:22:29.350792 macbookair2015 systemd[1]: Reached target suspend.target - Suspend.
 7月 12 04:22:29.351805 macbookair2015 systemd-logind[768]: Operation 'suspend' finished.
 7月 12 04:22:29.353696 macbookair2015 NetworkManager[827]: <info>  [1783797749.3536] manager: sleep: wake requested (sleeping: yes  enabled: yes)
 7月 12 04:22:29.353788 macbookair2015 NetworkManager[827]: <info>  [1783797749.3537] device (wlp3s0): state change: unmanaged -> unavailable (reason 'managed', managed-type: 'external')
 7月 12 04:22:29.355094 macbookair2015 ModemManager[862]: <msg> [sleep-monitor-systemd] system is resuming
 7月 12 04:22:29.355811 macbookair2015 systemd[1]: Starting grub-common.service - Record successful boot for GRUB...
 7月 12 04:22:29.356582 macbookair2015 systemd[1]: Stopped target suspend.target - Suspend.
 7月 12 04:22:29.361504 macbookair2015 NetworkManager[827]: <info>  [1783797749.3614] device (CC:60:23:AF:2C:60): state change: unmanaged -> unavailable (reason 'managed', managed-type: 'external')
 7月 12 04:22:29.361824 macbookair2015 NetworkManager[827]: <info>  [1783797749.3618] device (34:42:62:16:03:F6): state change: unmanaged -> unavailable (reason 'managed', managed-type: 'external')
 7月 12 04:22:29.362111 macbookair2015 NetworkManager[827]: <info>  [1783797749.3620] manager: NetworkManager state is now DISCONNECTED
 7月 12 04:22:29.362298 macbookair2015 NetworkManager[827]: <info>  [1783797749.3622] device (CC:60:23:AF:2C:60): state change: unavailable -> disconnected (reason 'none', managed-type: 'full')
 7月 12 04:22:29.362589 macbookair2015 NetworkManager[827]: <info>  [1783797749.3625] device (34:42:62:16:03:F6): state change: unavailable -> disconnected (reason 'none', managed-type: 'full')
 7月 12 04:22:29.448135 macbookair2015 systemd[1]: grub-common.service: Deactivated successfully.
 7月 12 04:22:29.448382 macbookair2015 systemd[1]: Finished grub-common.service - Record successful boot for GRUB.
 7月 12 04:22:30.219583 macbookair2015 gnome-shell[84607]: The XKEYBOARD keymap compiler (xkbcomp) reports:
 7月 12 04:22:30.219583 macbookair2015 gnome-shell[84607]: > Warning:          Unsupported maximum keycode 708, clipping.
 7月 12 04:22:30.219583 macbookair2015 gnome-shell[84607]: >                   X11 cannot support keycodes above 255.
 7月 12 04:22:30.227306 macbookair2015 gnome-shell[84607]: > Warning:          Could not resolve keysym XF86KbdInputAssistPrevgrou
 7月 12 04:22:30.227306 macbookair2015 gnome-shell[84607]: > Warning:          Could not resolve keysym XF86KbdInputAssistNextgrou
 7月 12 04:22:30.227306 macbookair2015 gnome-shell[84607]: Errors from xkbcomp are not fatal to the X server
 7月 12 04:22:31.238075 macbookair2015 com.discordapp.Discord.desktop[32108]: 04:22:31.237 › [GatewaySocket] Setting connection state to CONNECTING
 7月 12 04:22:31.239172 macbookair2015 com.discordapp.Discord.desktop[32108]: 04:22:31.238 › [GatewaySocket] [CONNECT] wss://gateway-us-east1-b.discord.gg, encoding: etf, version: 9, compression: zstd-stream
 7月 12 04:22:31.244866 macbookair2015 com.discordapp.Discord.desktop[32108]: 04:22:31.244 › [GatewaySocket] Setting connection state to WILL_RECONNECT
 7月 12 04:22:31.245464 macbookair2015 com.discordapp.Discord.desktop[32108]: 04:22:31.245 › [GatewaySocket] [WS CLOSED] (false, 0, An error with the websocket occurred) retrying in 2.68 seconds.
 7月 12 04:22:33.001698 macbookair2015 gdm-password][84612]: gkr-pam: unlocked login keyring
 7月 12 04:22:33.220860 macbookair2015 NetworkManager[827]: <info>  [1783797753.2208] agent-manager: agent[689de70d0c366f74,:1.125/org.gnome.Shell.NetworkAgent/1000]: agent registered
 7月 12 04:22:33.396147 macbookair2015 ModemManager[862]: <msg> [base-manager] couldn't check support for device '/sys/devices/pci0000:00/0000:00:1c.2/0000:03:00.0': not supported by any plugin
 7月 12 04:22:33.929917 macbookair2015 com.discordapp.Discord.desktop[32108]: 04:22:33.929 › [GatewaySocket] Setting connection state to CONNECTING
 7月 12 04:22:33.931030 macbookair2015 com.discordapp.Discord.desktop[32108]: 04:22:33.930 › [GatewaySocket] [CONNECT] wss://gateway.discord.gg, encoding: etf, version: 9, compression: zstd-stream
 7月 12 04:22:33.937344 macbookair2015 com.discordapp.Discord.desktop[32108]: 04:22:33.936 › [GatewaySocket] Setting connection state to WILL_RECONNECT
 7月 12 04:22:33.938044 macbookair2015 com.discordapp.Discord.desktop[32108]: 04:22:33.937 › [GatewaySocket] [WS CLOSED] (false, 0, An error with the websocket occurred) retrying in 6.05 seconds.
 7月 12 04:22:38.485084 macbookair2015 systemd-logind[768]: Lid closed.
 7月 12 04:22:39.987419 macbookair2015 com.discordapp.Discord.desktop[32108]: 04:22:39.986 › [GatewaySocket] Setting connection state to CONNECTING
 7月 12 04:22:39.988760 macbookair2015 com.discordapp.Discord.desktop[32108]: 04:22:39.987 › [GatewaySocket] [CONNECT] wss://gateway.discord.gg, encoding: etf, version: 9, compression: zstd-stream
 7月 12 04:22:39.995721 macbookair2015 com.discordapp.Discord.desktop[32108]: 04:22:39.994 › [GatewaySocket] Setting connection state to WILL_RECONNECT
 7月 12 04:22:39.995721 macbookair2015 com.discordapp.Discord.desktop[32108]: 04:22:39.995 › [GatewaySocket] [WS CLOSED] (false, 0, An error with the websocket occurred) retrying in 11.74 seconds.
 7月 12 04:22:41.051730 macbookair2015 kernel: snd_hda_intel 0000:00:1b.0: ACPI _REG disconnect evaluation failed (5)
 7月 12 04:22:41.075802 macbookair2015 kernel: snd_hda_intel 0000:00:1b.0: power state changed by ACPI to D3hot
 7月 12 04:22:51.734626 macbookair2015 com.discordapp.Discord.desktop[32108]: 04:22:51.734 › [GatewaySocket] Setting connection state to CONNECTING
 7月 12 04:22:51.736871 macbookair2015 com.discordapp.Discord.desktop[32108]: 04:22:51.734 › [GatewaySocket] [CONNECT] wss://gateway.discord.gg, encoding: etf, version: 9, compression: zstd-stream
 7月 12 04:22:51.742451 macbookair2015 com.discordapp.Discord.desktop[32108]: 04:22:51.741 › [GatewaySocket] Setting connection state to WILL_RECONNECT
 7月 12 04:22:51.743318 macbookair2015 com.discordapp.Discord.desktop[32108]: 04:22:51.742 › [GatewaySocket] [WS CLOSED] (false, 0, An error with the websocket occurred) retrying in 34.89 seconds.
 7月 12 04:22:51.744708 macbookair2015 com.discordapp.Discord.desktop[32108]: 04:22:51.744 › [GatewaySocket] [RESET] (false, 0, An error with the websocket occurred)
 7月 12 04:22:51.745712 macbookair2015 com.discordapp.Discord.desktop[32108]: 04:22:51.745 › [Flux] Dispatching CONNECTION_CLOSED
 7月 12 04:22:51.747270 macbookair2015 com.discordapp.Discord.desktop[32108]: 04:22:51.746 › [AuthenticationStore] handleConnectionClosed called with code 0. [object Object]
 7月 12 04:22:51.749446 macbookair2015 com.discordapp.Discord.desktop[32108]: 04:22:51.748 › [OverlayBridgeStore] OverlayBridgeStore: handleConnectionClosed
 7月 12 04:22:51.750216 macbookair2015 com.discordapp.Discord.desktop[32108]: 04:22:51.749 › [ConnectionStore] connection closed dispatched
 7月 12 04:22:51.787463 macbookair2015 com.discordapp.Discord.desktop[32108]: 04:22:51.787 › [OverlayBridgeStore] updateIntendedOverlayPIDs undefined
 7月 12 04:22:51.788433 macbookair2015 com.discordapp.Discord.desktop[32108]: 04:22:51.788 › [OverlayBridgeStore] updateIntendedOverlayPIDs [object Object]
 7月 12 04:22:51.788869 macbookair2015 com.discordapp.Discord.desktop[32108]: 04:22:51.788 › [OverlayBridgeStore] updateIntendedOverlayPIDs: Removing all. [object Object] undefined
 7月 12 04:22:54.877651 macbookair2015 com.discordapp.Discord.desktop[32108]: 04:22:54.877 › The resource https://discord.com/assets/189422196a4f8b53.woff2 was preloaded using link preload but not used within a few seconds from the window's load event. Please make sure it has an appropriate `as` value and it is preloaded intentionally.
 7月 12 04:22:54.879046 macbookair2015 com.discordapp.Discord.desktop[32108]: 04:22:54.878 › The resource https://discord.com/assets/ce3b8055f5114434.woff2 was preloaded using link preload but not used within a few seconds from the window's load event. Please make sure it has an appropriate `as` value and it is preloaded intentionally.
 7月 12 04:22:54.879425 macbookair2015 com.discordapp.Discord.desktop[32108]: 04:22:54.879 › The resource https://discord.com/assets/cb2006dbced0e246.woff2 was preloaded using link preload but not used within a few seconds from the window's load event. Please make sure it has an appropriate `as` value and it is preloaded intentionally.
 7月 12 04:22:54.880280 macbookair2015 com.discordapp.Discord.desktop[32108]: 04:22:54.879 › The resource https://discord.com/assets/7a6a566c2e88a35d.woff2 was preloaded using link preload but not used within a few seconds from the window's load event. Please make sure it has an appropriate `as` value and it is preloaded intentionally.
 7月 12 04:22:54.881132 macbookair2015 com.discordapp.Discord.desktop[32108]: 04:22:54.880 › The resource https://discord.com/assets/e52f0cba712e2fb4.woff2 was preloaded using link preload but not used within a few seconds from the window's load event. Please make sure it has an appropriate `as` value and it is preloaded intentionally.
 7月 12 04:22:54.881978 macbookair2015 com.discordapp.Discord.desktop[32108]: 04:22:54.881 › The resource https://discord.com/assets/dd24010f3cf7def7.woff2 was preloaded using link preload but not used within a few seconds from the window's load event. Please make sure it has an appropriate `as` value and it is preloaded intentionally.
 7月 12 04:22:56.325332 macbookair2015 systemd-logind[768]: Suspending...
 7月 12 04:22:56.327033 macbookair2015 ModemManager[862]: <msg> [sleep-monitor-systemd] system is about to suspend
 7月 12 04:22:56.331719 macbookair2015 NetworkManager[827]: <info>  [1783797776.3316] manager: sleep: sleep requested (sleeping: no  enabled: yes)
 7月 12 04:22:56.331808 macbookair2015 NetworkManager[827]: <info>  [1783797776.3317] device (wlp3s0): state change: unavailable -> unmanaged (reason 'unmanaged-sleeping', managed-type: 'full')
 7月 12 04:22:56.332478 macbookair2015 NetworkManager[827]: <info>  [1783797776.3324] device (CC:60:23:AF:2C:60): state change: disconnected -> unmanaged (reason 'unmanaged-sleeping', managed-type: 'full')
 7月 12 04:22:56.332759 macbookair2015 NetworkManager[827]: <info>  [1783797776.3327] device (34:42:62:16:03:F6): state change: disconnected -> unmanaged (reason 'unmanaged-sleeping', managed-type: 'full')
 7月 12 04:22:56.333010 macbookair2015 NetworkManager[827]: <info>  [1783797776.3329] manager: NetworkManager state is now ASLEEP
 7月 12 04:23:01.505024 macbookair2015 systemd-logind[768]: Delay lock is active (UID 1000/miminashi, PID 1894/gnome-shell) but inhibitor timeout is reached.
 7月 12 04:23:01.507957 macbookair2015 systemd[1]: Reached target sleep.target - Sleep.
 7月 12 04:23:01.510724 macbookair2015 systemd[1]: Starting systemd-suspend.service - System Suspend...
 7月 12 04:23:01.555104 macbookair2015 systemd[1]: session-6.scope: Unit now frozen-by-parent.
 7月 12 04:23:01.556091 macbookair2015 systemd[1]: user.slice: Unit now frozen.
 7月 12 04:23:01.556142 macbookair2015 systemd[1]: user-1000.slice: Unit now frozen-by-parent.
 7月 12 04:23:01.556164 macbookair2015 systemd-sleep[84906]: Successfully froze unit 'user.slice'.
 7月 12 04:23:01.556176 macbookair2015 systemd[1]: user@1000.service: Unit now frozen-by-parent.
 7月 12 04:23:01.565447 macbookair2015 kbd-backlight-sleep[84922]: pre/suspend: saved=0 set->0
 7月 12 04:23:01.572818 macbookair2015 snapshot-only[84937]: [PRE] bnep_rx=0 bnep_tx=0
 7月 12 04:23:01.600163 macbookair2015 snapshot-only[84967]: [PRE] kbnepd_session=NOT FOUND
 7月 12 04:23:01.608802 macbookair2015 snapshot-only[84979]: [PRE] bnep_netdev=MISSING
 7月 12 04:23:01.617087 macbookair2015 snapshot-only[84990]: [PRE] xfrm_state=0 xfrm_policy=0
 7月 12 04:23:01.645323 macbookair2015 snapshot-only[85003]: [PRE] ping_running=NO
 7月 12 04:23:01.665708 macbookair2015 snapshot-only[85029]: [PRE] wl_loaded=YES cfg80211_loaded=YES wlp3s0_present=YES
 7月 12 04:23:01.829218 macbookair2015 70-h4-probe[85170]: phase=pre target=suspend mode=beta file=/var/log/h4-probe/1783797781.pre
 7月 12 04:23:02.181124 macbookair2015 systemd-sleep[84906]: Performing sleep operation 'suspend'...
 7月 12 04:23:02.183653 macbookair2015 kernel: PM: suspend entry (s2idle)
 7月 12 04:23:02.191797 macbookair2015 kernel: Filesystems sync: 0.009 seconds
 7月 12 04:23:09.601178 macbookair2015 kernel: Freezing user space processes
 7月 12 04:23:09.601535 macbookair2015 kernel: Freezing user space processes completed (elapsed 0.001 seconds)
 7月 12 04:23:09.601591 macbookair2015 kernel: OOM killer disabled.
 7月 12 04:23:09.601653 macbookair2015 kernel: Freezing remaining freezable tasks
 7月 12 04:23:09.601702 macbookair2015 kernel: Freezing remaining freezable tasks completed (elapsed 0.001 seconds)
 7月 12 04:23:09.601747 macbookair2015 kernel: input input15: PM: calling input_dev_suspend @ 84906, parent: none
 7月 12 04:23:09.602470 macbookair2015 kernel: input input15: PM: input_dev_suspend returned 0 after 1 usecs
 7月 12 04:23:09.602986 macbookair2015 kernel: rfkill rfkill1: PM: calling rfkill_suspend [rfkill] @ 84906, parent: hci0
 7月 12 04:23:09.603395 macbookair2015 kernel: rfkill rfkill1: PM: rfkill_suspend [rfkill] returned 0 after 0 usecs
 7月 12 04:23:09.603867 macbookair2015 kernel: intel_rapl_msr intel_rapl_msr.0: PM: calling platform_pm_suspend @ 84906, parent: platform
 7月 12 04:23:09.604240 macbookair2015 kernel: intel_rapl_msr intel_rapl_msr.0: PM: platform_pm_suspend returned 0 after 0 usecs
 7月 12 04:23:09.604587 macbookair2015 kernel: usb 1-3.3: PM: calling usb_dev_suspend [usbcore] @ 81876, parent: 1-3
 7月 12 04:23:09.604986 macbookair2015 kernel: rfkill rfkill0: PM: calling rfkill_suspend [rfkill] @ 84906, parent: phy0
 7月 12 04:23:09.605362 macbookair2015 kernel: rfkill rfkill0: PM: rfkill_suspend [rfkill] returned 0 after 0 usecs
 7月 12 04:23:09.605728 macbookair2015 kernel: platform coretemp.0: PM: calling platform_pm_suspend @ 84906, parent: platform
 7月 12 04:23:09.606078 macbookair2015 kernel: platform coretemp.0: PM: platform_pm_suspend returned 0 after 0 usecs
 7月 12 04:23:09.606409 macbookair2015 kernel: input input12: PM: calling input_dev_suspend @ 84906, parent: card1
 7月 12 04:23:09.606791 macbookair2015 kernel: input input12: PM: input_dev_suspend returned 0 after 0 usecs
 7月 12 04:23:09.607225 macbookair2015 kernel: input input11: PM: calling input_dev_suspend @ 84906, parent: card1
 7月 12 04:23:09.607777 macbookair2015 kernel: input input11: PM: input_dev_suspend returned 0 after 0 usecs
 7月 12 04:23:09.608177 macbookair2015 kernel: sound pcmC1D0c: PM: calling do_pcm_suspend [snd_pcm] @ 84906, parent: card1
 7月 12 04:23:09.611820 macbookair2015 kernel: ieee80211 phy0: PM: calling wiphy_suspend [cfg80211] @ 82743, parent: 0000:03:00.0
 7月 12 04:23:09.612197 macbookair2015 kernel: sound pcmC1D0c: PM: do_pcm_suspend [snd_pcm] returned 0 after 1 usecs
 7月 12 04:23:09.612512 macbookair2015 kernel: sound pcmC1D0p: PM: calling do_pcm_suspend [snd_pcm] @ 84906, parent: card1
 7月 12 04:23:09.612795 macbookair2015 kernel: sound pcmC1D0p: PM: do_pcm_suspend [snd_pcm] returned 0 after 0 usecs
 7月 12 04:23:09.613066 macbookair2015 kernel: input input10: PM: calling input_dev_suspend @ 84906, parent: card0
 7月 12 04:23:09.613464 macbookair2015 kernel: input input10: PM: input_dev_suspend returned 0 after 0 usecs
 7月 12 04:23:09.613844 macbookair2015 kernel: input input9: PM: calling input_dev_suspend @ 84906, parent: card0
 7月 12 04:23:09.615650 macbookair2015 kernel: input input9: PM: input_dev_suspend returned 0 after 0 usecs
 7月 12 04:23:09.616078 macbookair2015 kernel: input input8: PM: calling input_dev_suspend @ 84906, parent: card0
 7月 12 04:23:09.616474 macbookair2015 kernel: input input8: PM: input_dev_suspend returned 0 after 0 usecs
 7月 12 04:23:09.616854 macbookair2015 kernel: sound pcmC0D8p: PM: calling do_pcm_suspend [snd_pcm] @ 84906, parent: card0
 7月 12 04:23:09.617151 macbookair2015 kernel: ieee80211 phy0: PM: wiphy_suspend [cfg80211] returned 0 after 4 usecs
 7月 12 04:23:09.617503 macbookair2015 kernel: sound pcmC0D8p: PM: do_pcm_suspend [snd_pcm] returned 0 after 0 usecs
 7月 12 04:23:09.617775 macbookair2015 kernel: sound pcmC0D7p: PM: calling do_pcm_suspend [snd_pcm] @ 84906, parent: card0
 7月 12 04:23:09.618065 macbookair2015 kernel: sound pcmC0D7p: PM: do_pcm_suspend [snd_pcm] returned 0 after 0 usecs
 7月 12 04:23:09.618326 macbookair2015 kernel: sound pcmC0D3p: PM: calling do_pcm_suspend [snd_pcm] @ 84906, parent: card0
 7月 12 04:23:09.618592 macbookair2015 kernel: sound pcmC0D3p: PM: do_pcm_suspend [snd_pcm] returned 0 after 0 usecs
 7月 12 04:23:09.618828 macbookair2015 kernel: usb 1-3.3: PM: usb_dev_suspend [usbcore] returned 0 after 205 usecs
 7月 12 04:23:09.619192 macbookair2015 kernel: leds smc::kbd_backlight: PM: calling led_suspend @ 84906, parent: applesmc.768
 7月 12 04:23:09.619581 macbookair2015 kernel: leds smc::kbd_backlight: PM: led_suspend returned 0 after 0 usecs
 7月 12 04:23:09.619936 macbookair2015 kernel: platform regulatory.0: PM: calling platform_pm_suspend @ 84906, parent: platform
 7月 12 04:23:09.620298 macbookair2015 kernel: platform regulatory.0: PM: platform_pm_suspend returned 0 after 0 usecs
 7月 12 04:23:09.620629 macbookair2015 kernel: snd_hda_intel 0000:00:03.0: PM: calling pci_pm_suspend @ 82743, parent: pci0000:00
 7月 12 04:23:09.621021 macbookair2015 kernel: applesmc applesmc.768: PM: calling platform_pm_suspend @ 84906, parent: platform
 7月 12 04:23:09.621374 macbookair2015 kernel: applesmc applesmc.768: PM: platform_pm_suspend returned 0 after 0 usecs
 7月 12 04:23:09.621716 macbookair2015 kernel: input input7: PM: calling input_dev_suspend @ 84906, parent: pcspkr
 7月 12 04:23:09.622102 macbookair2015 kernel: usb 1-3: PM: calling usb_dev_suspend [usbcore] @ 84283, parent: usb1
 7月 12 04:23:09.622531 macbookair2015 kernel: input input7: PM: input_dev_suspend returned 0 after 0 usecs
 7月 12 04:23:09.622966 macbookair2015 kernel: input input6: PM: calling input_dev_suspend @ 84906, parent: 1-5:1.2
 7月 12 04:23:09.623520 macbookair2015 kernel: input input6: PM: input_dev_suspend returned 0 after 0 usecs
 7月 12 04:23:09.624080 macbookair2015 kernel: backlight acpi_video0: PM: calling backlight_suspend @ 84906, parent: 0000:00:02.0
 7月 12 04:23:09.624461 macbookair2015 kernel: backlight acpi_video0: PM: backlight_suspend returned 0 after 0 usecs
 7月 12 04:23:09.624810 macbookair2015 kernel: input input5: PM: calling input_dev_suspend @ 84906, parent: LNXVIDEO:00
 7月 12 04:23:09.625213 macbookair2015 kernel: input input5: PM: input_dev_suspend returned 0 after 0 usecs
 7月 12 04:23:09.625602 macbookair2015 kernel: leds input4::kana: PM: calling led_suspend @ 84906, parent: input4
 7月 12 04:23:09.625994 macbookair2015 kernel: leds input4::kana: PM: led_suspend returned 0 after 0 usecs
 7月 12 04:23:09.626366 macbookair2015 kernel: leds input4::compose: PM: calling led_suspend @ 84906, parent: input4
 7月 12 04:23:09.626747 macbookair2015 kernel: leds input4::compose: PM: led_suspend returned 0 after 0 usecs
 7月 12 04:23:09.627132 macbookair2015 kernel: usb 1-3: PM: usb_dev_suspend [usbcore] returned 0 after 94 usecs
 7月 12 04:23:09.627537 macbookair2015 kernel: leds input4::scrolllock: PM: calling led_suspend @ 84906, parent: input4
 7月 12 04:23:09.628002 macbookair2015 kernel: leds input4::scrolllock: PM: led_suspend returned 0 after 0 usecs
 7月 12 04:23:09.628578 macbookair2015 kernel: leds input4::capslock: PM: calling led_suspend @ 84906, parent: input4
 7月 12 04:23:09.629029 macbookair2015 kernel: leds input4::capslock: PM: led_suspend returned 0 after 0 usecs
 7月 12 04:23:09.629425 macbookair2015 kernel: leds input4::numlock: PM: calling led_suspend @ 84906, parent: input4
 7月 12 04:23:09.629827 macbookair2015 kernel: leds input4::numlock: PM: led_suspend returned 0 after 0 usecs
 7月 12 04:23:09.630213 macbookair2015 kernel: input input4: PM: calling input_dev_suspend @ 84906, parent: 0003:05AC:0290.0002
 7月 12 04:23:09.630789 macbookair2015 kernel: input input4: PM: input_dev_suspend returned 0 after 0 usecs
 7月 12 04:23:09.631384 macbookair2015 kernel: sd 0:0:0:0: PM: calling scsi_bus_suspend [scsi_mod] @ 81876, parent: target0:0:0
 7月 12 04:23:09.631830 macbookair2015 kernel: usb 1-5: PM: calling usb_dev_suspend [usbcore] @ 84283, parent: usb1
 7月 12 04:23:09.632269 macbookair2015 kernel: platform intel-spi: PM: calling platform_pm_suspend @ 84906, parent: 0000:00:1f.0
 7月 12 04:23:09.632679 macbookair2015 kernel: platform intel-spi: PM: platform_pm_suspend returned 0 after 0 usecs
 7月 12 04:23:09.633038 macbookair2015 kernel: platform iTCO_wdt.1.auto: PM: calling platform_pm_suspend @ 84906, parent: 0000:00:1f.0
 7月 12 04:23:09.633405 macbookair2015 kernel: platform iTCO_wdt.1.auto: PM: platform_pm_suspend returned 0 after 0 usecs
 7月 12 04:23:09.633754 macbookair2015 kernel: input input3: PM: calling input_dev_suspend @ 84906, parent: LNXPWRBN:00
 7月 12 04:23:09.634168 macbookair2015 kernel: input input3: PM: input_dev_suspend returned 0 after 0 usecs
 7月 12 04:23:09.634575 macbookair2015 kernel: input input2: PM: calling input_dev_suspend @ 84906, parent: PNP0C0E:00
 7月 12 04:23:09.634998 macbookair2015 kernel: input input2: PM: input_dev_suspend returned 0 after 0 usecs
 7月 12 04:23:09.635406 macbookair2015 kernel: pcieport 0000:06:06.0: PM: calling pci_pm_suspend @ 81880, parent: 0000:05:00.0
 7月 12 04:23:09.635843 macbookair2015 kernel: input input1: PM: calling input_dev_suspend @ 84906, parent: PNP0C0C:00
 7月 12 04:23:09.636235 macbookair2015 kernel: pcieport 0000:06:05.0: PM: calling pci_pm_suspend @ 84280, parent: 0000:05:00.0
 7月 12 04:23:09.636627 macbookair2015 kernel: input input1: PM: input_dev_suspend returned 0 after 0 usecs
 7月 12 04:23:09.637007 macbookair2015 kernel: pcieport 0000:06:06.0: PM: pci_pm_suspend returned 0 after 6 usecs
 7月 12 04:23:09.637391 macbookair2015 kernel: pcieport 0000:06:04.0: PM: calling pci_pm_suspend @ 84281, parent: 0000:05:00.0
 7月 12 04:23:09.637771 macbookair2015 kernel: input input0: PM: calling input_dev_suspend @ 84906, parent: PNP0C0D:00
 7月 12 04:23:09.638172 macbookair2015 kernel: pcieport 0000:06:05.0: PM: pci_pm_suspend returned 0 after 5 usecs
 7月 12 04:23:09.638596 macbookair2015 kernel: input input0: PM: input_dev_suspend returned 0 after 0 usecs
 7月 12 04:23:09.639021 macbookair2015 kernel: pcieport 0000:06:04.0: PM: pci_pm_suspend returned 0 after 4 usecs
 7月 12 04:23:09.639435 macbookair2015 kernel: pcieport 0000:06:03.0: PM: calling pci_pm_suspend @ 81880, parent: 0000:05:00.0
 7月 12 04:23:09.639903 macbookair2015 kernel: pcieport 0000:06:03.0: PM: pci_pm_suspend returned 0 after 3 usecs
 7月 12 04:23:09.640338 macbookair2015 kernel: platform microcode: PM: calling platform_pm_suspend @ 84906, parent: platform
 7月 12 04:23:09.640713 macbookair2015 kernel: platform microcode: PM: platform_pm_suspend returned 0 after 0 usecs
 7月 12 04:23:09.641065 macbookair2015 kernel: alarmtimer alarmtimer.0.auto: PM: calling platform_pm_suspend @ 84906, parent: rtc0
 7月 12 04:23:09.641436 macbookair2015 kernel: alarmtimer alarmtimer.0.auto: PM: platform_pm_suspend returned 0 after 0 usecs
 7月 12 04:23:09.641805 macbookair2015 kernel: rtc rtc0: PM: calling rtc_suspend @ 84906, parent: 00:02
 7月 12 04:23:09.642085 macbookair2015 kernel: rtc rtc0: PM: rtc_suspend returned 0 after 0 usecs
 7月 12 04:23:09.642342 macbookair2015 kernel: usb usb2: PM: calling usb_dev_suspend [usbcore] @ 84281, parent: 0000:00:14.0
 7月 12 04:23:09.642732 macbookair2015 kernel: port serial8250:0.3: PM: calling pm_runtime_force_suspend @ 84906, parent: serial8250:0
 7月 12 04:23:09.643091 macbookair2015 kernel: port serial8250:0.3: PM: pm_runtime_force_suspend returned 0 after 0 usecs
 7月 12 04:23:09.643415 macbookair2015 kernel: port serial8250:0.2: PM: calling pm_runtime_force_suspend @ 84906, parent: serial8250:0
 7月 12 04:23:09.643787 macbookair2015 kernel: port serial8250:0.2: PM: pm_runtime_force_suspend returned 0 after 0 usecs
 7月 12 04:23:09.644132 macbookair2015 kernel: port serial8250:0.1: PM: calling pm_runtime_force_suspend @ 84906, parent: serial8250:0
 7月 12 04:23:09.644467 macbookair2015 kernel: port serial8250:0.1: PM: pm_runtime_force_suspend returned 0 after 0 usecs
 7月 12 04:23:09.644785 macbookair2015 kernel: port serial8250:0.0: PM: calling pm_runtime_force_suspend @ 84906, parent: serial8250:0
 7月 12 04:23:09.645124 macbookair2015 kernel: port serial8250:0.0: PM: pm_runtime_force_suspend returned 0 after 0 usecs
 7月 12 04:23:09.645452 macbookair2015 kernel: serial8250 serial8250: PM: calling platform_pm_suspend @ 84906, parent: platform
 7月 12 04:23:09.645800 macbookair2015 kernel: serial8250 serial8250: PM: platform_pm_suspend returned 0 after 0 usecs
 7月 12 04:23:09.646663 macbookair2015 kernel: pcspkr pcspkr: PM: calling platform_pm_suspend @ 84906, parent: platform
 7月 12 04:23:09.647024 macbookair2015 kernel: pcspkr pcspkr: PM: platform_pm_suspend returned 0 after 5 usecs
 7月 12 04:23:09.647398 macbookair2015 kernel: system 00:04: PM: calling pnp_bus_suspend @ 84906, parent: pnp0
 7月 12 04:23:09.647797 macbookair2015 kernel: system 00:04: PM: pnp_bus_suspend returned 0 after 0 usecs
 7月 12 04:23:09.648122 macbookair2015 kernel: system 00:03: PM: calling pnp_bus_suspend @ 84906, parent: pnp0
 7月 12 04:23:09.648431 macbookair2015 kernel: system 00:03: PM: pnp_bus_suspend returned 0 after 0 usecs
 7月 12 04:23:09.648735 macbookair2015 kernel: rtc_cmos 00:02: PM: calling pnp_bus_suspend @ 84906, parent: pnp0
 7月 12 04:23:09.649048 macbookair2015 kernel: rtc_cmos 00:02: PM: pnp_bus_suspend returned 0 after 29 usecs
 7月 12 04:23:09.649349 macbookair2015 kernel: system 00:01: PM: calling pnp_bus_suspend @ 84906, parent: pnp0
 7月 12 04:23:09.649653 macbookair2015 kernel: system 00:01: PM: pnp_bus_suspend returned 0 after 0 usecs
 7月 12 04:23:09.649951 macbookair2015 kernel: system 00:00: PM: calling pnp_bus_suspend @ 84906, parent: pnp0
 7月 12 04:23:09.650287 macbookair2015 kernel: system 00:00: PM: pnp_bus_suspend returned 0 after 9 usecs
 7月 12 04:23:09.650604 macbookair2015 kernel: platform efivars.0: PM: calling platform_pm_suspend @ 84906, parent: platform
 7月 12 04:23:09.650941 macbookair2015 kernel: platform efivars.0: PM: platform_pm_suspend returned 0 after 0 usecs
 7月 12 04:23:09.654784 macbookair2015 kernel: platform rtc-efi.0: PM: calling platform_pm_suspend @ 84906, parent: platform
 7月 12 04:23:09.655140 macbookair2015 kernel: platform rtc-efi.0: PM: platform_pm_suspend returned 0 after 0 usecs
 7月 12 04:23:09.655443 macbookair2015 kernel: button LNXPWRBN:00: PM: calling acpi_button_suspend [button] @ 84906, parent: LNXSYSTM:00
 7月 12 04:23:09.655795 macbookair2015 kernel: button LNXPWRBN:00: PM: acpi_button_suspend [button] returned 0 after 0 usecs
 7月 12 04:23:09.656105 macbookair2015 kernel: platform PNP0C0E:00: PM: calling platform_pm_suspend @ 84906, parent: platform
 7月 12 04:23:09.656407 macbookair2015 kernel: platform PNP0C0E:00: PM: platform_pm_suspend returned 0 after 0 usecs
 7月 12 04:23:09.656691 macbookair2015 kernel: platform APP0002:00: PM: calling platform_pm_suspend @ 84906, parent: platform
 7月 12 04:23:09.656993 macbookair2015 kernel: platform APP0002:00: PM: platform_pm_suspend returned 0 after 0 usecs
 7月 12 04:23:09.657270 macbookair2015 kernel: platform PNP0C0C:00: PM: calling platform_pm_suspend @ 84906, parent: platform
 7月 12 04:23:09.657567 macbookair2015 kernel: platform PNP0C0C:00: PM: platform_pm_suspend returned 0 after 0 usecs
 7月 12 04:23:09.657851 macbookair2015 kernel: platform PNP0C0D:00: PM: calling platform_pm_suspend @ 84906, parent: platform
 7月 12 04:23:09.658132 macbookair2015 kernel: platform PNP0C0D:00: PM: platform_pm_suspend returned 0 after 0 usecs
 7月 12 04:23:09.658409 macbookair2015 kernel: ac ACPI0003:00: PM: calling acpi_subsys_suspend @ 84906, parent: platform
 7月 12 04:23:09.658702 macbookair2015 kernel: ac ACPI0003:00: PM: acpi_subsys_suspend returned 0 after 0 usecs
 7月 12 04:23:09.658987 macbookair2015 kernel: platform ACPI0002:00: PM: calling platform_pm_suspend @ 84906, parent: ACPI0001:00
 7月 12 04:23:09.659300 macbookair2015 kernel: platform ACPI0002:00: PM: platform_pm_suspend returned 0 after 0 usecs
 7月 12 04:23:09.659627 macbookair2015 kernel: platform ACPI0001:00: PM: calling platform_pm_suspend @ 84906, parent: PNP0C09:00
 7月 12 04:23:09.659930 macbookair2015 kernel: platform ACPI0001:00: PM: platform_pm_suspend returned 0 after 0 usecs
 7月 12 04:23:09.660222 macbookair2015 kernel: platform PNP0C09:00: PM: calling platform_pm_suspend @ 84906, parent: 0000:00:1f.0
 7月 12 04:23:09.660517 macbookair2015 kernel: platform PNP0C09:00: PM: platform_pm_suspend returned 0 after 0 usecs
 7月 12 04:23:09.660788 macbookair2015 kernel: platform ACPI0008:00: PM: calling platform_pm_suspend @ 84906, parent: 0000:00:1f.0
 7月 12 04:23:09.661070 macbookair2015 kernel: platform ACPI0008:00: PM: platform_pm_suspend returned 0 after 0 usecs
 7月 12 04:23:09.661347 macbookair2015 kernel: platform APP0001:00: PM: calling platform_pm_suspend @ 84906, parent: 0000:00:1f.0
 7月 12 04:23:09.661633 macbookair2015 kernel: platform APP0001:00: PM: platform_pm_suspend returned 0 after 0 usecs
 7月 12 04:23:09.661915 macbookair2015 kernel: platform PNP0C04:00: PM: calling platform_pm_suspend @ 84906, parent: 0000:00:1f.0
 7月 12 04:23:09.662201 macbookair2015 kernel: platform PNP0C04:00: PM: platform_pm_suspend returned 0 after 0 usecs
 7月 12 04:23:09.662493 macbookair2015 kernel: platform INT0800:00: PM: calling platform_pm_suspend @ 84906, parent: 0000:00:1f.0
 7月 12 04:23:09.662774 macbookair2015 kernel: platform INT0800:00: PM: platform_pm_suspend returned 0 after 0 usecs
 7月 12 04:23:09.663052 macbookair2015 kernel: thunderbolt 0000:07:00.0: PM: calling pci_pm_suspend @ 81856, parent: 0000:06:00.0
 7月 12 04:23:09.663379 macbookair2015 kernel: thunderbolt 0000:07:00.0: PM: pci_pm_suspend returned 0 after 0 usecs
 7月 12 04:23:09.663714 macbookair2015 kernel: platform acpi-cpufreq: PM: calling platform_pm_suspend @ 84906, parent: platform
 7月 12 04:23:09.663993 macbookair2015 kernel: wl 0000:03:00.0: PM: calling pci_pm_suspend @ 81856, parent: 0000:00:1c.2
 7月 12 04:23:09.664304 macbookair2015 kernel: pcieport 0000:06:00.0: PM: calling pci_pm_suspend @ 81874, parent: 0000:05:00.0
 7月 12 04:23:09.664627 macbookair2015 kernel: pci 0000:02:00.0: PM: calling pci_pm_suspend @ 81869, parent: 0000:00:1c.1
 7月 12 04:23:09.664942 macbookair2015 kernel: platform acpi-cpufreq: PM: platform_pm_suspend returned 0 after 0 usecs
 7月 12 04:23:09.665230 macbookair2015 kernel: pcieport 0000:06:00.0: PM: pci_pm_suspend returned 0 after 1 usecs
 7月 12 04:23:09.665544 macbookair2015 kernel: pci 0000:02:00.0: PM: pci_pm_suspend returned 0 after 0 usecs
 7月 12 04:23:09.665841 macbookair2015 kernel: button PNP0C0E:00: PM: calling acpi_button_suspend [button] @ 84906, parent: LNXSYBUS:00
 7月 12 04:23:09.666135 macbookair2015 kernel: intel_pch_thermal 0000:00:1f.6: PM: calling pci_pm_suspend @ 81874, parent: pci0000:00
 7月 12 04:23:09.666434 macbookair2015 kernel: wl 0000:03:00.0: PM: pci_pm_suspend returned 0 after 8 usecs
 7月 12 04:23:09.666734 macbookair2015 kernel: i801_smbus 0000:00:1f.3: PM: calling pci_pm_suspend @ 81869, parent: pci0000:00
 7月 12 04:23:09.667040 macbookair2015 kernel: button PNP0C0E:00: PM: acpi_button_suspend [button] returned 0 after 0 usecs
 7月 12 04:23:09.667330 macbookair2015 kernel: intel_pch_thermal 0000:00:1f.6: PM: pci_pm_suspend returned 0 after 0 usecs
 7月 12 04:23:09.667652 macbookair2015 kernel: button PNP0C0C:00: PM: calling acpi_button_suspend [button] @ 84906, parent: LNXSYBUS:00
 7月 12 04:23:09.667994 macbookair2015 kernel: lpc_ich 0000:00:1f.0: PM: calling pci_pm_suspend @ 81864, parent: pci0000:00
 7月 12 04:23:09.668766 macbookair2015 kernel: button PNP0C0C:00: PM: acpi_button_suspend [button] returned 0 after 0 usecs
 7月 12 04:23:09.669143 macbookair2015 kernel: pcieport 0000:05:00.0: PM: calling pci_pm_suspend @ 84282, parent: 0000:00:1c.4
 7月 12 04:23:09.669475 macbookair2015 kernel: lpc_ich 0000:00:1f.0: PM: pci_pm_suspend returned 0 after 0 usecs
 7月 12 04:23:09.669794 macbookair2015 kernel: pcieport 0000:05:00.0: PM: pci_pm_suspend returned 0 after 0 usecs
 7月 12 04:23:09.670113 macbookair2015 kernel: button PNP0C0D:00: PM: calling acpi_button_suspend [button] @ 84906, parent: LNXSYBUS:00
 7月 12 04:23:09.670417 macbookair2015 kernel: button PNP0C0D:00: PM: acpi_button_suspend [button] returned 0 after 0 usecs
 7月 12 04:23:09.670709 macbookair2015 kernel: pcieport 0000:00:1c.2: PM: calling pci_pm_suspend @ 81870, parent: pci0000:00
 7月 12 04:23:09.671026 macbookair2015 kernel: pcieport 0000:00:1c.4: PM: calling pci_pm_suspend @ 81864, parent: pci0000:00
 7月 12 04:23:09.671335 macbookair2015 kernel: pcieport 0000:00:1c.2: PM: pci_pm_suspend returned 0 after 0 usecs
 7月 12 04:23:09.671670 macbookair2015 kernel: pcieport 0000:00:1c.4: PM: pci_pm_suspend returned 0 after 0 usecs
 7月 12 04:23:09.671981 macbookair2015 kernel: i801_smbus 0000:00:1f.3: PM: pci_pm_suspend returned 0 after 28 usecs
 7月 12 04:23:09.672290 macbookair2015 kernel: pcieport 0000:00:1c.1: PM: calling pci_pm_suspend @ 81864, parent: pci0000:00
 7月 12 04:23:09.672601 macbookair2015 kernel: pcieport 0000:00:1c.0: PM: calling pci_pm_suspend @ 81870, parent: pci0000:00
 7月 12 04:23:09.672900 macbookair2015 kernel: snd_hda_intel 0000:00:1b.0: PM: calling pci_pm_suspend @ 81869, parent: pci0000:00
 7月 12 04:23:09.673203 macbookair2015 kernel: pcieport 0000:00:1c.1: PM: pci_pm_suspend returned 0 after 0 usecs
 7月 12 04:23:09.673496 macbookair2015 kernel: pcieport 0000:00:1c.0: PM: pci_pm_suspend returned 0 after 2 usecs
 7月 12 04:23:09.673804 macbookair2015 kernel: mei_me 0000:00:16.0: PM: calling pci_pm_suspend @ 81864, parent: pci0000:00
 7月 12 04:23:09.674109 macbookair2015 kernel: pxa2xx_spi_pci 0000:00:15.4: PM: calling pci_pm_suspend @ 81870, parent: pci0000:00
 7月 12 04:23:09.674416 macbookair2015 kernel: pxa2xx_spi_pci 0000:00:15.4: PM: pci_pm_suspend returned 0 after 3 usecs
 7月 12 04:23:09.674706 macbookair2015 kernel: dw_dmac_pci 0000:00:15.0: PM: calling pci_pm_suspend @ 81870, parent: pci0000:00
 7月 12 04:23:09.675018 macbookair2015 kernel: dw_dmac_pci 0000:00:15.0: PM: pci_pm_suspend returned 0 after 0 usecs
 7月 12 04:23:09.675318 macbookair2015 kernel: bdw_uncore 0000:00:00.0: PM: calling pci_pm_suspend @ 81860, parent: pci0000:00
 7月 12 04:23:09.675655 macbookair2015 kernel: bdw_uncore 0000:00:00.0: PM: pci_pm_suspend returned 0 after 0 usecs
 7月 12 04:23:09.675961 macbookair2015 kernel: ec PNP0C09:00: PM: calling acpi_ec_suspend @ 84906, parent: device:0c
 7月 12 04:23:09.676282 macbookair2015 kernel: ec PNP0C09:00: PM: acpi_ec_suspend returned 0 after 0 usecs
 7月 12 04:23:09.676573 macbookair2015 kernel: regulator regulator.0: PM: calling regulator_suspend @ 84906, parent: reg-dummy
 7月 12 04:23:09.676837 macbookair2015 kernel: regulator regulator.0: PM: regulator_suspend returned 0 after 0 usecs
 7月 12 04:23:09.677092 macbookair2015 kernel: reg-dummy reg-dummy: PM: calling platform_pm_suspend @ 84906, parent: platform
 7月 12 04:23:09.677379 macbookair2015 kernel: reg-dummy reg-dummy: PM: platform_pm_suspend returned 0 after 0 usecs
 7月 12 04:23:09.677658 macbookair2015 kernel: mei_me 0000:00:16.0: PM: pci_pm_suspend returned 0 after 284 usecs
 7月 12 04:23:09.677980 macbookair2015 kernel: snd_hda_intel 0000:00:1b.0: power state changed by ACPI to D0
 7月 12 04:23:09.678293 macbookair2015 kernel: snd_hda_intel 0000:00:1b.0: ACPI _REG connect evaluation failed (5)
 7月 12 04:23:09.678590 macbookair2015 kernel: usb usb2: PM: usb_dev_suspend [usbcore] returned 0 after 26886 usecs
 7月 12 04:23:09.678896 macbookair2015 kernel: usb 1-5: PM: usb_dev_suspend [usbcore] returned 0 after 30967 usecs
 7月 12 04:23:09.679195 macbookair2015 kernel: usb usb1: PM: calling usb_dev_suspend [usbcore] @ 81880, parent: 0000:00:14.0
 7月 12 04:23:09.679499 macbookair2015 kernel: snd_hda_intel 0000:00:1b.0: PM: pci_pm_suspend returned 0 after 34492 usecs
 7月 12 04:23:09.679847 macbookair2015 kernel: usb usb1: PM: usb_dev_suspend [usbcore] returned 0 after 7939 usecs
 7月 12 04:23:09.680166 macbookair2015 kernel: xhci_hcd 0000:00:14.0: PM: calling pci_pm_suspend @ 81870, parent: pci0000:00
 7月 12 04:23:09.680486 macbookair2015 kernel: xhci_hcd 0000:00:14.0: PM: pci_pm_suspend returned 0 after 66 usecs
 7月 12 04:23:09.680798 macbookair2015 kernel: sd 0:0:0:0: [sda] Synchronizing SCSI cache
 7月 12 04:23:09.681117 macbookair2015 kernel: sd 0:0:0:0: PM: scsi_bus_suspend [scsi_mod] returned 0 after 71950 usecs
 7月 12 04:23:09.681431 macbookair2015 kernel: scsi target0:0:0: PM: calling scsi_bus_suspend [scsi_mod] @ 82748, parent: host0
 7月 12 04:23:09.681735 macbookair2015 kernel: scsi target0:0:0: PM: scsi_bus_suspend [scsi_mod] returned 0 after 0 usecs
 7月 12 04:23:09.682030 macbookair2015 kernel: scsi host0: PM: calling scsi_bus_suspend [scsi_mod] @ 81877, parent: ata1
 7月 12 04:23:09.682315 macbookair2015 kernel: scsi host0: PM: scsi_bus_suspend [scsi_mod] returned 0 after 0 usecs
 7月 12 04:23:09.682592 macbookair2015 kernel:  ata1: PM: calling ata_port_pm_suspend [libata] @ 82750, parent: 0000:04:00.0
 7月 12 04:23:09.682634 macbookair2015 kernel: ata1.00: Entering standby power mode
 7月 12 04:23:09.682660 macbookair2015 kernel: snd_hda_intel 0000:00:03.0: PM: pci_pm_suspend returned 0 after 111271 usecs
 7月 12 04:23:09.682966 macbookair2015 kernel: i915 0000:00:02.0: PM: calling pci_pm_suspend @ 81846, parent: pci0000:00
 7月 12 04:23:09.683286 macbookair2015 kernel:  ata1: PM: ata_port_pm_suspend [libata] returned 0 after 72234 usecs
 7月 12 04:23:09.683316 macbookair2015 kernel: ahci 0000:04:00.0: PM: calling pci_pm_suspend @ 84280, parent: 0000:00:1c.5
 7月 12 04:23:09.683665 macbookair2015 kernel: ahci 0000:04:00.0: PM: pci_pm_suspend returned 0 after 7 usecs
 7月 12 04:23:09.684036 macbookair2015 kernel: pcieport 0000:00:1c.5: PM: calling pci_pm_suspend @ 81874, parent: pci0000:00
 7月 12 04:23:09.684399 macbookair2015 kernel: pcieport 0000:00:1c.5: PM: pci_pm_suspend returned 0 after 1 usecs
 7月 12 04:23:09.684782 macbookair2015 kernel: i915 0000:00:02.0: PM: pci_pm_suspend returned 0 after 362794 usecs
 7月 12 04:23:09.685173 macbookair2015 kernel: PM: suspend of devices complete after 474.666 msecs
 7月 12 04:23:09.685218 macbookair2015 kernel: PM: start suspend of devices complete after 474.875 msecs
 7月 12 04:23:09.685261 macbookair2015 kernel: snd_hda_intel 0000:00:03.0: PM: calling pci_pm_suspend_late @ 81874, parent: pci0000:00
 7月 12 04:23:09.685640 macbookair2015 kernel: snd_hda_intel 0000:00:03.0: PM: pci_pm_suspend_late returned 0 after 1 usecs
 7月 12 04:23:09.686030 macbookair2015 kernel: pcieport 0000:06:06.0: PM: calling pci_pm_suspend_late @ 81846, parent: 0000:05:00.0
 7月 12 04:23:09.686426 macbookair2015 kernel: pcieport 0000:06:05.0: PM: calling pci_pm_suspend_late @ 81874, parent: 0000:05:00.0
 7月 12 04:23:09.686820 macbookair2015 kernel: pcieport 0000:06:04.0: PM: calling pci_pm_suspend_late @ 81860, parent: 0000:05:00.0
 7月 12 04:23:09.687205 macbookair2015 kernel: pcieport 0000:06:05.0: PM: pci_pm_suspend_late returned 0 after 0 usecs
 7月 12 04:23:09.687637 macbookair2015 kernel: pcieport 0000:06:06.0: PM: pci_pm_suspend_late returned 0 after 0 usecs
 7月 12 04:23:09.687985 macbookair2015 kernel: pcieport 0000:06:04.0: PM: pci_pm_suspend_late returned 0 after 0 usecs
 7月 12 04:23:09.688318 macbookair2015 kernel: pcieport 0000:06:03.0: PM: calling pci_pm_suspend_late @ 81846, parent: 0000:05:00.0
 7月 12 04:23:09.688641 macbookair2015 kernel: pcieport 0000:06:03.0: PM: pci_pm_suspend_late returned 0 after 0 usecs
 7月 12 04:23:09.688948 macbookair2015 kernel: ac ACPI0003:00: PM: calling acpi_subsys_suspend_late @ 84906, parent: platform
 7月 12 04:23:09.689239 macbookair2015 kernel: ac ACPI0003:00: PM: acpi_subsys_suspend_late returned 0 after 1 usecs
 7月 12 04:23:09.689519 macbookair2015 kernel: ahci 0000:04:00.0: PM: calling pci_pm_suspend_late @ 81860, parent: 0000:00:1c.5
 7月 12 04:23:09.689834 macbookair2015 kernel: ahci 0000:04:00.0: PM: pci_pm_suspend_late returned 0 after 0 usecs
 7月 12 04:23:09.690145 macbookair2015 kernel: thunderbolt 0000:07:00.0: PM: calling pci_pm_suspend_late @ 84280, parent: 0000:06:00.0
 7月 12 04:23:09.690471 macbookair2015 kernel: thunderbolt 0000:07:00.0: PM: pci_pm_suspend_late returned 0 after 0 usecs
 7月 12 04:23:09.690784 macbookair2015 kernel: wl 0000:03:00.0: PM: calling pci_pm_suspend_late @ 82750, parent: 0000:00:1c.2
 7月 12 04:23:09.691103 macbookair2015 kernel: wl 0000:03:00.0: PM: pci_pm_suspend_late returned 0 after 0 usecs
 7月 12 04:23:09.691410 macbookair2015 kernel: pci 0000:02:00.0: PM: calling pci_pm_suspend_late @ 81874, parent: 0000:00:1c.1
 7月 12 04:23:09.699845 macbookair2015 kernel: intel_pch_thermal 0000:00:1f.6: PM: calling pci_pm_suspend_late @ 84280, parent: pci0000:00
 7月 12 04:23:09.700173 macbookair2015 kernel: pci 0000:02:00.0: PM: pci_pm_suspend_late returned 0 after 0 usecs
 7月 12 04:23:09.700479 macbookair2015 kernel: intel_pch_thermal 0000:00:1f.6: PM: pci_pm_suspend_late returned 0 after 0 usecs
 7月 12 04:23:09.700782 macbookair2015 kernel: i801_smbus 0000:00:1f.3: PM: calling pci_pm_suspend_late @ 82750, parent: pci0000:00
 7月 12 04:23:09.701095 macbookair2015 kernel: lpc_ich 0000:00:1f.0: PM: calling pci_pm_suspend_late @ 84280, parent: pci0000:00
 7月 12 04:23:09.701400 macbookair2015 kernel: pcieport 0000:00:1c.5: PM: calling pci_pm_suspend_late @ 81874, parent: pci0000:00
 7月 12 04:23:09.701704 macbookair2015 kernel: i801_smbus 0000:00:1f.3: PM: pci_pm_suspend_late returned 0 after 0 usecs
 7月 12 04:23:09.701999 macbookair2015 kernel: pcieport 0000:00:1c.5: PM: pci_pm_suspend_late returned 0 after 0 usecs
 7月 12 04:23:09.702303 macbookair2015 kernel: lpc_ich 0000:00:1f.0: PM: pci_pm_suspend_late returned 0 after 0 usecs
 7月 12 04:23:09.702601 macbookair2015 kernel: pcieport 0000:00:1c.2: PM: calling pci_pm_suspend_late @ 82743, parent: pci0000:00
 7月 12 04:23:09.702920 macbookair2015 kernel: pcieport 0000:00:1c.1: PM: calling pci_pm_suspend_late @ 84280, parent: pci0000:00
 7月 12 04:23:09.703236 macbookair2015 kernel: pcieport 0000:00:1c.0: PM: calling pci_pm_suspend_late @ 81874, parent: pci0000:00
 7月 12 04:23:09.703542 macbookair2015 kernel: pcieport 0000:00:1c.1: PM: pci_pm_suspend_late returned 0 after 0 usecs
 7月 12 04:23:09.708011 macbookair2015 kernel: pcieport 0000:00:1c.2: PM: pci_pm_suspend_late returned 0 after 0 usecs
 7月 12 04:23:09.708351 macbookair2015 kernel: pcieport 0000:00:1c.0: PM: pci_pm_suspend_late returned 0 after 0 usecs
 7月 12 04:23:09.708661 macbookair2015 kernel: snd_hda_intel 0000:00:1b.0: PM: calling pci_pm_suspend_late @ 82743, parent: pci0000:00
 7月 12 04:23:09.708970 macbookair2015 kernel: mei_me 0000:00:16.0: PM: calling pci_pm_suspend_late @ 81874, parent: pci0000:00
 7月 12 04:23:09.709276 macbookair2015 kernel: pxa2xx_spi_pci 0000:00:15.4: PM: calling pci_pm_suspend_late @ 84280, parent: pci0000:00
 7月 12 04:23:09.709573 macbookair2015 kernel: mei_me 0000:00:16.0: PM: pci_pm_suspend_late returned 0 after 0 usecs
 7月 12 04:23:09.709877 macbookair2015 kernel: pxa2xx_spi_pci 0000:00:15.4: PM: pci_pm_suspend_late returned 0 after 0 usecs
 7月 12 04:23:09.710170 macbookair2015 kernel: snd_hda_intel 0000:00:1b.0: PM: pci_pm_suspend_late returned 0 after 0 usecs
 7月 12 04:23:09.710483 macbookair2015 kernel: dw_dmac_pci 0000:00:15.0: PM: calling pci_pm_suspend_late @ 84280, parent: pci0000:00
 7月 12 04:23:09.710794 macbookair2015 kernel: xhci_hcd 0000:00:14.0: PM: calling pci_pm_suspend_late @ 82743, parent: pci0000:00
 7月 12 04:23:09.711093 macbookair2015 kernel: i915 0000:00:02.0: PM: calling pci_pm_suspend_late @ 81874, parent: pci0000:00
 7月 12 04:23:09.711411 macbookair2015 kernel: xhci_hcd 0000:00:14.0: PM: pci_pm_suspend_late returned 0 after 0 usecs
 7月 12 04:23:09.712819 macbookair2015 kernel: dw_dmac_pci 0000:00:15.0: PM: pci_pm_suspend_late returned 0 after 3 usecs
 7月 12 04:23:09.713165 macbookair2015 kernel: bdw_uncore 0000:00:00.0: PM: calling pci_pm_suspend_late @ 82743, parent: pci0000:00
 7月 12 04:23:09.713490 macbookair2015 kernel: bdw_uncore 0000:00:00.0: PM: pci_pm_suspend_late returned 0 after 0 usecs
 7月 12 04:23:09.713803 macbookair2015 kernel: pcieport 0000:06:00.0: PM: calling pci_pm_suspend_late @ 81846, parent: 0000:05:00.0
 7月 12 04:23:09.714120 macbookair2015 kernel: pcieport 0000:06:00.0: PM: pci_pm_suspend_late returned 0 after 0 usecs
 7月 12 04:23:09.714432 macbookair2015 kernel: pcieport 0000:05:00.0: PM: calling pci_pm_suspend_late @ 81860, parent: 0000:00:1c.4
 7月 12 04:23:09.714751 macbookair2015 kernel: pcieport 0000:05:00.0: PM: pci_pm_suspend_late returned 0 after 0 usecs
 7月 12 04:23:09.715077 macbookair2015 kernel: pcieport 0000:00:1c.4: PM: calling pci_pm_suspend_late @ 82750, parent: pci0000:00
 7月 12 04:23:09.715452 macbookair2015 kernel: pcieport 0000:00:1c.4: PM: pci_pm_suspend_late returned 0 after 0 usecs
 7月 12 04:23:09.717700 macbookair2015 kernel: i915 0000:00:02.0: PM: pci_pm_suspend_late returned 0 after 12117 usecs
 7月 12 04:23:09.718059 macbookair2015 kernel: PM: late suspend of devices complete after 12.701 msecs
 7月 12 04:23:09.718101 macbookair2015 kernel: snd_hda_intel 0000:00:03.0: PM: calling pci_pm_suspend_noirq @ 81874, parent: pci0000:00
 7月 12 04:23:09.718415 macbookair2015 kernel: pcieport 0000:06:06.0: PM: calling pci_pm_suspend_noirq @ 84280, parent: 0000:05:00.0
 7月 12 04:23:09.718753 macbookair2015 kernel: pcieport 0000:06:06.0: PM: pci_pm_suspend_noirq returned 0 after 0 usecs
 7月 12 04:23:09.719073 macbookair2015 kernel: pcieport 0000:06:05.0: PM: calling pci_pm_suspend_noirq @ 82750, parent: 0000:05:00.0
 7月 12 04:23:09.719389 macbookair2015 kernel: pcieport 0000:06:04.0: PM: calling pci_pm_suspend_noirq @ 84280, parent: 0000:05:00.0
 7月 12 04:23:09.720276 macbookair2015 kernel: pcieport 0000:06:04.0: PM: pci_pm_suspend_noirq returned 0 after 0 usecs
 7月 12 04:23:09.720684 macbookair2015 kernel: pcieport 0000:06:05.0: PM: pci_pm_suspend_noirq returned 0 after 0 usecs
 7月 12 04:23:09.720992 macbookair2015 kernel: pcieport 0000:06:03.0: PM: calling pci_pm_suspend_noirq @ 81846, parent: 0000:05:00.0
 7月 12 04:23:09.721357 macbookair2015 kernel: pcieport 0000:06:03.0: PM: pci_pm_suspend_noirq returned 0 after 0 usecs
 7月 12 04:23:09.721730 macbookair2015 kernel: ac ACPI0003:00: PM: calling acpi_subsys_suspend_noirq @ 84906, parent: platform
 7月 12 04:23:09.722073 macbookair2015 kernel: ac ACPI0003:00: PM: acpi_subsys_suspend_noirq returned 0 after 0 usecs
 7月 12 04:23:09.722400 macbookair2015 kernel: ahci 0000:04:00.0: PM: calling pci_pm_suspend_noirq @ 81860, parent: 0000:00:1c.5
 7月 12 04:23:09.722786 macbookair2015 kernel: thunderbolt 0000:07:00.0: PM: calling pci_pm_suspend_noirq @ 82743, parent: 0000:06:00.0
 7月 12 04:23:09.723189 macbookair2015 kernel: ec PNP0C09:00: PM: calling acpi_ec_suspend_noirq @ 84906, parent: device:0c
 7月 12 04:23:09.725514 macbookair2015 kernel: ACPI: EC: interrupt blocked
 7月 12 04:23:09.725592 macbookair2015 kernel: ec PNP0C09:00: PM: acpi_ec_suspend_noirq returned 0 after 2 usecs
 7月 12 04:23:09.725914 macbookair2015 kernel: wl 0000:03:00.0: PM: calling pci_pm_suspend_noirq @ 82750, parent: 0000:00:1c.2
 7月 12 04:23:09.726195 macbookair2015 kernel: pci 0000:02:00.0: PM: calling pci_pm_suspend_noirq @ 84280, parent: 0000:00:1c.1
 7月 12 04:23:09.726502 macbookair2015 kernel: intel_pch_thermal 0000:00:1f.6: PM: calling pci_pm_suspend_noirq @ 82748, parent: pci0000:00
 7月 12 04:23:09.726895 macbookair2015 kernel: intel_pch_thermal 0000:00:1f.6: CPU-PCH is cool [48C]
 7月 12 04:23:09.727228 macbookair2015 kernel: i801_smbus 0000:00:1f.3: PM: calling pci_pm_suspend_noirq @ 81876, parent: pci0000:00
 7月 12 04:23:09.727510 macbookair2015 kernel: i801_smbus 0000:00:1f.3: PCI PM: Suspend power state: D0
 7月 12 04:23:09.730350 macbookair2015 kernel: i801_smbus 0000:00:1f.3: PCI PM: Skipped
 7月 12 04:23:09.730710 macbookair2015 kernel: i801_smbus 0000:00:1f.3: PM: pci_pm_suspend_noirq returned 0 after 53 usecs
 7月 12 04:23:09.731111 macbookair2015 kernel: lpc_ich 0000:00:1f.0: PM: calling pci_pm_suspend_noirq @ 81876, parent: pci0000:00
 7月 12 04:23:09.731508 macbookair2015 kernel: pci 0000:02:00.0: PM: pci_pm_suspend_noirq returned 0 after 294 usecs
 7月 12 04:23:09.732167 macbookair2015 kernel: pcieport 0000:00:1c.1: PM: calling pci_pm_suspend_noirq @ 81869, parent: pci0000:00
 7月 12 04:23:09.733293 macbookair2015 kernel: pcieport 0000:00:1c.0: PM: calling pci_pm_suspend_noirq @ 84283, parent: pci0000:00
 7月 12 04:23:09.733735 macbookair2015 kernel: lpc_ich 0000:00:1f.0: PM: pci_pm_suspend_noirq returned 0 after 30 usecs
 7月 12 04:23:09.734117 macbookair2015 kernel: pcieport 0000:00:1c.0: PM: pci_pm_suspend_noirq returned 0 after 0 usecs
 7月 12 04:23:09.734445 macbookair2015 kernel: snd_hda_intel 0000:00:1b.0: PM: calling pci_pm_suspend_noirq @ 84281, parent: pci0000:00
 7月 12 04:23:09.734850 macbookair2015 kernel: mei_me 0000:00:16.0: PM: calling pci_pm_suspend_noirq @ 84283, parent: pci0000:00
 7月 12 04:23:09.735238 macbookair2015 kernel: pxa2xx_spi_pci 0000:00:15.4: PM: calling pci_pm_suspend_noirq @ 81876, parent: pci0000:00
 7月 12 04:23:09.735635 macbookair2015 kernel: dw_dmac_pci 0000:00:15.0: PM: calling pci_pm_suspend_noirq @ 81864, parent: pci0000:00
 7月 12 04:23:09.735940 macbookair2015 kernel: xhci_hcd 0000:00:14.0: PM: calling pci_pm_suspend_noirq @ 84282, parent: pci0000:00
 7月 12 04:23:09.736182 macbookair2015 kernel: bdw_uncore 0000:00:00.0: PM: calling pci_pm_suspend_noirq @ 81849, parent: pci0000:00
 7月 12 04:23:09.736421 macbookair2015 kernel: bdw_uncore 0000:00:00.0: PM: pci_pm_suspend_noirq returned 0 after 7 usecs
 7月 12 04:23:09.736641 macbookair2015 kernel: mei_me 0000:00:16.0: PCI PM: Suspend power state: D3hot
 7月 12 04:23:09.736867 macbookair2015 kernel: pxa2xx_spi_pci 0000:00:15.4: PCI PM: Suspend power state: D3hot
 7月 12 04:23:09.737100 macbookair2015 kernel: pxa2xx_spi_pci 0000:00:15.4: PM: pci_pm_suspend_noirq returned 0 after 10954 usecs
 7月 12 04:23:09.737321 macbookair2015 kernel: mei_me 0000:00:16.0: PM: pci_pm_suspend_noirq returned 0 after 10952 usecs
 7月 12 04:23:09.737628 macbookair2015 kernel: snd_hda_intel 0000:00:03.0: PCI PM: Suspend power state: D3hot
 7月 12 04:23:09.737996 macbookair2015 kernel: intel_pch_thermal 0000:00:1f.6: PCI PM: Suspend power state: D3hot
 7月 12 04:23:09.738395 macbookair2015 kernel: snd_hda_intel 0000:00:03.0: PM: pci_pm_suspend_noirq returned 0 after 11661 usecs
 7月 12 04:23:09.738755 macbookair2015 kernel: intel_pch_thermal 0000:00:1f.6: PM: pci_pm_suspend_noirq returned 0 after 11314 usecs
 7月 12 04:23:09.739102 macbookair2015 kernel: dw_dmac_pci 0000:00:15.0: PCI PM: Suspend power state: D3hot
 7月 12 04:23:09.739472 macbookair2015 kernel: i915 0000:00:02.0: PM: calling pci_pm_suspend_noirq @ 81856, parent: pci0000:00
 7月 12 04:23:09.739885 macbookair2015 kernel: dw_dmac_pci 0000:00:15.0: PM: pci_pm_suspend_noirq returned 0 after 10926 usecs
 7月 12 04:23:09.740255 macbookair2015 kernel: i915 0000:00:02.0: PCI PM: Suspend power state: D3hot
 7月 12 04:23:09.740654 macbookair2015 kernel: i915 0000:00:02.0: PM: pci_pm_suspend_noirq returned 0 after 4 usecs
 7月 12 04:23:09.741035 macbookair2015 kernel: wl 0000:03:00.0: PCI PM: Suspend power state: D3hot
 7月 12 04:23:09.741429 macbookair2015 kernel: wl 0000:03:00.0: PM: pci_pm_suspend_noirq returned 0 after 11404 usecs
 7月 12 04:23:09.741799 macbookair2015 kernel: snd_hda_intel 0000:00:1b.0: ACPI _REG disconnect evaluation failed (5)
 7月 12 04:23:09.742179 macbookair2015 kernel: pcieport 0000:00:1c.2: PM: calling pci_pm_suspend_noirq @ 81880, parent: pci0000:00
 7月 12 04:23:09.742567 macbookair2015 kernel: pcieport 0000:00:1c.1: PCI PM: Suspend power state: D3hot
 7月 12 04:23:09.742956 macbookair2015 kernel: pcieport 0000:00:1c.1: PM: pci_pm_suspend_noirq returned 0 after 11189 usecs
 7月 12 04:23:09.743341 macbookair2015 kernel: pcieport 0000:00:1c.2: PCI PM: Suspend power state: D0
 7月 12 04:23:09.743826 macbookair2015 kernel: pcieport 0000:00:1c.2: PCI PM: Skipped
 7月 12 04:23:09.744211 macbookair2015 kernel: ahci 0000:04:00.0: ACPI _REG disconnect evaluation failed (5)
 7月 12 04:23:09.744599 macbookair2015 kernel: pcieport 0000:00:1c.2: PM: pci_pm_suspend_noirq returned 0 after 47 usecs
 7月 12 04:23:09.744975 macbookair2015 kernel: xhci_hcd 0000:00:14.0: ACPI _REG disconnect evaluation failed (5)
 7月 12 04:23:09.745377 macbookair2015 kernel: ahci 0000:04:00.0: power state changed by ACPI to D3hot
 7月 12 04:23:09.745754 macbookair2015 kernel: ahci 0000:04:00.0: PCI PM: Suspend power state: D3hot
 7月 12 04:23:09.746143 macbookair2015 kernel: ahci 0000:04:00.0: PM: pci_pm_suspend_noirq returned 0 after 12157 usecs
 7月 12 04:23:09.746527 macbookair2015 kernel: xhci_hcd 0000:00:14.0: power state changed by ACPI to D3hot
 7月 12 04:23:09.746881 macbookair2015 kernel: pcieport 0000:00:1c.5: PM: calling pci_pm_suspend_noirq @ 81870, parent: pci0000:00
 7月 12 04:23:09.747276 macbookair2015 kernel: xhci_hcd 0000:00:14.0: PCI PM: Suspend power state: D3hot
 7月 12 04:23:09.747702 macbookair2015 kernel: xhci_hcd 0000:00:14.0: PM: pci_pm_suspend_noirq returned 0 after 11674 usecs
 7月 12 04:23:09.748143 macbookair2015 kernel: thunderbolt 0000:07:00.0: PCI PM: Suspend power state: D3hot
 7月 12 04:23:09.748541 macbookair2015 kernel: thunderbolt 0000:07:00.0: PM: pci_pm_suspend_noirq returned 0 after 13376 usecs
 7月 12 04:23:09.748919 macbookair2015 kernel: pcieport 0000:06:00.0: PM: calling pci_pm_suspend_noirq @ 81877, parent: 0000:05:00.0
 7月 12 04:23:09.749270 macbookair2015 kernel: pcieport 0000:00:1c.5: ACPI _REG disconnect evaluation failed (5)
 7月 12 04:23:09.749652 macbookair2015 kernel: pcieport 0000:06:00.0: PCI PM: Suspend power state: D3hot
 7月 12 04:23:09.750133 macbookair2015 kernel: pcieport 0000:06:00.0: PM: pci_pm_suspend_noirq returned 0 after 12185 usecs
 7月 12 04:23:09.750556 macbookair2015 kernel: pcieport 0000:05:00.0: PM: calling pci_pm_suspend_noirq @ 81846, parent: 0000:00:1c.4
 7月 12 04:23:09.750935 macbookair2015 kernel: snd_hda_intel 0000:00:1b.0: power state changed by ACPI to D3hot
 7月 12 04:23:09.751299 macbookair2015 kernel: snd_hda_intel 0000:00:1b.0: PCI PM: Suspend power state: D3hot
 7月 12 04:23:09.751711 macbookair2015 kernel: snd_hda_intel 0000:00:1b.0: PM: pci_pm_suspend_noirq returned 0 after 35090 usecs
 7月 12 04:23:09.751991 macbookair2015 kernel: pcieport 0000:05:00.0: ACPI _REG disconnect evaluation failed (5)
 7月 12 04:23:09.752229 macbookair2015 kernel: pcieport 0000:05:00.0: power state changed by ACPI to D3hot
 7月 12 04:23:09.752466 macbookair2015 kernel: pcieport 0000:05:00.0: PCI PM: Suspend power state: D3hot
 7月 12 04:23:09.752695 macbookair2015 kernel: pcieport 0000:05:00.0: PM: pci_pm_suspend_noirq returned 0 after 12259 usecs
 7月 12 04:23:09.752931 macbookair2015 kernel: pcieport 0000:00:1c.4: PM: calling pci_pm_suspend_noirq @ 84280, parent: pci0000:00
 7月 12 04:23:09.753167 macbookair2015 kernel: pcieport 0000:00:1c.4: PCI PM: Suspend power state: D3hot
 7月 12 04:23:09.753393 macbookair2015 kernel: pcieport 0000:00:1c.4: PM: pci_pm_suspend_noirq returned 0 after 12148 usecs
 7月 12 04:23:09.753610 macbookair2015 kernel: pcieport 0000:00:1c.5: power state changed by ACPI to D3hot
 7月 12 04:23:09.753828 macbookair2015 kernel: pcieport 0000:00:1c.5: PCI PM: Suspend power state: D3hot
 7月 12 04:23:09.754041 macbookair2015 kernel: pcieport 0000:00:1c.5: PM: pci_pm_suspend_noirq returned 0 after 115324 usecs
 7月 12 04:23:09.754281 macbookair2015 kernel: PM: noirq suspend of devices complete after 127.931 msecs
 7月 12 04:23:09.754308 macbookair2015 kernel: PM: suspend-to-idle
 7月 12 04:23:09.754344 macbookair2015 kernel: Timekeeping suspended for 5.563 seconds
 7月 12 04:23:09.754366 macbookair2015 kernel: PM: Triggering wakeup from IRQ 9
 7月 12 04:23:09.754384 macbookair2015 kernel: ACPI: PM: ACPI fixed event wakeup
 7月 12 04:23:09.754402 macbookair2015 kernel: PM: resume from suspend-to-idle
 7月 12 04:23:09.754417 macbookair2015 kernel: i915 0000:00:02.0: PM: calling pci_pm_resume_noirq @ 84280, parent: pci0000:00
 7月 12 04:23:09.754658 macbookair2015 kernel: xhci_hcd 0000:00:14.0: PM: calling pci_pm_resume_noirq @ 81612, parent: pci0000:00
 7月 12 04:23:09.754886 macbookair2015 kernel: bdw_uncore 0000:00:00.0: PM: calling pci_pm_resume_noirq @ 81870, parent: pci0000:00
 7月 12 04:23:09.755108 macbookair2015 kernel: ec PNP0C09:00: PM: calling acpi_ec_resume_noirq @ 84906, parent: device:0c
 7月 12 04:23:09.755341 macbookair2015 kernel: ACPI: EC: interrupt unblocked
 7月 12 04:23:09.755367 macbookair2015 kernel: ec PNP0C09:00: PM: acpi_ec_resume_noirq returned 0 after 1 usecs
 7月 12 04:23:09.755691 macbookair2015 kernel: bdw_uncore 0000:00:00.0: PM: pci_pm_resume_noirq returned 0 after 41 usecs
 7月 12 04:23:09.755958 macbookair2015 kernel: dw_dmac_pci 0000:00:15.0: PM: calling pci_pm_resume_noirq @ 81870, parent: pci0000:00
 7月 12 04:23:09.756226 macbookair2015 kernel: pxa2xx_spi_pci 0000:00:15.4: PM: calling pci_pm_resume_noirq @ 81846, parent: pci0000:00
 7月 12 04:23:09.756526 macbookair2015 kernel: mei_me 0000:00:16.0: PM: calling pci_pm_resume_noirq @ 84281, parent: pci0000:00
 7月 12 04:23:09.756897 macbookair2015 kernel: snd_hda_intel 0000:00:1b.0: PM: calling pci_pm_resume_noirq @ 81877, parent: pci0000:00
 7月 12 04:23:09.757266 macbookair2015 kernel: pcieport 0000:00:1c.0: PM: calling pci_pm_resume_noirq @ 82743, parent: pci0000:00
 7月 12 04:23:09.757635 macbookair2015 kernel: pcieport 0000:00:1c.1: PM: calling pci_pm_resume_noirq @ 84282, parent: pci0000:00
 7月 12 04:23:09.757996 macbookair2015 kernel: pcieport 0000:00:1c.2: PM: calling pci_pm_resume_noirq @ 81860, parent: pci0000:00
 7月 12 04:23:09.758418 macbookair2015 kernel: pcieport 0000:00:1c.4: PM: calling pci_pm_resume_noirq @ 81880, parent: pci0000:00
 7月 12 04:23:09.758786 macbookair2015 kernel: pcieport 0000:00:1c.5: PM: calling pci_pm_resume_noirq @ 81869, parent: pci0000:00
 7月 12 04:23:09.759194 macbookair2015 kernel: pcieport 0000:00:1c.2: PM: pci_pm_resume_noirq returned 0 after 11 usecs
 7月 12 04:23:09.759615 macbookair2015 kernel: lpc_ich 0000:00:1f.0: PM: calling pci_pm_resume_noirq @ 81856, parent: pci0000:00
 7月 12 04:23:09.759981 macbookair2015 kernel: i801_smbus 0000:00:1f.3: PM: calling pci_pm_resume_noirq @ 81874, parent: pci0000:00
 7月 12 04:23:09.760342 macbookair2015 kernel: intel_pch_thermal 0000:00:1f.6: PM: calling pci_pm_resume_noirq @ 81860, parent: pci0000:00
 7月 12 04:23:09.760701 macbookair2015 kernel: i801_smbus 0000:00:1f.3: PM: pci_pm_resume_noirq returned 0 after 0 usecs
 7月 12 04:23:09.761085 macbookair2015 kernel: wl 0000:03:00.0: PM: calling pci_pm_resume_noirq @ 82750, parent: 0000:00:1c.2
 7月 12 04:23:09.761451 macbookair2015 kernel: lpc_ich 0000:00:1f.0: PM: pci_pm_resume_noirq returned 0 after 181 usecs
 7月 12 04:23:09.761799 macbookair2015 kernel: ac ACPI0003:00: PM: calling acpi_subsys_resume_noirq @ 84906, parent: platform
 7月 12 04:23:09.762129 macbookair2015 kernel: ac ACPI0003:00: PM: acpi_subsys_resume_noirq returned 0 after 0 usecs
 7月 12 04:23:09.762478 macbookair2015 kernel: xhci_hcd 0000:00:14.0: power state changed by ACPI to D0
 7月 12 04:23:09.762839 macbookair2015 kernel: xhci_hcd 0000:00:14.0: ACPI _REG connect evaluation failed (5)
 7月 12 04:23:09.763189 macbookair2015 kernel: xhci_hcd 0000:00:14.0: PM: pci_pm_resume_noirq returned 0 after 803 usecs
 7月 12 04:23:09.763543 macbookair2015 kernel: pxa2xx_spi_pci 0000:00:15.4: PM: pci_pm_resume_noirq returned 0 after 11350 usecs
 7月 12 04:23:09.763996 macbookair2015 kernel: mei_me 0000:00:16.0: PM: pci_pm_resume_noirq returned 0 after 11360 usecs
 7月 12 04:23:09.764387 macbookair2015 kernel: i915 0000:00:02.0: PM: pci_pm_resume_noirq returned 0 after 11482 usecs
 7月 12 04:23:09.764773 macbookair2015 kernel: snd_hda_intel 0000:00:03.0: PM: calling pci_pm_resume_noirq @ 81858, parent: pci0000:00
 7月 12 04:23:09.765129 macbookair2015 kernel: dw_dmac_pci 0000:00:15.0: PM: pci_pm_resume_noirq returned 0 after 11529 usecs
 7月 12 04:23:09.765498 macbookair2015 kernel: wl 0000:03:00.0: PM: pci_pm_resume_noirq returned 0 after 11410 usecs
 7月 12 04:23:09.765869 macbookair2015 kernel: intel_pch_thermal 0000:00:1f.6: PM: pci_pm_resume_noirq returned 0 after 11473 usecs
 7月 12 04:23:09.766246 macbookair2015 kernel: pcieport 0000:00:1c.4: Enabling MPC IRBNCE
 7月 12 04:23:09.766614 macbookair2015 kernel: pcieport 0000:00:1c.4: Intel PCH root port ACS workaround enabled
 7月 12 04:23:09.766977 macbookair2015 kernel: pcieport 0000:00:1c.1: Enabling MPC IRBNCE
 7月 12 04:23:09.767338 macbookair2015 kernel: pcieport 0000:00:1c.4: PM: pci_pm_resume_noirq returned 0 after 11604 usecs
 7月 12 04:23:09.767776 macbookair2015 kernel: pcieport 0000:00:1c.1: Intel PCH root port ACS workaround enabled
 7月 12 04:23:09.768167 macbookair2015 kernel: pcieport 0000:00:1c.1: PM: pci_pm_resume_noirq returned 0 after 11637 usecs
 7月 12 04:23:09.768527 macbookair2015 kernel: pci 0000:02:00.0: PM: calling pci_pm_resume_noirq @ 81874, parent: 0000:00:1c.1
 7月 12 04:23:09.768891 macbookair2015 kernel: pcieport 0000:05:00.0: PM: calling pci_pm_resume_noirq @ 81864, parent: 0000:00:1c.4
 7月 12 04:23:09.769260 macbookair2015 kernel: pcieport 0000:05:00.0: power state changed by ACPI to D0
 7月 12 04:23:09.769634 macbookair2015 kernel: pcieport 0000:05:00.0: ACPI _REG connect evaluation failed (5)
 7月 12 04:23:09.769997 macbookair2015 kernel: pcieport 0000:00:1c.0: Enabling MPC IRBNCE
 7月 12 04:23:09.770393 macbookair2015 kernel: pcieport 0000:00:1c.0: Intel PCH root port ACS workaround enabled
 7月 12 04:23:09.770760 macbookair2015 kernel: pcieport 0000:00:1c.0: PM: pci_pm_resume_noirq returned 0 after 11761 usecs
 7月 12 04:23:09.771125 macbookair2015 kernel: pci 0000:02:00.0: PM: pci_pm_resume_noirq returned 0 after 128 usecs
 7月 12 04:23:09.771489 macbookair2015 kernel: snd_hda_intel 0000:00:1b.0: power state changed by ACPI to D0
 7月 12 04:23:09.771966 macbookair2015 kernel: snd_hda_intel 0000:00:1b.0: ACPI _REG connect evaluation failed (5)
 7月 12 04:23:09.772320 macbookair2015 kernel: snd_hda_intel 0000:00:03.0: PM: pci_pm_resume_noirq returned 0 after 11900 usecs
 7月 12 04:23:09.772675 macbookair2015 kernel: pcieport 0000:05:00.0: PM: pci_pm_resume_noirq returned 0 after 11697 usecs
 7月 12 04:23:09.773055 macbookair2015 kernel: pcieport 0000:06:00.0: PM: calling pci_pm_resume_noirq @ 82748, parent: 0000:05:00.0
 7月 12 04:23:09.773414 macbookair2015 kernel: snd_hda_intel 0000:00:1b.0: PM: pci_pm_resume_noirq returned 0 after 31312 usecs
 7月 12 04:23:09.773771 macbookair2015 kernel: pcieport 0000:06:00.0: PM: pci_pm_resume_noirq returned 0 after 11990 usecs
 7月 12 04:23:09.774174 macbookair2015 kernel: thunderbolt 0000:07:00.0: PM: calling pci_pm_resume_noirq @ 81876, parent: 0000:06:00.0
 7月 12 04:23:09.774562 macbookair2015 kernel: thunderbolt 0000:07:00.0: PM: pci_pm_resume_noirq returned 0 after 63145 usecs
 7月 12 04:23:09.774944 macbookair2015 kernel: pcieport 0000:06:04.0: PM: calling pci_pm_resume_noirq @ 81843, parent: 0000:05:00.0
 7月 12 04:23:09.775369 macbookair2015 kernel: pcieport 0000:06:06.0: PM: calling pci_pm_resume_noirq @ 81852, parent: 0000:05:00.0
 7月 12 04:23:09.775850 macbookair2015 kernel: pcieport 0000:06:05.0: PM: calling pci_pm_resume_noirq @ 81875, parent: 0000:05:00.0
 7月 12 04:23:09.776240 macbookair2015 kernel: pcieport 0000:06:03.0: PM: calling pci_pm_resume_noirq @ 81856, parent: 0000:05:00.0
 7月 12 04:23:09.776666 macbookair2015 kernel: pcieport 0000:00:1c.5: power state changed by ACPI to D0
 7月 12 04:23:09.777123 macbookair2015 kernel: pcieport 0000:00:1c.5: ACPI _REG connect evaluation failed (5)
 7月 12 04:23:09.777613 macbookair2015 kernel: pcieport 0000:00:1c.5: Enabling MPC IRBNCE
 7月 12 04:23:09.778012 macbookair2015 kernel: pcieport 0000:00:1c.5: Intel PCH root port ACS workaround enabled
 7月 12 04:23:09.783976 macbookair2015 kernel: pcieport 0000:00:1c.5: PM: pci_pm_resume_noirq returned 0 after 99336 usecs
 7月 12 04:23:09.784320 macbookair2015 kernel: ahci 0000:04:00.0: PM: calling pci_pm_resume_noirq @ 84283, parent: 0000:00:1c.5
 7月 12 04:23:09.784649 macbookair2015 kernel: ahci 0000:04:00.0: power state changed by ACPI to D0
 7月 12 04:23:09.785463 macbookair2015 kernel: ahci 0000:04:00.0: ACPI _REG connect evaluation failed (5)
 7月 12 04:23:09.785786 macbookair2015 kernel: ahci 0000:04:00.0: PM: pci_pm_resume_noirq returned 0 after 163 usecs
 7月 12 04:23:09.786109 macbookair2015 kernel: pcieport 0000:06:05.0: PM: pci_pm_resume_noirq returned 0 after 12495 usecs
 7月 12 04:23:09.786476 macbookair2015 kernel: pcieport 0000:06:06.0: PM: pci_pm_resume_noirq returned 0 after 12503 usecs
 7月 12 04:23:09.786864 macbookair2015 kernel: pcieport 0000:06:04.0: PM: pci_pm_resume_noirq returned 0 after 12504 usecs
 7月 12 04:23:09.787193 macbookair2015 kernel: pcieport 0000:06:03.0: PM: pci_pm_resume_noirq returned 0 after 12483 usecs
 7月 12 04:23:09.787532 macbookair2015 kernel: PM: noirq resume of devices complete after 111.485 msecs
 7月 12 04:23:09.787586 macbookair2015 kernel: dw_dmac_pci 0000:00:15.0: PM: calling pci_pm_resume_early @ 81843, parent: pci0000:00
 7月 12 04:23:09.788028 macbookair2015 kernel: bdw_uncore 0000:00:00.0: PM: calling pci_pm_resume_early @ 81852, parent: pci0000:00
 7月 12 04:23:09.788376 macbookair2015 kernel: xhci_hcd 0000:00:14.0: PM: calling pci_pm_resume_early @ 82749, parent: pci0000:00
 7月 12 04:23:09.788730 macbookair2015 kernel: xhci_hcd 0000:00:14.0: PM: pci_pm_resume_early returned 0 after 0 usecs
 7月 12 04:23:09.789092 macbookair2015 kernel: bdw_uncore 0000:00:00.0: PM: pci_pm_resume_early returned 0 after 0 usecs
 7月 12 04:23:09.789411 macbookair2015 kernel: dw_dmac_pci 0000:00:15.0: PM: pci_pm_resume_early returned 0 after 1 usecs
 7月 12 04:23:09.790699 macbookair2015 kernel: pxa2xx_spi_pci 0000:00:15.4: PM: calling pci_pm_resume_early @ 81852, parent: pci0000:00
 7月 12 04:23:09.791260 macbookair2015 kernel: mei_me 0000:00:16.0: PM: calling pci_pm_resume_early @ 82749, parent: pci0000:00
 7月 12 04:23:09.791618 macbookair2015 kernel: snd_hda_intel 0000:00:1b.0: PM: calling pci_pm_resume_early @ 81843, parent: pci0000:00
 7月 12 04:23:09.791969 macbookair2015 kernel: mei_me 0000:00:16.0: PM: pci_pm_resume_early returned 0 after 0 usecs
 7月 12 04:23:09.792280 macbookair2015 kernel: snd_hda_intel 0000:00:1b.0: PM: pci_pm_resume_early returned 0 after 0 usecs
 7月 12 04:23:09.792587 macbookair2015 kernel: pxa2xx_spi_pci 0000:00:15.4: PM: pci_pm_resume_early returned 0 after 0 usecs
 7月 12 04:23:09.792905 macbookair2015 kernel: pcieport 0000:00:1c.0: PM: calling pci_pm_resume_early @ 82749, parent: pci0000:00
 7月 12 04:23:09.793218 macbookair2015 kernel: pcieport 0000:00:1c.1: PM: calling pci_pm_resume_early @ 81852, parent: pci0000:00
 7月 12 04:23:09.793536 macbookair2015 kernel: pcieport 0000:00:1c.2: PM: calling pci_pm_resume_early @ 81843, parent: pci0000:00
 7月 12 04:23:09.793844 macbookair2015 kernel: pcieport 0000:00:1c.1: PM: pci_pm_resume_early returned 0 after 0 usecs
 7月 12 04:23:09.794151 macbookair2015 kernel: pcieport 0000:00:1c.0: PM: pci_pm_resume_early returned 0 after 0 usecs
 7月 12 04:23:09.795199 macbookair2015 kernel: pcieport 0000:00:1c.2: PM: pci_pm_resume_early returned 0 after 0 usecs
 7月 12 04:23:09.795533 macbookair2015 kernel: pcieport 0000:00:1c.4: PM: calling pci_pm_resume_early @ 82749, parent: pci0000:00
 7月 12 04:23:09.795887 macbookair2015 kernel: pcieport 0000:00:1c.5: PM: calling pci_pm_resume_early @ 81852, parent: pci0000:00
 7月 12 04:23:09.796206 macbookair2015 kernel: lpc_ich 0000:00:1f.0: PM: calling pci_pm_resume_early @ 81843, parent: pci0000:00
 7月 12 04:23:09.796518 macbookair2015 kernel: pcieport 0000:00:1c.5: PM: pci_pm_resume_early returned 0 after 0 usecs
 7月 12 04:23:09.796821 macbookair2015 kernel: pcieport 0000:00:1c.4: PM: pci_pm_resume_early returned 0 after 0 usecs
 7月 12 04:23:09.797124 macbookair2015 kernel: lpc_ich 0000:00:1f.0: PM: pci_pm_resume_early returned 0 after 0 usecs
 7月 12 04:23:09.797425 macbookair2015 kernel: i801_smbus 0000:00:1f.3: PM: calling pci_pm_resume_early @ 81852, parent: pci0000:00
 7月 12 04:23:09.797733 macbookair2015 kernel: intel_pch_thermal 0000:00:1f.6: PM: calling pci_pm_resume_early @ 82749, parent: pci0000:00
 7月 12 04:23:09.798036 macbookair2015 kernel: pci 0000:02:00.0: PM: calling pci_pm_resume_early @ 81843, parent: 0000:00:1c.1
 7月 12 04:23:09.798352 macbookair2015 kernel: intel_pch_thermal 0000:00:1f.6: PM: pci_pm_resume_early returned 0 after 0 usecs
 7月 12 04:23:09.798666 macbookair2015 kernel: i801_smbus 0000:00:1f.3: PM: pci_pm_resume_early returned 0 after 0 usecs
 7月 12 04:23:09.798974 macbookair2015 kernel: pci 0000:02:00.0: PM: pci_pm_resume_early returned 0 after 0 usecs
 7月 12 04:23:09.799292 macbookair2015 kernel: pcieport 0000:05:00.0: PM: calling pci_pm_resume_early @ 82749, parent: 0000:00:1c.4
 7月 12 04:23:09.799629 macbookair2015 kernel: wl 0000:03:00.0: PM: calling pci_pm_resume_early @ 81852, parent: 0000:00:1c.2
 7月 12 04:23:09.799938 macbookair2015 kernel: ac ACPI0003:00: PM: calling acpi_subsys_resume_early @ 84906, parent: platform
 7月 12 04:23:09.800228 macbookair2015 kernel: wl 0000:03:00.0: PM: pci_pm_resume_early returned 0 after 0 usecs
 7月 12 04:23:09.800528 macbookair2015 kernel: pcieport 0000:05:00.0: PM: pci_pm_resume_early returned 0 after 0 usecs
 7月 12 04:23:09.800834 macbookair2015 kernel: ac ACPI0003:00: PM: acpi_subsys_resume_early returned 0 after 0 usecs
 7月 12 04:23:09.801119 macbookair2015 kernel: ahci 0000:04:00.0: PM: calling pci_pm_resume_early @ 82749, parent: 0000:00:1c.5
 7月 12 04:23:09.801433 macbookair2015 kernel: pcieport 0000:06:00.0: PM: calling pci_pm_resume_early @ 81843, parent: 0000:05:00.0
 7月 12 04:23:09.801765 macbookair2015 kernel: ahci 0000:04:00.0: PM: pci_pm_resume_early returned 0 after 0 usecs
 7月 12 04:23:09.802079 macbookair2015 kernel: pcieport 0000:06:00.0: PM: pci_pm_resume_early returned 0 after 0 usecs
 7月 12 04:23:09.803684 macbookair2015 kernel: thunderbolt 0000:07:00.0: PM: calling pci_pm_resume_early @ 81852, parent: 0000:06:00.0
 7月 12 04:23:09.804204 macbookair2015 kernel: thunderbolt 0000:07:00.0: PM: pci_pm_resume_early returned 0 after 0 usecs
 7月 12 04:23:09.804979 macbookair2015 kernel: pcieport 0000:06:03.0: PM: calling pci_pm_resume_early @ 81852, parent: 0000:05:00.0
 7月 12 04:23:09.805430 macbookair2015 kernel: pcieport 0000:06:04.0: PM: calling pci_pm_resume_early @ 82749, parent: 0000:05:00.0
 7月 12 04:23:09.805869 macbookair2015 kernel: pcieport 0000:06:05.0: PM: calling pci_pm_resume_early @ 81843, parent: 0000:05:00.0
 7月 12 04:23:09.806340 macbookair2015 kernel: pcieport 0000:06:03.0: PM: pci_pm_resume_early returned 0 after 0 usecs
 7月 12 04:23:09.806746 macbookair2015 kernel: pcieport 0000:06:04.0: PM: pci_pm_resume_early returned 0 after 0 usecs
 7月 12 04:23:09.807650 macbookair2015 kernel: pcieport 0000:06:05.0: PM: pci_pm_resume_early returned 0 after 0 usecs
 7月 12 04:23:09.808083 macbookair2015 kernel: pcieport 0000:06:06.0: PM: calling pci_pm_resume_early @ 81852, parent: 0000:05:00.0
 7月 12 04:23:09.808505 macbookair2015 kernel: pcieport 0000:06:06.0: PM: pci_pm_resume_early returned 0 after 0 usecs
 7月 12 04:23:09.808897 macbookair2015 kernel: i915 0000:00:02.0: PM: calling pci_pm_resume_early @ 81856, parent: pci0000:00
 7月 12 04:23:09.809185 macbookair2015 kernel: i915 0000:00:02.0: PM: pci_pm_resume_early returned 0 after 125 usecs
 7月 12 04:23:09.809426 macbookair2015 kernel: snd_hda_intel 0000:00:03.0: PM: calling pci_pm_resume_early @ 82749, parent: pci0000:00
 7月 12 04:23:09.809715 macbookair2015 kernel: snd_hda_intel 0000:00:03.0: PM: pci_pm_resume_early returned 0 after 0 usecs
 7月 12 04:23:09.810071 macbookair2015 kernel: PM: early resume of devices complete after 0.603 msecs
 7月 12 04:23:09.810106 macbookair2015 kernel: reg-dummy reg-dummy: PM: calling platform_pm_resume @ 84906, parent: platform
 7月 12 04:23:09.810554 macbookair2015 kernel: xhci_hcd 0000:00:14.0: PM: calling pci_pm_resume @ 81843, parent: pci0000:00
 7月 12 04:23:09.811114 macbookair2015 kernel: bdw_uncore 0000:00:00.0: PM: calling pci_pm_resume @ 81856, parent: pci0000:00
 7月 12 04:23:09.811543 macbookair2015 kernel: dw_dmac_pci 0000:00:15.0: PM: calling pci_pm_resume @ 82749, parent: pci0000:00
 7月 12 04:23:09.812051 macbookair2015 kernel: reg-dummy reg-dummy: PM: platform_pm_resume returned 0 after 0 usecs
 7月 12 04:23:09.812421 macbookair2015 kernel: dw_dmac_pci 0000:00:15.0: PM: pci_pm_resume returned 0 after 1 usecs
 7月 12 04:23:09.812794 macbookair2015 kernel: bdw_uncore 0000:00:00.0: PM: pci_pm_resume returned 0 after 1 usecs
 7月 12 04:23:09.813158 macbookair2015 kernel: regulator regulator.0: PM: calling regulator_resume @ 84906, parent: reg-dummy
 7月 12 04:23:09.813480 macbookair2015 kernel: pxa2xx_spi_pci 0000:00:15.4: PM: calling pci_pm_resume @ 81856, parent: pci0000:00
 7月 12 04:23:09.813851 macbookair2015 kernel: mei_me 0000:00:16.0: PM: calling pci_pm_resume @ 82749, parent: pci0000:00
 7月 12 04:23:09.814218 macbookair2015 kernel: regulator regulator.0: PM: regulator_resume returned 0 after 0 usecs
 7月 12 04:23:09.814530 macbookair2015 kernel: pxa2xx_spi_pci 0000:00:15.4: PM: pci_pm_resume returned 0 after 9 usecs
 7月 12 04:23:09.814888 macbookair2015 kernel: ec PNP0C09:00: PM: calling acpi_ec_resume @ 84906, parent: device:0c
 7月 12 04:23:09.815279 macbookair2015 kernel: snd_hda_intel 0000:00:1b.0: PM: calling pci_pm_resume @ 81856, parent: pci0000:00
 7月 12 04:23:09.816232 macbookair2015 kernel: ec PNP0C09:00: PM: acpi_ec_resume returned 0 after 14 usecs
 7月 12 04:23:09.816823 macbookair2015 kernel: sbs ACPI0002:00: PM: calling acpi_sbs_resume [sbs] @ 84906, parent: ACPI0001:00
 7月 12 04:23:09.817226 macbookair2015 kernel: sbs ACPI0002:00: PM: acpi_sbs_resume [sbs] returned 0 after 0 usecs
 7月 12 04:23:09.817605 macbookair2015 kernel: xhci_hcd 0000:00:14.0: PM: pci_pm_resume returned 0 after 96 usecs
 7月 12 04:23:09.817990 macbookair2015 kernel: button PNP0C0D:00: PM: calling acpi_button_resume [button] @ 84906, parent: LNXSYBUS:00
 7月 12 04:23:09.818366 macbookair2015 kernel: pcieport 0000:00:1c.0: PM: calling pci_pm_resume @ 81852, parent: pci0000:00
 7月 12 04:23:09.818745 macbookair2015 kernel: pcieport 0000:00:1c.1: PM: calling pci_pm_resume @ 81878, parent: pci0000:00
 7月 12 04:23:09.819112 macbookair2015 kernel: pcieport 0000:00:1c.1: PM: pci_pm_resume returned 0 after 3 usecs
 7月 12 04:23:09.819451 macbookair2015 kernel: pcieport 0000:00:1c.4: PM: calling pci_pm_resume @ 81878, parent: pci0000:00
 7月 12 04:23:09.820170 macbookair2015 kernel: pcieport 0000:00:1c.2: PM: calling pci_pm_resume @ 81848, parent: pci0000:00
 7月 12 04:23:09.820607 macbookair2015 kernel: pcieport 0000:00:1c.4: PM: pci_pm_resume returned 0 after 1 usecs
 7月 12 04:23:09.821059 macbookair2015 kernel: pcieport 0000:00:1c.5: PM: calling pci_pm_resume @ 84283, parent: pci0000:00
 7月 12 04:23:09.821522 macbookair2015 kernel: lpc_ich 0000:00:1f.0: PM: calling pci_pm_resume @ 81878, parent: pci0000:00
 7月 12 04:23:09.822019 macbookair2015 kernel: pcieport 0000:00:1c.5: PM: pci_pm_resume returned 0 after 1 usecs
 7月 12 04:23:09.822275 macbookair2015 kernel: lpc_ich 0000:00:1f.0: PM: pci_pm_resume returned 0 after 0 usecs
 7月 12 04:23:09.822500 macbookair2015 kernel: i801_smbus 0000:00:1f.3: PM: calling pci_pm_resume @ 84283, parent: pci0000:00
 7月 12 04:23:09.822731 macbookair2015 kernel: intel_pch_thermal 0000:00:1f.6: PM: calling pci_pm_resume @ 81878, parent: pci0000:00
 7月 12 04:23:09.822964 macbookair2015 kernel: intel_pch_thermal 0000:00:1f.6: PM: pci_pm_resume returned 0 after 0 usecs
 7月 12 04:23:09.823187 macbookair2015 kernel: pci 0000:02:00.0: PM: calling pci_pm_resume @ 81869, parent: 0000:00:1c.1
 7月 12 04:23:09.823422 macbookair2015 kernel: pci 0000:02:00.0: PM: pci_pm_resume returned 0 after 0 usecs
 7月 12 04:23:09.823703 macbookair2015 kernel: pcieport 0000:05:00.0: PM: calling pci_pm_resume @ 81869, parent: 0000:00:1c.4
 7月 12 04:23:09.824087 macbookair2015 kernel: pcieport 0000:05:00.0: PM: pci_pm_resume returned 0 after 1 usecs
 7月 12 04:23:09.824466 macbookair2015 kernel: pcieport 0000:06:00.0: PM: calling pci_pm_resume @ 81869, parent: 0000:05:00.0
 7月 12 04:23:09.824874 macbookair2015 kernel: i915 0000:00:02.0: PM: calling pci_pm_resume @ 81857, parent: pci0000:00
 7月 12 04:23:09.825232 macbookair2015 kernel: pcieport 0000:06:00.0: PM: pci_pm_resume returned 0 after 4 usecs
 7月 12 04:23:09.825611 macbookair2015 kernel: thunderbolt 0000:07:00.0: PM: calling pci_pm_resume @ 81869, parent: 0000:06:00.0
 7月 12 04:23:09.825997 macbookair2015 kernel: pcieport 0000:00:1c.2: Enabling MPC IRBNCE
 7月 12 04:23:09.826382 macbookair2015 kernel: pcieport 0000:00:1c.2: Intel PCH root port ACS workaround enabled
 7月 12 04:23:09.826754 macbookair2015 kernel: pcieport 0000:00:1c.0: PM: pci_pm_resume returned 0 after 135 usecs
 7月 12 04:23:09.827118 macbookair2015 kernel: ahci 0000:04:00.0: PM: calling pci_pm_resume @ 81852, parent: 0000:00:1c.5
 7月 12 04:23:09.827509 macbookair2015 kernel: pcieport 0000:00:1c.2: PM: pci_pm_resume returned 0 after 111 usecs
 7月 12 04:23:09.827917 macbookair2015 kernel: i801_smbus 0000:00:1f.3: PM: pci_pm_resume returned 0 after 107 usecs
 7月 12 04:23:09.828301 macbookair2015 kernel: thunderbolt 0000:07:00.0: PM: pci_pm_resume returned 0 after 79 usecs
 7月 12 04:23:09.828695 macbookair2015 kernel: usb usb1: PM: calling usb_dev_resume [usbcore] @ 81848, parent: 0000:00:14.0
 7月 12 04:23:09.829091 macbookair2015 kernel: wl 0000:03:00.0: PM: calling pci_pm_resume @ 81878, parent: 0000:00:1c.2
 7月 12 04:23:09.829489 macbookair2015 kernel: usb usb2: PM: calling usb_dev_resume [usbcore] @ 81860, parent: 0000:00:14.0
 7月 12 04:23:09.829875 macbookair2015 kernel: pcieport 0000:06:03.0: PM: calling pci_pm_resume @ 81846, parent: 0000:05:00.0
 7月 12 04:23:09.830288 macbookair2015 kernel: pcieport 0000:06:04.0: PM: calling pci_pm_resume @ 81873, parent: 0000:05:00.0
 7月 12 04:23:09.830687 macbookair2015 kernel: pcieport 0000:06:03.0: PM: pci_pm_resume returned 0 after 12 usecs
 7月 12 04:23:09.831059 macbookair2015 kernel: pcieport 0000:06:05.0: PM: calling pci_pm_resume @ 81854, parent: 0000:05:00.0
 7月 12 04:23:09.831450 macbookair2015 kernel: pcieport 0000:06:04.0: PM: pci_pm_resume returned 0 after 10 usecs
 7月 12 04:23:09.832019 macbookair2015 kernel: pcieport 0000:06:06.0: PM: calling pci_pm_resume @ 81846, parent: 0000:05:00.0
 7月 12 04:23:09.832425 macbookair2015 kernel: pcieport 0000:06:05.0: PM: pci_pm_resume returned 0 after 9 usecs
 7月 12 04:23:09.832819 macbookair2015 kernel: pcieport 0000:06:06.0: PM: pci_pm_resume returned 0 after 8 usecs
 7月 12 04:23:09.833193 macbookair2015 kernel: snd_hda_intel 0000:00:1b.0: PM: pci_pm_resume returned 0 after 3350 usecs
 7月 12 04:23:09.833970 macbookair2015 kernel: ahci 0000:04:00.0: PM: pci_pm_resume returned 0 after 20137 usecs
 7月 12 04:23:09.834378 macbookair2015 kernel:  ata1: PM: calling ata_port_pm_resume [libata] @ 81873, parent: 0000:04:00.0
 7月 12 04:23:09.834429 macbookair2015 kernel:  ata1: PM: ata_port_pm_resume [libata] returned 0 after 3 usecs
 7月 12 04:23:09.834478 macbookair2015 kernel: scsi host0: PM: calling scsi_bus_resume [scsi_mod] @ 81854, parent: ata1
 7月 12 04:23:09.834848 macbookair2015 kernel: scsi host0: PM: scsi_bus_resume [scsi_mod] returned 0 after 0 usecs
 7月 12 04:23:09.835186 macbookair2015 kernel: scsi target0:0:0: PM: calling scsi_bus_resume [scsi_mod] @ 81879, parent: host0
 7月 12 04:23:09.835536 macbookair2015 kernel: scsi target0:0:0: PM: scsi_bus_resume [scsi_mod] returned 0 after 0 usecs
 7月 12 04:23:09.835931 macbookair2015 kernel: sd 0:0:0:0: PM: calling scsi_bus_resume [scsi_mod] @ 81846, parent: target0:0:0
 7月 12 04:23:09.836303 macbookair2015 kernel: sd 0:0:0:0: PM: scsi_bus_resume [scsi_mod] returned 0 after 1 usecs
 7月 12 04:23:09.836673 macbookair2015 kernel: usb usb2: PM: usb_dev_resume [usbcore] returned 0 after 21742 usecs
 7月 12 04:23:09.837054 macbookair2015 kernel: wl 0000:03:00.0: PM: pci_pm_resume returned 0 after 22329 usecs
 7月 12 04:23:09.837460 macbookair2015 kernel: ieee80211 phy0: PM: calling wiphy_resume [cfg80211] @ 81862, parent: 0000:03:00.0
 7月 12 04:23:09.837813 macbookair2015 kernel: mei_me 0000:00:16.0: PM: pci_pm_resume returned 0 after 23545 usecs
 7月 12 04:23:09.838212 macbookair2015 kernel: ieee80211 phy0: PM: wiphy_resume [cfg80211] returned 0 after 87 usecs
 7月 12 04:23:09.838568 macbookair2015 kernel: button PNP0C0D:00: PM: acpi_button_resume [button] returned 0 after 24871 usecs
 7月 12 04:23:09.838954 macbookair2015 kernel: button PNP0C0C:00: PM: calling acpi_button_resume [button] @ 84906, parent: LNXSYBUS:00
 7月 12 04:23:09.839339 macbookair2015 kernel: button PNP0C0C:00: PM: acpi_button_resume [button] returned 0 after 9 usecs
 7月 12 04:23:09.839736 macbookair2015 kernel: button PNP0C0E:00: PM: calling acpi_button_resume [button] @ 84906, parent: LNXSYBUS:00
 7月 12 04:23:09.840122 macbookair2015 kernel: button PNP0C0E:00: PM: acpi_button_resume [button] returned 0 after 0 usecs
 7月 12 04:23:09.840503 macbookair2015 kernel: platform acpi-cpufreq: PM: calling platform_pm_resume @ 84906, parent: platform
 7月 12 04:23:09.840842 macbookair2015 kernel: platform acpi-cpufreq: PM: platform_pm_resume returned 0 after 0 usecs
 7月 12 04:23:09.841178 macbookair2015 kernel: platform INT0800:00: PM: calling platform_pm_resume @ 84906, parent: 0000:00:1f.0
 7月 12 04:23:09.841529 macbookair2015 kernel: platform INT0800:00: PM: platform_pm_resume returned 0 after 0 usecs
 7月 12 04:23:09.841907 macbookair2015 kernel: platform PNP0C04:00: PM: calling platform_pm_resume @ 84906, parent: 0000:00:1f.0
 7月 12 04:23:09.842279 macbookair2015 kernel: platform PNP0C04:00: PM: platform_pm_resume returned 0 after 0 usecs
 7月 12 04:23:09.842626 macbookair2015 kernel: platform APP0001:00: PM: calling platform_pm_resume @ 84906, parent: 0000:00:1f.0
 7月 12 04:23:09.842999 macbookair2015 kernel: platform APP0001:00: PM: platform_pm_resume returned 0 after 0 usecs
 7月 12 04:23:09.843249 macbookair2015 kernel: platform ACPI0008:00: PM: calling platform_pm_resume @ 84906, parent: 0000:00:1f.0
 7月 12 04:23:09.843481 macbookair2015 kernel: platform ACPI0008:00: PM: platform_pm_resume returned 0 after 0 usecs
 7月 12 04:23:09.843744 macbookair2015 kernel: platform PNP0C09:00: PM: calling platform_pm_resume @ 84906, parent: 0000:00:1f.0
 7月 12 04:23:09.844016 macbookair2015 kernel: platform PNP0C09:00: PM: platform_pm_resume returned 0 after 0 usecs
 7月 12 04:23:09.844365 macbookair2015 kernel: platform ACPI0001:00: PM: calling platform_pm_resume @ 84906, parent: PNP0C09:00
 7月 12 04:23:09.844745 macbookair2015 kernel: platform ACPI0001:00: PM: platform_pm_resume returned 0 after 0 usecs
 7月 12 04:23:09.845063 macbookair2015 kernel: platform ACPI0002:00: PM: calling platform_pm_resume @ 84906, parent: ACPI0001:00
 7月 12 04:23:09.845460 macbookair2015 kernel: platform ACPI0002:00: PM: platform_pm_resume returned 0 after 0 usecs
 7月 12 04:23:09.845846 macbookair2015 kernel: ac ACPI0003:00: PM: calling acpi_subsys_resume @ 84906, parent: platform
 7月 12 04:23:09.846217 macbookair2015 kernel: ac ACPI0003:00: PM: acpi_subsys_resume returned 0 after 16 usecs
 7月 12 04:23:09.846553 macbookair2015 kernel: platform PNP0C0D:00: PM: calling platform_pm_resume @ 84906, parent: platform
 7月 12 04:23:09.846865 macbookair2015 kernel: platform PNP0C0D:00: PM: platform_pm_resume returned 0 after 0 usecs
 7月 12 04:23:09.847174 macbookair2015 kernel: platform PNP0C0C:00: PM: calling platform_pm_resume @ 84906, parent: platform
 7月 12 04:23:09.847463 macbookair2015 kernel: platform PNP0C0C:00: PM: platform_pm_resume returned 0 after 0 usecs
 7月 12 04:23:09.847839 macbookair2015 kernel: platform APP0002:00: PM: calling platform_pm_resume @ 84906, parent: platform
 7月 12 04:23:09.848216 macbookair2015 kernel: platform APP0002:00: PM: platform_pm_resume returned 0 after 0 usecs
 7月 12 04:23:09.848573 macbookair2015 kernel: platform PNP0C0E:00: PM: calling platform_pm_resume @ 84906, parent: platform
 7月 12 04:23:09.848928 macbookair2015 kernel: platform PNP0C0E:00: PM: platform_pm_resume returned 0 after 0 usecs
 7月 12 04:23:09.849254 macbookair2015 kernel: button LNXPWRBN:00: PM: calling acpi_button_resume [button] @ 84906, parent: LNXSYSTM:00
 7月 12 04:23:09.849631 macbookair2015 kernel: button LNXPWRBN:00: PM: acpi_button_resume [button] returned 0 after 2 usecs
 7月 12 04:23:09.850010 macbookair2015 kernel: platform rtc-efi.0: PM: calling platform_pm_resume @ 84906, parent: platform
 7月 12 04:23:09.850316 macbookair2015 kernel: platform rtc-efi.0: PM: platform_pm_resume returned 0 after 0 usecs
 7月 12 04:23:09.850563 macbookair2015 kernel: platform efivars.0: PM: calling platform_pm_resume @ 84906, parent: platform
 7月 12 04:23:09.850843 macbookair2015 kernel: platform efivars.0: PM: platform_pm_resume returned 0 after 0 usecs
 7月 12 04:23:09.851115 macbookair2015 kernel: system 00:00: PM: calling pnp_bus_resume @ 84906, parent: pnp0
 7月 12 04:23:09.851344 macbookair2015 kernel: system 00:00: PM: pnp_bus_resume returned 0 after 0 usecs
 7月 12 04:23:09.851555 macbookair2015 kernel: system 00:01: PM: calling pnp_bus_resume @ 84906, parent: pnp0
 7月 12 04:23:09.851893 macbookair2015 kernel: system 00:01: PM: pnp_bus_resume returned 0 after 0 usecs
 7月 12 04:23:09.852101 macbookair2015 kernel: rtc_cmos 00:02: PM: calling pnp_bus_resume @ 84906, parent: pnp0
 7月 12 04:23:09.852334 macbookair2015 kernel: rtc_cmos 00:02: PM: pnp_bus_resume returned 0 after 0 usecs
 7月 12 04:23:09.852535 macbookair2015 kernel: system 00:03: PM: calling pnp_bus_resume @ 84906, parent: pnp0
 7月 12 04:23:09.852784 macbookair2015 kernel: system 00:03: PM: pnp_bus_resume returned 0 after 0 usecs
 7月 12 04:23:09.853029 macbookair2015 kernel: system 00:04: PM: calling pnp_bus_resume @ 84906, parent: pnp0
 7月 12 04:23:09.853238 macbookair2015 kernel: system 00:04: PM: pnp_bus_resume returned 0 after 0 usecs
 7月 12 04:23:09.853431 macbookair2015 kernel: pcspkr pcspkr: PM: calling platform_pm_resume @ 84906, parent: platform
 7月 12 04:23:09.853703 macbookair2015 kernel: pcspkr pcspkr: PM: platform_pm_resume returned 0 after 0 usecs
 7月 12 04:23:09.853967 macbookair2015 kernel: serial8250 serial8250: PM: calling platform_pm_resume @ 84906, parent: platform
 7月 12 04:23:09.854241 macbookair2015 kernel: serial8250 serial8250: PM: platform_pm_resume returned 0 after 0 usecs
 7月 12 04:23:09.854591 macbookair2015 kernel: port serial8250:0.0: PM: calling pm_runtime_force_resume @ 84906, parent: serial8250:0
 7月 12 04:23:09.854954 macbookair2015 kernel: port serial8250:0.0: PM: pm_runtime_force_resume returned 0 after 0 usecs
 7月 12 04:23:09.855292 macbookair2015 kernel: port serial8250:0.1: PM: calling pm_runtime_force_resume @ 84906, parent: serial8250:0
 7月 12 04:23:09.855661 macbookair2015 kernel: port serial8250:0.1: PM: pm_runtime_force_resume returned 0 after 0 usecs
 7月 12 04:23:09.856010 macbookair2015 kernel: port serial8250:0.2: PM: calling pm_runtime_force_resume @ 84906, parent: serial8250:0
 7月 12 04:23:09.856325 macbookair2015 kernel: port serial8250:0.2: PM: pm_runtime_force_resume returned 0 after 0 usecs
 7月 12 04:23:09.856593 macbookair2015 kernel: port serial8250:0.3: PM: calling pm_runtime_force_resume @ 84906, parent: serial8250:0
 7月 12 04:23:09.856919 macbookair2015 kernel: port serial8250:0.3: PM: pm_runtime_force_resume returned 0 after 0 usecs
 7月 12 04:23:09.857257 macbookair2015 kernel: rtc rtc0: PM: calling rtc_resume @ 84906, parent: 00:02
 7月 12 04:23:09.857542 macbookair2015 kernel: rtc rtc0: PM: rtc_resume returned 0 after 0 usecs
 7月 12 04:23:09.857802 macbookair2015 kernel: alarmtimer alarmtimer.0.auto: PM: calling platform_pm_resume @ 84906, parent: rtc0
 7月 12 04:23:09.858167 macbookair2015 kernel: alarmtimer alarmtimer.0.auto: PM: platform_pm_resume returned 0 after 0 usecs
 7月 12 04:23:09.858435 macbookair2015 kernel: platform microcode: PM: calling platform_pm_resume @ 84906, parent: platform
 7月 12 04:23:09.858664 macbookair2015 kernel: platform microcode: PM: platform_pm_resume returned 0 after 0 usecs
 7月 12 04:23:09.858892 macbookair2015 kernel: input input0: PM: calling input_dev_resume @ 84906, parent: PNP0C0D:00
 7月 12 04:23:09.859157 macbookair2015 kernel: input input0: PM: input_dev_resume returned 0 after 0 usecs
 7月 12 04:23:09.859407 macbookair2015 kernel: input input1: PM: calling input_dev_resume @ 84906, parent: PNP0C0C:00
 7月 12 04:23:09.859982 macbookair2015 kernel: input input1: PM: input_dev_resume returned 0 after 0 usecs
 7月 12 04:23:09.860419 macbookair2015 kernel: input input2: PM: calling input_dev_resume @ 84906, parent: PNP0C0E:00
 7月 12 04:23:09.860843 macbookair2015 kernel: input input2: PM: input_dev_resume returned 0 after 0 usecs
 7月 12 04:23:09.861205 macbookair2015 kernel: input input3: PM: calling input_dev_resume @ 84906, parent: LNXPWRBN:00
 7月 12 04:23:09.861470 macbookair2015 kernel: input input3: PM: input_dev_resume returned 0 after 0 usecs
 7月 12 04:23:09.861800 macbookair2015 kernel: platform iTCO_wdt.1.auto: PM: calling platform_pm_resume @ 84906, parent: 0000:00:1f.0
 7月 12 04:23:09.862125 macbookair2015 kernel: platform iTCO_wdt.1.auto: PM: platform_pm_resume returned 0 after 0 usecs
 7月 12 04:23:09.862500 macbookair2015 kernel: platform intel-spi: PM: calling platform_pm_resume @ 84906, parent: 0000:00:1f.0
 7月 12 04:23:09.862881 macbookair2015 kernel: platform intel-spi: PM: platform_pm_resume returned 0 after 0 usecs
 7月 12 04:23:09.863266 macbookair2015 kernel: usb usb1: PM: usb_dev_resume [usbcore] returned 0 after 54083 usecs
 7月 12 04:23:09.863688 macbookair2015 kernel: usb 1-5: PM: calling usb_dev_resume [usbcore] @ 82747, parent: usb1
 7月 12 04:23:09.864053 macbookair2015 kernel: usb 1-3: PM: calling usb_dev_resume [usbcore] @ 79946, parent: usb1
 7月 12 04:23:09.864363 macbookair2015 kernel: usb 1-3: PM: usb_dev_resume [usbcore] returned 0 after 13086 usecs
 7月 12 04:23:09.864780 macbookair2015 kernel: usb 1-3.3: PM: calling usb_dev_resume [usbcore] @ 81845, parent: 1-3
 7月 12 04:23:09.865205 macbookair2015 kernel: usb 1-3.3: PM: usb_dev_resume [usbcore] returned 0 after 15626 usecs
 7月 12 04:23:09.865603 macbookair2015 kernel: usb 1-5: PM: usb_dev_resume [usbcore] returned 0 after 101106 usecs
 7月 12 04:23:09.865979 macbookair2015 kernel: input input4: PM: calling input_dev_resume @ 84906, parent: 0003:05AC:0290.0002
 7月 12 04:23:09.866413 macbookair2015 kernel: input input4: PM: input_dev_resume returned 0 after 15 usecs
 7月 12 04:23:09.866953 macbookair2015 kernel: leds input4::numlock: PM: calling led_resume @ 84906, parent: input4
 7月 12 04:23:09.867435 macbookair2015 kernel: leds input4::numlock: PM: led_resume returned 0 after 0 usecs
 7月 12 04:23:09.867949 macbookair2015 kernel: leds input4::capslock: PM: calling led_resume @ 84906, parent: input4
 7月 12 04:23:09.868368 macbookair2015 kernel: leds input4::capslock: PM: led_resume returned 0 after 0 usecs
 7月 12 04:23:09.868788 macbookair2015 kernel: leds input4::scrolllock: PM: calling led_resume @ 84906, parent: input4
 7月 12 04:23:09.869137 macbookair2015 kernel: leds input4::scrolllock: PM: led_resume returned 0 after 0 usecs
 7月 12 04:23:09.870055 macbookair2015 kernel: leds input4::compose: PM: calling led_resume @ 84906, parent: input4
 7月 12 04:23:09.870465 macbookair2015 kernel: leds input4::compose: PM: led_resume returned 0 after 0 usecs
 7月 12 04:23:09.870724 macbookair2015 kernel: leds input4::kana: PM: calling led_resume @ 84906, parent: input4
 7月 12 04:23:09.871111 macbookair2015 kernel: leds input4::kana: PM: led_resume returned 0 after 0 usecs
 7月 12 04:23:09.872042 macbookair2015 kernel: input input5: PM: calling input_dev_resume @ 84906, parent: LNXVIDEO:00
 7月 12 04:23:09.872744 macbookair2015 kernel: input input5: PM: input_dev_resume returned 0 after 0 usecs
 7月 12 04:23:09.873652 macbookair2015 kernel: ata1: SATA link up 6.0 Gbps (SStatus 133 SControl 300)
 7月 12 04:23:09.873801 macbookair2015 kernel: ata1.00: LPM support broken, forcing max_power
 7月 12 04:23:09.873952 macbookair2015 kernel: ata1.00: unexpected _GTF length (8)
 7月 12 04:23:09.874063 macbookair2015 kernel: sd 0:0:0:0: [sda] Starting disk
 7月 12 04:23:09.874774 macbookair2015 kernel: ata1.00: LPM support broken, forcing max_power
 7月 12 04:23:09.874868 macbookair2015 kernel: ata1.00: unexpected _GTF length (8)
 7月 12 04:23:09.875010 macbookair2015 kernel: ata1.00: configured for UDMA/133
 7月 12 04:23:09.875158 macbookair2015 kernel: i915 0000:00:02.0: PM: pci_pm_resume returned 0 after 444951 usecs
 7月 12 04:23:09.876062 macbookair2015 kernel: snd_hda_intel 0000:00:03.0: PM: calling pci_pm_resume @ 82745, parent: pci0000:00
 7月 12 04:23:09.876736 macbookair2015 kernel: backlight acpi_video0: PM: calling backlight_resume @ 84906, parent: 0000:00:02.0
 7月 12 04:23:09.877575 macbookair2015 kernel: backlight acpi_video0: PM: backlight_resume returned 0 after 0 usecs
 7月 12 04:23:09.878389 macbookair2015 kernel: input input6: PM: calling input_dev_resume @ 84906, parent: 1-5:1.2
 7月 12 04:23:09.879273 macbookair2015 kernel: input input6: PM: input_dev_resume returned 0 after 0 usecs
 7月 12 04:23:09.880502 macbookair2015 kernel: input input7: PM: calling input_dev_resume @ 84906, parent: pcspkr
 7月 12 04:23:09.881247 macbookair2015 kernel: input input7: PM: input_dev_resume returned 0 after 9 usecs
 7月 12 04:23:09.881566 macbookair2015 kernel: applesmc applesmc.768: PM: calling platform_pm_resume @ 84906, parent: platform
 7月 12 04:23:09.881885 macbookair2015 kernel: applesmc applesmc.768: PM: platform_pm_resume returned 0 after 299 usecs
 7月 12 04:23:09.882211 macbookair2015 kernel: platform regulatory.0: PM: calling platform_pm_resume @ 84906, parent: platform
 7月 12 04:23:09.882554 macbookair2015 kernel: platform regulatory.0: PM: platform_pm_resume returned 0 after 0 usecs
 7月 12 04:23:09.882937 macbookair2015 kernel: leds smc::kbd_backlight: PM: calling led_resume @ 84906, parent: applesmc.768
 7月 12 04:23:09.883326 macbookair2015 kernel: leds smc::kbd_backlight: PM: led_resume returned 0 after 0 usecs
 7月 12 04:23:09.883655 macbookair2015 kernel: snd_hda_intel 0000:00:03.0: PM: pci_pm_resume returned 0 after 2326 usecs
 7月 12 04:23:09.883970 macbookair2015 kernel: input input8: PM: calling input_dev_resume @ 84906, parent: card0
 7月 12 04:23:09.884271 macbookair2015 kernel: input input8: PM: input_dev_resume returned 0 after 0 usecs
 7月 12 04:23:09.884525 macbookair2015 kernel: input input9: PM: calling input_dev_resume @ 84906, parent: card0
 7月 12 04:23:09.884756 macbookair2015 kernel: input input9: PM: input_dev_resume returned 0 after 0 usecs
 7月 12 04:23:09.884984 macbookair2015 kernel: input input10: PM: calling input_dev_resume @ 84906, parent: card0
 7月 12 04:23:09.885222 macbookair2015 kernel: input input10: PM: input_dev_resume returned 0 after 0 usecs
 7月 12 04:23:09.885450 macbookair2015 kernel: input input11: PM: calling input_dev_resume @ 84906, parent: card1
 7月 12 04:23:09.885691 macbookair2015 kernel: input input11: PM: input_dev_resume returned 0 after 0 usecs
 7月 12 04:23:09.885919 macbookair2015 kernel: input input12: PM: calling input_dev_resume @ 84906, parent: card1
 7月 12 04:23:09.886172 macbookair2015 kernel: input input12: PM: input_dev_resume returned 0 after 0 usecs
 7月 12 04:23:09.886449 macbookair2015 kernel: platform coretemp.0: PM: calling platform_pm_resume @ 84906, parent: platform
 7月 12 04:23:09.886761 macbookair2015 kernel: platform coretemp.0: PM: platform_pm_resume returned 0 after 0 usecs
 7月 12 04:23:09.887006 macbookair2015 kernel: rfkill rfkill0: PM: calling rfkill_resume [rfkill] @ 84906, parent: phy0
 7月 12 04:23:09.887275 macbookair2015 kernel: rfkill rfkill0: PM: rfkill_resume [rfkill] returned 0 after 5 usecs
 7月 12 04:23:09.887508 macbookair2015 kernel: intel_rapl_msr intel_rapl_msr.0: PM: calling platform_pm_resume @ 84906, parent: platform
 7月 12 04:23:09.887784 macbookair2015 kernel: intel_rapl_msr intel_rapl_msr.0: PM: platform_pm_resume returned 0 after 0 usecs
 7月 12 04:23:09.888028 macbookair2015 kernel: rfkill rfkill1: PM: calling rfkill_resume [rfkill] @ 84906, parent: hci0
 7月 12 04:23:09.888376 macbookair2015 kernel: rfkill rfkill1: PM: rfkill_resume [rfkill] returned 0 after 2 usecs
 7月 12 04:23:09.888730 macbookair2015 kernel: input input15: PM: calling input_dev_resume @ 84906, parent: none
 7月 12 04:23:09.889208 macbookair2015 kernel: input input15: PM: input_dev_resume returned 0 after 0 usecs
 7月 12 04:23:09.889738 macbookair2015 kernel: PM: resume of devices complete after 447.829 msecs
 7月 12 04:23:09.889784 macbookair2015 kernel: OOM killer enabled.
 7月 12 04:23:09.889821 macbookair2015 kernel: Restarting tasks ... done.
 7月 12 04:23:09.889852 macbookair2015 kernel: random: crng reseeded on system resumption
 7月 12 04:23:09.889885 macbookair2015 kernel: video LNXVIDEO:00: Restoring backlight state
 7月 12 04:23:09.890237 macbookair2015 kernel: PM: suspend exit
 7月 12 04:23:09.602011 macbookair2015 systemd-logind[768]: Lid opened.
 7月 12 04:23:09.608437 macbookair2015 bluetoothd[1713]: Controller resume with wake event 0x0
 7月 12 04:23:09.608937 macbookair2015 systemd-sleep[84906]: System returned from sleep operation 'suspend'.
 7月 12 04:23:09.609757 macbookair2015 gdm3[908]: GLib: Source ID 152 was not found when attempting to remove it
 7月 12 04:23:09.612120 macbookair2015 systemd[1]: Starting fwupd-refresh.service - Refresh fwupd metadata and update motd...
 7月 12 04:23:09.633908 macbookair2015 kbd-backlight-sleep[85204]: post/suspend: restored=0
 7月 12 04:23:09.658155 macbookair2015 snapshot-only[85220]: [POST] bnep_rx=0 bnep_tx=0
 7月 12 04:23:09.699522 macbookair2015 snapshot-only[85234]: [POST] kbnepd_session=NOT FOUND
 7月 12 04:23:09.719844 macbookair2015 snapshot-only[85249]: [POST] bnep_netdev=MISSING
 7月 12 04:23:09.734102 macbookair2015 snapshot-only[85267]: [POST] xfrm_state=0 xfrm_policy=0
 7月 12 04:23:09.774747 macbookair2015 snapshot-only[85290]: [POST] ping_running=NO
 7月 12 04:23:09.806807 macbookair2015 snapshot-only[85302]: [POST] wl_loaded=YES cfg80211_loaded=YES wlp3s0_present=YES
 7月 12 04:23:09.902658 macbookair2015 systemd[1]: fwupd-refresh.service: Deactivated successfully.
 7月 12 04:23:09.903017 macbookair2015 systemd[1]: Finished fwupd-refresh.service - Refresh fwupd metadata and update motd.
 7月 12 04:23:10.015054 macbookair2015 70-h4-probe[85469]: phase=post target=suspend mode=beta file=/var/log/h4-probe/1783797789.post
 7月 12 04:23:10.344973 macbookair2015 systemd[1]: user.slice: Unit now thawed.
 7月 12 04:23:10.345043 macbookair2015 systemd[1]: user-1000.slice: Unit now thawed.
 7月 12 04:23:10.345058 macbookair2015 systemd-sleep[84906]: Successfully thawed unit 'user.slice'.
 7月 12 04:23:10.345079 macbookair2015 systemd[1]: user@1000.service: Unit now thawed.
 7月 12 04:23:10.345111 macbookair2015 systemd[1]: session-6.scope: Unit now thawed.
 7月 12 04:23:10.349344 macbookair2015 systemd[1]: systemd-suspend.service: Deactivated successfully.
 7月 12 04:23:10.349709 macbookair2015 systemd[1]: Finished systemd-suspend.service - System Suspend.
 7月 12 04:23:10.351422 macbookair2015 systemd[1]: Stopped target sleep.target - Sleep.
 7月 12 04:23:10.351826 macbookair2015 systemd[1]: Reached target suspend.target - Suspend.
 7月 12 04:23:10.354376 macbookair2015 systemd-logind[768]: Operation 'suspend' finished.
 7月 12 04:23:10.357560 macbookair2015 NetworkManager[827]: <info>  [1783797790.3575] manager: sleep: wake requested (sleeping: yes  enabled: yes)
 7月 12 04:23:10.358382 macbookair2015 NetworkManager[827]: <info>  [1783797790.3583] device (wlp3s0): state change: unmanaged -> unavailable (reason 'managed', managed-type: 'external')
 7月 12 04:23:10.358527 macbookair2015 systemd[1]: Starting grub-common.service - Record successful boot for GRUB...
 7月 12 04:23:10.358581 macbookair2015 ModemManager[862]: <msg> [sleep-monitor-systemd] system is resuming
 7月 12 04:23:10.359437 macbookair2015 systemd[1]: Stopped target suspend.target - Suspend.
 7月 12 04:23:10.360817 macbookair2015 NetworkManager[827]: <info>  [1783797790.3607] device (CC:60:23:AF:2C:60): state change: unmanaged -> unavailable (reason 'managed', managed-type: 'external')
 7月 12 04:23:10.361102 macbookair2015 NetworkManager[827]: <info>  [1783797790.3610] device (34:42:62:16:03:F6): state change: unmanaged -> unavailable (reason 'managed', managed-type: 'external')
 7月 12 04:23:10.361349 macbookair2015 NetworkManager[827]: <info>  [1783797790.3613] manager: NetworkManager state is now DISCONNECTED
 7月 12 04:23:10.361519 macbookair2015 NetworkManager[827]: <info>  [1783797790.3615] device (CC:60:23:AF:2C:60): state change: unavailable -> disconnected (reason 'none', managed-type: 'full')
 7月 12 04:23:10.361775 macbookair2015 NetworkManager[827]: <info>  [1783797790.3617] device (34:42:62:16:03:F6): state change: unavailable -> disconnected (reason 'none', managed-type: 'full')
 7月 12 04:23:10.469820 macbookair2015 systemd[1]: grub-common.service: Deactivated successfully.
 7月 12 04:23:10.470088 macbookair2015 systemd[1]: Finished grub-common.service - Record successful boot for GRUB.
 7月 12 04:23:11.168893 macbookair2015 gnome-shell[85510]: The XKEYBOARD keymap compiler (xkbcomp) reports:
 7月 12 04:23:11.169612 macbookair2015 gnome-shell[85510]: > Warning:          Unsupported maximum keycode 708, clipping.
 7月 12 04:23:11.169696 macbookair2015 gnome-shell[85510]: >                   X11 cannot support keycodes above 255.
 7月 12 04:23:11.170699 macbookair2015 gnome-shell[85510]: > Warning:          Could not resolve keysym XF86KbdInputAssistPrevgrou
 7月 12 04:23:11.170699 macbookair2015 gnome-shell[85510]: > Warning:          Could not resolve keysym XF86KbdInputAssistNextgrou
 7月 12 04:23:11.171395 macbookair2015 gnome-shell[85510]: Errors from xkbcomp are not fatal to the X server
 7月 12 04:23:14.275780 macbookair2015 gdm-password][85518]: gkr-pam: unlocked login keyring
 7月 12 04:23:14.423666 macbookair2015 ModemManager[862]: <msg> [base-manager] couldn't check support for device '/sys/devices/pci0000:00/0000:00:1c.2/0000:03:00.0': not supported by any plugin
 7月 12 04:23:14.438499 macbookair2015 NetworkManager[827]: <info>  [1783797794.4384] agent-manager: agent[4af8cc15d5f680d2,:1.125/org.gnome.Shell.NetworkAgent/1000]: agent registered
 7月 12 04:23:18.232136 macbookair2015 NetworkManager[827]: <info>  [1783797798.2320] manager: rfkill: Wi-Fi hardware radio set enabled
 7月 12 04:23:18.233362 macbookair2015 NetworkManager[827]: <info>  [1783797798.2333] audit: op="radio-control" arg="wireless-enabled:on" pid=1894 uid=1000 result="success"
 7月 12 04:23:18.237514 macbookair2015 systemd[1]: Starting systemd-rfkill.service - Load/Save RF Kill Switch Status...
 7月 12 04:23:18.242090 macbookair2015 NetworkManager[827]: <info>  [1783797798.2420] manager: rfkill: Wi-Fi now enabled by radio killswitch
 7月 12 04:23:18.274590 macbookair2015 systemd[1]: Started systemd-rfkill.service - Load/Save RF Kill Switch Status.
 7月 12 04:23:18.302490 macbookair2015 wpa_supplicant[829]: dbus: fill_dict_with_properties dbus_interface=fi.w1.wpa_supplicant1.Interface.P2PDevice dbus_property=P2PDeviceConfig getter failed
 7月 12 04:23:18.303284 macbookair2015 NetworkManager[827]: <info>  [1783797798.3032] device (wlp3s0): supplicant interface state: internal-starting -> disconnected
 7月 12 04:23:18.303337 macbookair2015 NetworkManager[827]: <info>  [1783797798.3033] device (wlp3s0): state change: unavailable -> disconnected (reason 'supplicant-available', managed-type: 'full')
 7月 12 04:23:22.143686 macbookair2015 kernel: snd_hda_intel 0000:00:1b.0: ACPI _REG disconnect evaluation failed (5)
 7月 12 04:23:22.167754 macbookair2015 kernel: snd_hda_intel 0000:00:1b.0: power state changed by ACPI to D3hot
 7月 12 04:23:22.430001 macbookair2015 wpa_supplicant[829]: wlp3s0: CTRL-EVENT-REGDOM-CHANGE init=BEACON_HINT type=UNKNOWN
 7月 12 04:23:22.440716 macbookair2015 NetworkManager[827]: <info>  [1783797802.4406] policy: auto-activating connection 'OpenWrt' (efa6ec65-e38a-4bfd-8b7d-298150fd2951)
 7月 12 04:23:22.441286 macbookair2015 NetworkManager[827]: <info>  [1783797802.4412] device (wlp3s0): Activation: starting connection 'OpenWrt' (efa6ec65-e38a-4bfd-8b7d-298150fd2951)
 7月 12 04:23:22.441379 macbookair2015 NetworkManager[827]: <info>  [1783797802.4413] device (wlp3s0): state change: disconnected -> prepare (reason 'none', managed-type: 'full')
 7月 12 04:23:22.441640 macbookair2015 NetworkManager[827]: <info>  [1783797802.4416] manager: NetworkManager state is now CONNECTING
 7月 12 04:23:22.441904 macbookair2015 NetworkManager[827]: <info>  [1783797802.4418] device (wlp3s0): state change: prepare -> config (reason 'none', managed-type: 'full')
 7月 12 04:23:22.442237 macbookair2015 NetworkManager[827]: <info>  [1783797802.4422] device (wlp3s0): Activation: (wifi) access point 'OpenWrt' has security, but secrets are required.
 7月 12 04:23:22.442256 macbookair2015 NetworkManager[827]: <info>  [1783797802.4422] device (wlp3s0): state change: config -> need-auth (reason 'none', managed-type: 'full')
 7月 12 04:23:22.443471 macbookair2015 NetworkManager[827]: <info>  [1783797802.4434] device (wlp3s0): state change: need-auth -> prepare (reason 'none', managed-type: 'full')
 7月 12 04:23:22.445721 macbookair2015 NetworkManager[827]: <info>  [1783797802.4456] device (wlp3s0): state change: prepare -> config (reason 'none', managed-type: 'full')
 7月 12 04:23:22.446410 macbookair2015 NetworkManager[827]: <info>  [1783797802.4463] device (wlp3s0): Activation: (wifi) connection 'OpenWrt' has security, and secrets exist.  No new secrets needed.
 7月 12 04:23:22.446894 macbookair2015 NetworkManager[827]: <info>  [1783797802.4468] Config: added 'ssid' value 'OpenWrt'
 7月 12 04:23:22.447082 macbookair2015 NetworkManager[827]: <info>  [1783797802.4470] Config: added 'scan_ssid' value '1'
 7月 12 04:23:22.447234 macbookair2015 NetworkManager[827]: <info>  [1783797802.4472] Config: added 'bgscan' value 'simple:30:-70:86400'
 7月 12 04:23:22.447394 macbookair2015 NetworkManager[827]: <info>  [1783797802.4473] Config: added 'key_mgmt' value 'WPA-PSK'
 7月 12 04:23:22.447530 macbookair2015 NetworkManager[827]: <info>  [1783797802.4475] Config: added 'psk' value '<hidden>'
 7月 12 04:23:22.447694 macbookair2015 NetworkManager[827]: <info>  [1783797802.4476] Config: added 'ieee80211w' value '0'
 7月 12 04:23:22.468900 macbookair2015 wpa_supplicant[829]: wlp3s0: Trying to associate with d8:ec:5e:f8:c4:8b (SSID='OpenWrt' freq=5680 MHz)
 7月 12 04:23:22.476000 macbookair2015 NetworkManager[827]: <info>  [1783797802.4759] device (wlp3s0): supplicant interface state: disconnected -> associating
 7月 12 04:23:22.613521 macbookair2015 wpa_supplicant[829]: wlp3s0: Associated with d8:ec:5e:f8:c4:8b
 7月 12 04:23:22.613559 macbookair2015 wpa_supplicant[829]: wlp3s0: CTRL-EVENT-SUBNET-STATUS-UPDATE status=0
 7月 12 04:23:22.613660 macbookair2015 wpa_supplicant[829]: wlp3s0: CTRL-EVENT-REGDOM-CHANGE init=COUNTRY_IE type=COUNTRY alpha2=JP
 7月 12 04:23:22.619312 macbookair2015 NetworkManager[827]: <info>  [1783797802.6192] device (wlp3s0): supplicant interface state: associating -> 4way_handshake
 7月 12 04:23:22.620650 macbookair2015 wpa_supplicant[829]: wlp3s0: WPA: Key negotiation completed with d8:ec:5e:f8:c4:8b [PTK=CCMP GTK=CCMP]
 7月 12 04:23:22.620682 macbookair2015 wpa_supplicant[829]: wlp3s0: CTRL-EVENT-CONNECTED - Connection to d8:ec:5e:f8:c4:8b completed [id=0 id_str=]
 7月 12 04:23:22.620924 macbookair2015 wpa_supplicant[829]: bgscan simple: Failed to enable signal strength monitoring
 7月 12 04:23:22.626165 macbookair2015 NetworkManager[827]: <info>  [1783797802.6261] device (wlp3s0): supplicant interface state: 4way_handshake -> completed
 7月 12 04:23:22.626193 macbookair2015 NetworkManager[827]: <info>  [1783797802.6261] device (wlp3s0): Activation: (wifi) Stage 2 of 5 (Device Configure) successful. Connected to wireless network "OpenWrt"
 7月 12 04:23:22.626410 macbookair2015 NetworkManager[827]: <info>  [1783797802.6263] device (wlp3s0): state change: config -> ip-config (reason 'none', managed-type: 'full')
 7月 12 04:23:22.627380 macbookair2015 NetworkManager[827]: <info>  [1783797802.6273] dhcp4 (wlp3s0): activation: beginning transaction (timeout in 45 seconds)
 7月 12 04:23:22.630862 macbookair2015 avahi-daemon[737]: Joining mDNS multicast group on interface wlp3s0.IPv6 with address fe80::2e29:a8c5:f098:a429.
 7月 12 04:23:22.631029 macbookair2015 avahi-daemon[737]: New relevant interface wlp3s0.IPv6 for mDNS.
 7月 12 04:23:22.631061 macbookair2015 avahi-daemon[737]: Registering new address record for fe80::2e29:a8c5:f098:a429 on wlp3s0.*.
 7月 12 04:23:22.633631 macbookair2015 NetworkManager[827]: <info>  [1783797802.6335] dhcp4 (wlp3s0): state changed new lease, address=192.168.33.145, acd pending
 7月 12 04:23:22.791769 macbookair2015 NetworkManager[827]: <info>  [1783797802.7917] dhcp4 (wlp3s0): state changed new lease, address=192.168.33.145
 7月 12 04:23:22.792402 macbookair2015 avahi-daemon[737]: Joining mDNS multicast group on interface wlp3s0.IPv4 with address 192.168.33.145.
 7月 12 04:23:22.792494 macbookair2015 avahi-daemon[737]: New relevant interface wlp3s0.IPv4 for mDNS.
 7月 12 04:23:22.792544 macbookair2015 avahi-daemon[737]: Registering new address record for 192.168.33.145 on wlp3s0.IPv4.
 7月 12 04:23:22.793092 macbookair2015 NetworkManager[827]: <info>  [1783797802.7930] policy: set 'OpenWrt' (wlp3s0) as default for IPv4 routing and DNS
 7月 12 04:23:22.798398 macbookair2015 com.discordapp.Discord.desktop[32108]: 04:23:22.798 › [GatewaySocket] Connection has reset backoff for reason: network detected online.
 7月 12 04:23:22.799593 macbookair2015 com.discordapp.Discord.desktop[32108]: 04:23:22.799 › [GatewaySocket] Setting connection state to CONNECTING
 7月 12 04:23:22.800039 macbookair2015 com.discordapp.Discord.desktop[32108]: 04:23:22.799 › [GatewaySocket] [CONNECT] wss://gateway.discord.gg, encoding: etf, version: 9, compression: zstd-stream
 7月 12 04:23:22.804864 macbookair2015 com.discordapp.Discord.desktop[32108]: 04:23:22.804 › [GatewaySocket] Setting connection state to WILL_RECONNECT
 7月 12 04:23:22.805106 macbookair2015 com.discordapp.Discord.desktop[32108]: 04:23:22.805 › [GatewaySocket] [WS CLOSED] (false, 0, An error with the websocket occurred) retrying in 2.56 seconds.
 7月 12 04:23:22.825816 macbookair2015 NetworkManager[827]: <info>  [1783797802.8257] device (wlp3s0): state change: ip-config -> ip-check (reason 'none', managed-type: 'full')
 7月 12 04:23:22.826090 macbookair2015 dbus-daemon[741]: [system] Activating via systemd: service name='org.freedesktop.nm_dispatcher' unit='dbus-org.freedesktop.nm-dispatcher.service' requested by ':1.12' (uid=0 pid=827 comm="/usr/sbin/NetworkManager --no-daemon")
 7月 12 04:23:22.830750 macbookair2015 systemd[1]: Starting NetworkManager-dispatcher.service - Network Manager Script Dispatcher Service...
 7月 12 04:23:22.880532 macbookair2015 dbus-daemon[741]: [system] Successfully activated service 'org.freedesktop.nm_dispatcher'
 7月 12 04:23:22.880795 macbookair2015 systemd[1]: Started NetworkManager-dispatcher.service - Network Manager Script Dispatcher Service.
 7月 12 04:23:22.881965 macbookair2015 NetworkManager[827]: <info>  [1783797802.8819] device (wlp3s0): state change: ip-check -> secondaries (reason 'none', managed-type: 'full')
 7月 12 04:23:22.882152 macbookair2015 NetworkManager[827]: <info>  [1783797802.8821] device (wlp3s0): state change: secondaries -> activated (reason 'none', managed-type: 'full')
 7月 12 04:23:22.882610 macbookair2015 NetworkManager[827]: <info>  [1783797802.8825] manager: NetworkManager state is now CONNECTED_SITE
 7月 12 04:23:22.883130 macbookair2015 NetworkManager[827]: <info>  [1783797802.8831] device (wlp3s0): Activation: successful, device activated.
 7月 12 04:23:22.883759 macbookair2015 NetworkManager[827]: <info>  [1783797802.8837] manager: NetworkManager state is now CONNECTED_GLOBAL
 7月 12 04:23:23.277731 macbookair2015 systemd[1]: systemd-rfkill.service: Deactivated successfully.
 7月 12 04:23:24.346316 macbookair2015 NetworkManager[827]: <info>  [1783797804.3462] dhcp6 (wlp3s0): activation: beginning transaction (timeout in 45 seconds)
 7月 12 04:23:24.368042 macbookair2015 NetworkManager[827]: <info>  [1783797804.3679] dhcp6 (wlp3s0): state changed new lease, address=fd9d:4bbd:50df::458
 7月 12 04:23:24.370006 macbookair2015 avahi-daemon[737]: Leaving mDNS multicast group on interface wlp3s0.IPv6 with address fe80::2e29:a8c5:f098:a429.
 7月 12 04:23:24.370992 macbookair2015 avahi-daemon[737]: Joining mDNS multicast group on interface wlp3s0.IPv6 with address fd9d:4bbd:50df::458.
 7月 12 04:23:24.371090 macbookair2015 avahi-daemon[737]: Registering new address record for fd9d:4bbd:50df::458 on wlp3s0.*.
 7月 12 04:23:24.371221 macbookair2015 avahi-daemon[737]: Withdrawing address record for fe80::2e29:a8c5:f098:a429 on wlp3s0.
 7月 12 04:23:25.366655 macbookair2015 com.discordapp.Discord.desktop[32108]: 04:23:25.366 › [GatewaySocket] Setting connection state to CONNECTING
 7月 12 04:23:25.367990 macbookair2015 com.discordapp.Discord.desktop[32108]: 04:23:25.366 › [GatewaySocket] [CONNECT] wss://gateway.discord.gg, encoding: etf, version: 9, compression: zstd-stream
 7月 12 04:23:25.744927 macbookair2015 com.discordapp.Discord.desktop[32108]: 04:23:25.744 › [GatewaySocket] [CONNECTED] wss://gateway.discord.gg/?encoding=etf&v=9&compress=zstd-stream in 378 ms
 7月 12 04:23:25.745410 macbookair2015 com.discordapp.Discord.desktop[32108]: 04:23:25.745 › [ConnectionStore] handleIdentify called [object Object]
 7月 12 04:23:25.745850 macbookair2015 com.discordapp.Discord.desktop[32108]: 04:23:25.745 › [GatewaySocket] Setting connection state to IDENTIFYING
 7月 12 04:23:25.746197 macbookair2015 com.discordapp.Discord.desktop[32108]: 04:23:25.746 › [GatewaySocket] [IDENTIFY]
 7月 12 04:23:25.750789 macbookair2015 com.discordapp.Discord.desktop[32108]: 04:23:25.750 › [GatewaySocket] [HELLO] via
 7月 12 04:23:25.750789 macbookair2015 com.discordapp.Discord.desktop[32108]: gateway-prd-arm-us-east1-d-6psd: 0, heartbeat interval: 41250, took 384 ms
 7月 12 04:23:25.844433 macbookair2015 sshd-session[85678]: Accepted publickey for miminashi from 192.168.33.215 port 60142 ssh2: ED25519 SHA256:P99tkH7UvDa3xACn+ZXK9hD+rUnxN6WMlG1U9Hjf+6c
 7月 12 04:23:25.846242 macbookair2015 sshd-session[85678]: pam_unix(sshd:session): session opened for user miminashi(uid=1000) by miminashi(uid=0)
 7月 12 04:23:25.851944 macbookair2015 systemd-logind[768]: New session 1306 of user miminashi.
 7月 12 04:23:25.887979 macbookair2015 systemd[1]: Started session-1306.scope - Session 1306 of User miminashi.
 7月 12 04:23:25.961214 macbookair2015 sshd-session[85687]: Received disconnect from 192.168.33.215 port 60142:11: disconnected by user
 7月 12 04:23:25.961564 macbookair2015 sshd-session[85687]: Disconnected from user miminashi 192.168.33.215 port 60142
 7月 12 04:23:25.962599 macbookair2015 sshd-session[85678]: pam_unix(sshd:session): session closed for user miminashi
 7月 12 04:23:25.966365 macbookair2015 systemd[1]: session-1306.scope: Deactivated successfully.
 7月 12 04:23:25.969254 macbookair2015 systemd-logind[768]: Session 1306 logged out. Waiting for processes to exit.
 7月 12 04:23:25.971438 macbookair2015 systemd-logind[768]: Removed session 1306.
 7月 12 04:23:28.757711 macbookair2015 com.discordapp.Discord.desktop[32108]: 04:23:28.756 › [GatewaySocket] [READY] took 3384ms, as 3c95c9a567e1110e98cbd1fadf0830a0
 7月 12 04:23:28.757711 macbookair2015 com.discordapp.Discord.desktop[32108]: 04:23:28.756 › [GatewaySocket]
 7月 12 04:23:28.757711 macbookair2015 com.discordapp.Discord.desktop[32108]: gateway-prd-arm-us-east1-d-6psd: 1952.575
 7月 12 04:23:28.757711 macbookair2015 com.discordapp.Discord.desktop[32108]: |  id_created: 0.53
 7月 12 04:23:28.757711 macbookair2015 com.discordapp.Discord.desktop[32108]: |  session_lookup_time: 2.093
 7月 12 04:23:28.757711 macbookair2015 com.discordapp.Discord.desktop[32108]: |  session_lookup_finished: 0.015
 7月 12 04:23:28.757711 macbookair2015 com.discordapp.Discord.desktop[32108]: |  sessions-prd-gcp-us-east1-d-80: 1941.321
 7月 12 04:23:28.757711 macbookair2015 com.discordapp.Discord.desktop[32108]: |  |  start_session: 1891.045
 7月 12 04:23:28.757711 macbookair2015 com.discordapp.Discord.desktop[32108]: |  |  |  prd-rpc-757b5c77bc-hpwqf: 1792.22
 7月 12 04:23:28.757711 macbookair2015 com.discordapp.Discord.desktop[32108]: |  |  |  |  get_user: 8.489
 7月 12 04:23:28.757711 macbookair2015 com.discordapp.Discord.desktop[32108]: |  |  |  |  get_guilds: 1684.038
 7月 12 04:23:28.757711 macbookair2015 com.discordapp.Discord.desktop[32108]: |  |  |  |  user_settings_proto: 0.07
 7月 12 04:23:28.757711 macbookair2015 com.discordapp.Discord.desktop[32108]: |  |  |  |  relationships: 74.807
 7月 12 04:23:28.757711 macbookair2015 com.discordapp.Discord.desktop[32108]: |  |  |  |  game_relationships: 0.005
 7月 12 04:23:28.757711 macbookair2015 com.discordapp.Discord.desktop[32108]: |  |  |  |  friend_suggestion: 0.04
 7月 12 04:23:28.757711 macbookair2015 com.discordapp.Discord.desktop[32108]: |  |  |  |  connections: 0.014
 7月 12 04:23:28.757711 macbookair2015 com.discordapp.Discord.desktop[32108]: |  |  |  |  serialized_read_states: 0.005
 7月 12 04:23:28.757711 macbookair2015 com.discordapp.Discord.desktop[32108]: |  |  |  |  send_scheduled_deletion_message: 0.004
 7月 12 04:23:28.757711 macbookair2015 com.discordapp.Discord.desktop[32108]: |  |  |  |  sanitize_premium_perks: 0.003
 7月 12 04:23:28.757711 macbookair2015 com.discordapp.Discord.desktop[32108]: |  |  |  |  guild_join_requests: 0.003
 7月 12 04:23:28.757711 macbookair2015 com.discordapp.Discord.desktop[32108]: |  |  |  |  user_guild_settings: 0.003
 7月 12 04:23:28.757711 macbookair2015 com.discordapp.Discord.desktop[32108]: |  |  |  |  serialized_private_channels: 0.002
 7月 12 04:23:28.757711 macbookair2015 com.discordapp.Discord.desktop[32108]: |  |  |  |  user_segments: 3.006
 7月 12 04:23:28.757711 macbookair2015 com.discordapp.Discord.desktop[32108]: |  |  |  |  blocker_ids: 0.005
 7月 12 04:23:28.757711 macbookair2015 com.discordapp.Discord.desktop[32108]: |  |  |  |  affine_user_ids: 0.013
 7月 12 04:23:28.757711 macbookair2015 com.discordapp.Discord.desktop[32108]: |  |  |  |  experiments: 4.15
 7月 12 04:23:28.757711 macbookair2015 com.discordapp.Discord.desktop[32108]: |  |  |  |  required_action: 0.013
 7月 12 04:23:28.757711 macbookair2015 com.discordapp.Discord.desktop[32108]: |  |  |  |  authorized_ip_coro: 0.004
 7月 12 04:23:28.757711 macbookair2015 com.discordapp.Discord.desktop[32108]: |  |  |  |  pending_payments: 4.143
 7月 12 04:23:28.757711 macbookair2015 com.discordapp.Discord.desktop[32108]: |  |  |  |  apex_experiments: 72.985
 7月 12 04:23:28.757711 macbookair2015 com.discordapp.Discord.desktop[32108]: |  |  |  |  sessions_experiments: 0.007
 7月 12 04:23:28.757711 macbookair2015 com.discordapp.Discord.desktop[32108]: |  |  |  |  played_application_ids: 0.003
 7月 12 04:23:28.757711 macbookair2015 com.discordapp.Discord.desktop[32108]: |  |  |  |  linked_users: 0.003
 7月 12 04:23:28.757711 macbookair2015 com.discordapp.Discord.desktop[32108]: |  |  |  |  ad_personalization_toggles_disabled: 1.004
 7月 12 04:23:28.757711 macbookair2015 com.discordapp.Discord.desktop[32108]: |  |  |  |  regional_feature_config: 0.004
 7月 12 04:23:28.757711 macbookair2015 com.discordapp.Discord.desktop[32108]: |  |  starting_guild_connect: 0.07
 7月 12 04:23:28.757711 macbookair2015 com.discordapp.Discord.desktop[32108]: |  |  lobbies_started: 0.001
 7月 12 04:23:28.757711 macbookair2015 com.discordapp.Discord.desktop[32108]: |  |  presence_started: 6.544
 7月 12 04:23:28.757711 macbookair2015 com.discordapp.Discord.desktop[32108]: |  |  guilds_started: 1.55
 7月 12 04:23:28.757711 macbookair2015 com.discordapp.Discord.desktop[32108]: |  |  guilds_connect: 38.061
 7月 12 04:23:28.757711 macbookair2015 com.discordapp.Discord.desktop[32108]: |  |  presence_connect: 6.929
 7月 12 04:23:28.757711 macbookair2015 com.discordapp.Discord.desktop[32108]: |  |  connect_finished: 38.89
 7月 12 04:23:28.757711 macbookair2015 com.discordapp.Discord.desktop[32108]: |  |  build_ready: 0.938
 7月 12 04:23:28.757711 macbookair2015 com.discordapp.Discord.desktop[32108]: |  |  clean_ready: 0.001
 7月 12 04:23:28.757711 macbookair2015 com.discordapp.Discord.desktop[32108]: |  |  optimize_ready: 2.162
 7月 12 04:23:28.757711 macbookair2015 com.discordapp.Discord.desktop[32108]: |  |  split_ready: 0.111
 7月 12 04:23:28.757711 macbookair2015 com.discordapp.Discord.desktop[32108]: 04:23:28.757 › [GatewaySocket] Setting connection state to SESSION_ESTABLISHED
 7月 12 04:23:28.757711 macbookair2015 com.discordapp.Discord.desktop[32108]: 04:23:28.757 › [GatewaySocket] Updating resume url to wss://gateway-us-east1-d.discord.gg
 7月 12 04:23:28.872757 macbookair2015 com.discordapp.Discord.desktop[32108]: 04:23:28.872 › [Flux] Dispatching CONNECTION_OPEN
 7月 12 04:23:28.873657 macbookair2015 com.discordapp.Discord.desktop[32108]: 04:23:28.873 › [AuthenticationStore] handleConnectionOpen called [object Object]
 7月 12 04:23:28.875828 macbookair2015 com.discordapp.Discord.desktop[32108]: 04:23:28.875 › [DatabaseManager] removing database (user: 503101760974487562, database: null)
 7月 12 04:23:28.876780 macbookair2015 com.discordapp.Discord.desktop[32108]: 04:23:28.876 › [DatabaseManager] added database (503101760974487562 → null)
 7月 12 04:23:28.925002 macbookair2015 com.discordapp.Discord.desktop[32108]: 04:23:28.924 › [NativeDispatchUtils] Tried getting Dispatch instance before instantiated
 7月 12 04:23:29.101919 macbookair2015 com.discordapp.Discord.desktop[32108]: 04:23:29.101 › [MessageActionCreators] Fetching messages for 1508294183478362202 between undefined and undefined. jump={"jumpType":"ANIMATED"}
 7月 12 04:23:29.103659 macbookair2015 com.discordapp.Discord.desktop[32108]: 04:23:29.103 › [Flux] Slow dispatch on CONNECTION_OPEN: 231.2000000011176ms
 7月 12 04:23:29.333568 macbookair2015 com.discordapp.Discord.desktop[32108]: 04:23:29.333 › [GatewaySocket] [READY_SUPPLEMENTAL] took 3966ms
 7月 12 04:23:29.334124 macbookair2015 com.discordapp.Discord.desktop[32108]: 04:23:29.333 › [GatewaySocket] Setting connection state to SESSION_ESTABLISHED
 7月 12 04:23:29.535311 macbookair2015 com.discordapp.Discord.desktop[32108]: 04:23:29.534 › [MessageActionCreators] Fetched 10 messages for 1508294183478362202 isBefore:false isAfter:false
 7月 12 04:23:29.538934 macbookair2015 com.discordapp.Discord.desktop[32108]: 04:23:29.538 › [ChannelMessages] loadComplete: resetting state for channelId=1508294183478362202, sending.length=0
 7月 12 04:23:31.402540 macbookair2015 com.discordapp.Discord.desktop[32108]: mainScreen.UpdaterEvents: CHECK_FOR_UPDATES UPDATE_NOT_AVAILABLE
 7月 12 04:23:32.891738 macbookair2015 systemd[1]: NetworkManager-dispatcher.service: Deactivated successfully.
 7月 12 04:23:34.081985 macbookair2015 sshd-session[85771]: Accepted publickey for miminashi from 192.168.33.215 port 60146 ssh2: ED25519 SHA256:P99tkH7UvDa3xACn+ZXK9hD+rUnxN6WMlG1U9Hjf+6c
 7月 12 04:23:34.083646 macbookair2015 sshd-session[85771]: pam_unix(sshd:session): session opened for user miminashi(uid=1000) by miminashi(uid=0)
 7月 12 04:23:34.089384 macbookair2015 systemd-logind[768]: New session 1307 of user miminashi.
 7月 12 04:23:34.107977 macbookair2015 systemd[1]: Started session-1307.scope - Session 1307 of User miminashi.
 7月 12 04:23:34.178370 macbookair2015 sshd-session[85780]: Received disconnect from 192.168.33.215 port 60146:11: disconnected by user
 7月 12 04:23:34.178600 macbookair2015 sshd-session[85780]: Disconnected from user miminashi 192.168.33.215 port 60146
 7月 12 04:23:34.179469 macbookair2015 sshd-session[85771]: pam_unix(sshd:session): session closed for user miminashi
 7月 12 04:23:34.183385 macbookair2015 systemd[1]: session-1307.scope: Deactivated successfully.
 7月 12 04:23:34.185154 macbookair2015 systemd-logind[768]: Session 1307 logged out. Waiting for processes to exit.
 7月 12 04:23:34.187297 macbookair2015 systemd-logind[768]: Removed session 1307.
 7月 12 04:23:39.226045 macbookair2015 com.discordapp.Discord.desktop[32108]: 04:23:39.225 › The resource https://discord.com/assets/189422196a4f8b53.woff2 was preloaded using link preload but not used within a few seconds from the window's load event. Please make sure it has an appropriate `as` value and it is preloaded intentionally.
 7月 12 04:23:39.226790 macbookair2015 com.discordapp.Discord.desktop[32108]: 04:23:39.226 › The resource https://discord.com/assets/ce3b8055f5114434.woff2 was preloaded using link preload but not used within a few seconds from the window's load event. Please make sure it has an appropriate `as` value and it is preloaded intentionally.
 7月 12 04:23:39.227036 macbookair2015 com.discordapp.Discord.desktop[32108]: 04:23:39.226 › The resource https://discord.com/assets/cb2006dbced0e246.woff2 was preloaded using link preload but not used within a few seconds from the window's load event. Please make sure it has an appropriate `as` value and it is preloaded intentionally.
 7月 12 04:23:39.227375 macbookair2015 com.discordapp.Discord.desktop[32108]: 04:23:39.227 › The resource https://discord.com/assets/7a6a566c2e88a35d.woff2 was preloaded using link preload but not used within a few seconds from the window's load event. Please make sure it has an appropriate `as` value and it is preloaded intentionally.
 7月 12 04:23:39.227731 macbookair2015 com.discordapp.Discord.desktop[32108]: 04:23:39.227 › The resource https://discord.com/assets/e52f0cba712e2fb4.woff2 was preloaded using link preload but not used within a few seconds from the window's load event. Please make sure it has an appropriate `as` value and it is preloaded intentionally.
 7月 12 04:23:39.227991 macbookair2015 com.discordapp.Discord.desktop[32108]: 04:23:39.227 › The resource https://discord.com/assets/dd24010f3cf7def7.woff2 was preloaded using link preload but not used within a few seconds from the window's load event. Please make sure it has an appropriate `as` value and it is preloaded intentionally.
 7月 12 04:23:41.568456 macbookair2015 sshd-session[85851]: Accepted publickey for miminashi from 192.168.33.215 port 47532 ssh2: ED25519 SHA256:P99tkH7UvDa3xACn+ZXK9hD+rUnxN6WMlG1U9Hjf+6c
 7月 12 04:23:41.569904 macbookair2015 sshd-session[85851]: pam_unix(sshd:session): session opened for user miminashi(uid=1000) by miminashi(uid=0)
 7月 12 04:23:41.574495 macbookair2015 systemd-logind[768]: New session 1308 of user miminashi.
 7月 12 04:23:41.611982 macbookair2015 systemd[1]: Started session-1308.scope - Session 1308 of User miminashi.
